{"type":"FeatureCollection","name":"HIDROVIAS","features":[{"type":"Feature","properties":{"folders":"vw_snv_aqa","altitude":0.0,"CD_UF":"13","NM_UF":"Amazonas","SIGLA_UF":"AM","NM_REGIAO":"Norte","AREA_KM2":1559255.881,"extensao":0.1,"NOME":"Rio Branco","CODIGO":"HF-130","BACIA":"Amazônica","TRECHO":"Da foz, no rio Negro, formador do rio Amazonas, ate a confluencia dos rios Uraricoera e Tacutu."},"geometry":{"type":"MultiLineString","coordinates":[[[-61.849914,-1.401525],[-61.849905,-1.400781]]]}},{"type":"Feature","properties":{"folders":"vw_snv_aqa","altitude":0.0,"CD_UF":"13","NM_UF":"Amazonas","SIGLA_UF":"AM","NM_REGIAO":"Norte","AREA_KM2":1559255.881,"extensao":389.7,"NOME":"Rio Tarauacá","CODIGO":"HF-144","BACIA":"Amazônica","TRECHO":"Da foz, no Rio Jurua, afluente do Rio Solimoes, ate a cidade de Tarauaca (AC)."},"geometry":{"type":"MultiLineString","coordinates":[[[-70.068079,-7.494718],[-70.070142,-7.497742],[-70.073088,-7.500311],[-70.074449,-7.500797],[-70.076,-7.500964],[-70.077284,-7.500535],[-70.077944,-7.499579],[-70.078052,-7.49862],[-70.077789,-7.497793],[-70.077128,-7.49707],[-70.075648,-7.496371],[-70.07477,-7.495959],[-70.073455,-7.495344],[-70.07239,-7.494699],[-70.071285,-7.494031],[-70.070249,-7.493185],[-70.069715,-7.492241],[-70.069655,-7.491369],[-70.069593,-7.490457],[-70.069599,-7.489323],[-70.070156,-7.488609],[-70.071212,-7.488248],[-70.073892,-7.488234],[-70.076333,-7.487978],[-70.078083,-7.486974],[-70.079398,-7.485165],[-70.080103,-7.480853],[-70.080906,-7.478772],[-70.082011,-7.478396],[-70.083294,-7.478355],[-70.084605,-7.479018],[-70.086316,-7.482318],[-70.087292,-7.486082],[-70.088285,-7.487709],[-70.089374,-7.488806],[-70.090724,-7.489741],[-70.092363,-7.48965],[-70.093948,-7.489271],[-70.094931,-7.488201],[-70.094956,-7.487076],[-70.094022,-7.482646],[-70.094364,-7.480687],[-70.094885,-7.479755],[-70.096289,-7.479161],[-70.098228,-7.478878],[-70.099655,-7.479036],[-70.100733,-7.479787],[-70.101132,-7.480964],[-70.101226,-7.482527],[-70.099799,-7.487792],[-70.099606,-7.490392],[-70.100075,-7.491579],[-70.100833,-7.492369],[-70.101751,-7.492921],[-70.102671,-7.493105],[-70.103975,-7.492642],[-70.108293,-7.489815],[-70.111238,-7.488035],[-70.115115,-7.486577],[-70.118498,-7.486093],[-70.12097,-7.486333],[-70.12251,-7.487201],[-70.123374,-7.488528],[-70.123497,-7.489602],[-70.123212,-7.490777],[-70.122193,-7.491751],[-70.114081,-7.494479],[-70.112884,-7.495388],[-70.112465,-7.496882],[-70.112962,-7.498326],[-70.113872,-7.498889],[-70.115023,-7.498872],[-70.118194,-7.497279],[-70.119721,-7.496958],[-70.121783,-7.496724],[-70.128618,-7.497157],[-70.130519,-7.497271],[-70.131929,-7.498198],[-70.133086,-7.499913],[-70.134054,-7.502547],[-70.135178,-7.503603],[-70.135941,-7.503995],[-70.137235,-7.504332],[-70.138503,-7.50376],[-70.140179,-7.501725],[-70.141587,-7.500767],[-70.143369,-7.499831],[-70.144695,-7.499819],[-70.145973,-7.500425],[-70.147849,-7.50249],[-70.1495,-7.50441],[-70.151244,-7.505084],[-70.153073,-7.505225],[-70.154812,-7.504275],[-70.155276,-7.502924],[-70.155084,-7.501652],[-70.152838,-7.497714],[-70.152936,-7.49501],[-70.153878,-7.493511],[-70.155887,-7.492923],[-70.161682,-7.49205],[-70.162924,-7.49119],[-70.163962,-7.489953],[-70.165392,-7.48479],[-70.166163,-7.483244],[-70.167638,-7.481932],[-70.169311,-7.481751],[-70.171361,-7.481791],[-70.173357,-7.483064],[-70.175301,-7.484655],[-70.176641,-7.487129],[-70.177134,-7.48872],[-70.176911,-7.490099],[-70.175407,-7.492112],[-70.173044,-7.49392],[-70.170543,-7.494965],[-70.168071,-7.496361],[-70.16653,-7.498226],[-70.165912,-7.500608],[-70.166709,-7.502125],[-70.168227,-7.503175],[-70.169465,-7.503251],[-70.171098,-7.502592],[-70.173418,-7.499993],[-70.175717,-7.498016],[-70.178715,-7.495877],[-70.182216,-7.494941],[-70.185466,-7.494621],[-70.187052,-7.494794],[-70.187864,-7.495515],[-70.188883,-7.497051],[-70.189069,-7.499745],[-70.188401,-7.504413],[-70.188183,-7.507805],[-70.18874,-7.509931],[-70.189606,-7.511329],[-70.19108,-7.511941],[-70.194092,-7.512111],[-70.195011,-7.511887],[-70.196294,-7.510687],[-70.197285,-7.509029],[-70.197354,-7.503887],[-70.197898,-7.502525],[-70.198963,-7.501425],[-70.200399,-7.500496],[-70.202224,-7.500053],[-70.204148,-7.500368],[-70.205875,-7.501265],[-70.207032,-7.50253],[-70.207589,-7.503918],[-70.207021,-7.508983],[-70.207101,-7.512459],[-70.207819,-7.514054],[-70.209443,-7.515314],[-70.211407,-7.515936],[-70.21397,-7.515778],[-70.216501,-7.514772],[-70.218453,-7.513629],[-70.219417,-7.512384],[-70.219669,-7.510477],[-70.219035,-7.507652],[-70.218924,-7.504629],[-70.219411,-7.502954],[-70.220713,-7.50121],[-70.222471,-7.499802],[-70.224482,-7.498689],[-70.229079,-7.497684],[-70.231119,-7.497548],[-70.232401,-7.498201],[-70.233198,-7.498984],[-70.233643,-7.500359],[-70.23296,-7.502323],[-70.231275,-7.504154],[-70.229628,-7.506293],[-70.227263,-7.51051],[-70.225569,-7.51381],[-70.224458,-7.515154],[-70.22348,-7.516588],[-70.22301,-7.518612],[-70.223888,-7.520518],[-70.225083,-7.521879],[-70.226373,-7.522052],[-70.227978,-7.521365],[-70.22939,-7.520115],[-70.230471,-7.518771],[-70.231235,-7.516998],[-70.232309,-7.513438],[-70.23328,-7.511913],[-70.234514,-7.510885],[-70.235847,-7.510164],[-70.237083,-7.510076],[-70.238642,-7.510317],[-70.239649,-7.510911],[-70.24062,-7.512009],[-70.241083,-7.512942],[-70.241241,-7.513961],[-70.241451,-7.515307],[-70.241661,-7.516661],[-70.241856,-7.517915],[-70.242455,-7.519064],[-70.243085,-7.520275],[-70.243894,-7.521068],[-70.244851,-7.521565],[-70.245605,-7.522029],[-70.246733,-7.522385],[-70.24744,-7.522363],[-70.247993,-7.521885],[-70.24827,-7.521264],[-70.248164,-7.520406],[-70.247156,-7.518995],[-70.245039,-7.516639],[-70.244411,-7.515233],[-70.244454,-7.513915],[-70.244769,-7.512799],[-70.245162,-7.512194],[-70.245872,-7.511698],[-70.246673,-7.511632],[-70.247819,-7.511835],[-70.249183,-7.512534],[-70.251755,-7.515085],[-70.253745,-7.516296],[-70.255388,-7.516627],[-70.257052,-7.516433],[-70.258259,-7.515734],[-70.25928,-7.514642],[-70.260899,-7.510749],[-70.261547,-7.509845],[-70.262113,-7.50934],[-70.262703,-7.509079],[-70.265218,-7.508974],[-70.26592,-7.509277],[-70.266285,-7.509746],[-70.266356,-7.510532],[-70.266174,-7.511229],[-70.265798,-7.511952],[-70.262668,-7.516203],[-70.262122,-7.51732],[-70.262127,-7.518184],[-70.262653,-7.519136],[-70.263432,-7.519797],[-70.26728,-7.5213],[-70.268582,-7.522101],[-70.269489,-7.52304],[-70.270336,-7.524161],[-70.271159,-7.525373],[-70.271812,-7.526336],[-70.272841,-7.527851],[-70.273322,-7.528271],[-70.273971,-7.528541],[-70.274802,-7.528446],[-70.27553,-7.527924],[-70.276026,-7.526998],[-70.276348,-7.52561],[-70.276925,-7.523614],[-70.277648,-7.522505],[-70.278467,-7.521669],[-70.279916,-7.520706],[-70.281057,-7.520293],[-70.282841,-7.519807],[-70.284622,-7.519321],[-70.286768,-7.518736],[-70.288574,-7.518243],[-70.289637,-7.518206],[-70.290462,-7.518391],[-70.291122,-7.518804],[-70.291488,-7.519711],[-70.291443,-7.520655],[-70.290477,-7.522534],[-70.289365,-7.524017],[-70.288797,-7.525826],[-70.288734,-7.527839],[-70.289216,-7.529188],[-70.290307,-7.530374],[-70.291192,-7.530589],[-70.292369,-7.530381],[-70.295057,-7.52939],[-70.297101,-7.528471],[-70.298456,-7.528596],[-70.299843,-7.529304],[-70.300748,-7.53013],[-70.301011,-7.531323],[-70.300776,-7.53345],[-70.300741,-7.536052],[-70.301401,-7.537588],[-70.302557,-7.538686],[-70.303657,-7.539362],[-70.304916,-7.539332],[-70.306445,-7.53884],[-70.30771,-7.537625],[-70.308286,-7.536199],[-70.308884,-7.532746],[-70.309249,-7.531639],[-70.310073,-7.531037],[-70.312375,-7.530441],[-70.313415,-7.530455],[-70.315003,-7.530782],[-70.316829,-7.53101],[-70.320135,-7.531118],[-70.322498,-7.531918],[-70.323977,-7.532841],[-70.324946,-7.533988],[-70.325744,-7.535457],[-70.326064,-7.539176],[-70.326798,-7.540544],[-70.327815,-7.541629],[-70.32929,-7.542392],[-70.331194,-7.542301],[-70.335012,-7.541198],[-70.336727,-7.541127],[-70.339188,-7.541997],[-70.341826,-7.543469],[-70.3427,-7.544531],[-70.342713,-7.546418],[-70.341918,-7.547977],[-70.340604,-7.5485],[-70.339762,-7.54853],[-70.338564,-7.548216],[-70.336729,-7.546509],[-70.33528,-7.544992],[-70.333716,-7.544197],[-70.332565,-7.543893],[-70.331262,-7.544096],[-70.330188,-7.54519],[-70.32918,-7.546925],[-70.328762,-7.548689],[-70.328905,-7.550329],[-70.329398,-7.551407],[-70.330038,-7.552379],[-70.331542,-7.553407],[-70.33293,-7.554009],[-70.336928,-7.554581],[-70.338374,-7.555567],[-70.340178,-7.557103],[-70.341926,-7.558523],[-70.343415,-7.558911],[-70.345301,-7.558399],[-70.347047,-7.557281],[-70.348442,-7.556918],[-70.349867,-7.557172],[-70.351009,-7.558018],[-70.351921,-7.55958],[-70.354187,-7.564047],[-70.355597,-7.564991],[-70.357243,-7.565402],[-70.358619,-7.56515],[-70.36058,-7.564243],[-70.364685,-7.562875],[-70.365766,-7.56221],[-70.366411,-7.560597],[-70.366185,-7.558772],[-70.36426,-7.555338],[-70.36426,-7.553184],[-70.364656,-7.552008],[-70.365358,-7.551633],[-70.367467,-7.551064],[-70.371227,-7.551853],[-70.375739,-7.55213],[-70.377621,-7.55307],[-70.379787,-7.55449],[-70.381819,-7.55742],[-70.383602,-7.559123],[-70.386194,-7.560111],[-70.388021,-7.560241],[-70.390591,-7.559471],[-70.393699,-7.557867],[-70.396098,-7.556462],[-70.397749,-7.55626],[-70.399746,-7.556852],[-70.401521,-7.558074],[-70.402315,-7.559113],[-70.402775,-7.560719],[-70.402628,-7.562329],[-70.402224,-7.563847],[-70.400204,-7.56651],[-70.397715,-7.56945],[-70.397025,-7.571099],[-70.396853,-7.572718],[-70.39787,-7.57494],[-70.400333,-7.577472],[-70.403318,-7.57935],[-70.405031,-7.579935],[-70.406772,-7.5797],[-70.408359,-7.578577],[-70.408813,-7.576845],[-70.409977,-7.572473],[-70.41123,-7.568871],[-70.411046,-7.566686],[-70.408233,-7.561749],[-70.40657,-7.555844],[-70.406741,-7.552945],[-70.407399,-7.551857],[-70.408176,-7.551375],[-70.409031,-7.551857],[-70.409696,-7.552687],[-70.410236,-7.556493],[-70.410648,-7.557877],[-70.411639,-7.558836],[-70.412953,-7.559286],[-70.415364,-7.558788],[-70.417719,-7.558703],[-70.419999,-7.559089],[-70.420988,-7.560103],[-70.421119,-7.561417],[-70.42036,-7.563116],[-70.417206,-7.56448],[-70.41622,-7.565425],[-70.416034,-7.566976],[-70.416605,-7.568291],[-70.419253,-7.570129],[-70.420062,-7.570908],[-70.420634,-7.571951],[-70.420539,-7.573873],[-70.419775,-7.576009],[-70.418166,-7.57785],[-70.417329,-7.579252],[-70.417663,-7.580485],[-70.418608,-7.581641],[-70.422639,-7.582084],[-70.424756,-7.582877],[-70.42872,-7.583971],[-70.430361,-7.583736],[-70.431662,-7.58284],[-70.432676,-7.581442],[-70.433231,-7.578801],[-70.433967,-7.574083],[-70.434829,-7.571918],[-70.435743,-7.570525],[-70.436294,-7.570283],[-70.437179,-7.569895],[-70.438238,-7.570222],[-70.43882,-7.570682],[-70.439284,-7.571872],[-70.440718,-7.577887],[-70.442694,-7.581501],[-70.443797,-7.585845],[-70.444625,-7.588361],[-70.445819,-7.590807],[-70.446972,-7.593025],[-70.448399,-7.593711],[-70.449882,-7.593948],[-70.451568,-7.593658],[-70.4532,-7.59295],[-70.45394,-7.591945],[-70.454353,-7.590661],[-70.454133,-7.589423],[-70.452294,-7.587485],[-70.450772,-7.585145],[-70.450308,-7.583242],[-70.450775,-7.579704],[-70.450469,-7.576711],[-70.451038,-7.575475],[-70.451722,-7.574842],[-70.45281,-7.574463],[-70.453828,-7.574485],[-70.454708,-7.57499],[-70.455664,-7.576427],[-70.45694,-7.579933],[-70.457814,-7.583391],[-70.457928,-7.585888],[-70.457401,-7.589114],[-70.455704,-7.592676],[-70.454422,-7.595173],[-70.454703,-7.597162],[-70.455264,-7.598512],[-70.456593,-7.600146],[-70.459478,-7.60257],[-70.463744,-7.605767],[-70.467598,-7.607377],[-70.469933,-7.608311],[-70.471305,-7.609292],[-70.475576,-7.613726],[-70.47954,-7.615477],[-70.480831,-7.616273],[-70.482122,-7.61871],[-70.483143,-7.620028],[-70.484153,-7.620412],[-70.485552,-7.620405],[-70.48662,-7.62008],[-70.49111,-7.618207],[-70.492721,-7.617861],[-70.494463,-7.618101],[-70.495759,-7.618742],[-70.499296,-7.62141],[-70.503179,-7.623675],[-70.504936,-7.623597],[-70.506004,-7.623078],[-70.506805,-7.621856],[-70.507074,-7.620756],[-70.506105,-7.619436],[-70.50353,-7.61676],[-70.503448,-7.615708],[-70.503654,-7.614024],[-70.504822,-7.612996],[-70.506592,-7.612838],[-70.510807,-7.615157],[-70.516443,-7.616176],[-70.51879,-7.616018],[-70.52158,-7.616286],[-70.523289,-7.61727],[-70.52437,-7.618776],[-70.524869,-7.620973],[-70.524581,-7.622748],[-70.523755,-7.624442],[-70.519937,-7.627589],[-70.51879,-7.628769],[-70.518315,-7.630708],[-70.518941,-7.633323],[-70.519901,-7.634839],[-70.521113,-7.635293],[-70.522489,-7.63485],[-70.524186,-7.633586],[-70.525821,-7.631804],[-70.530531,-7.627943],[-70.532622,-7.627249],[-70.534924,-7.627334],[-70.53658,-7.628342],[-70.537473,-7.629262],[-70.537707,-7.630792],[-70.536566,-7.633001],[-70.535887,-7.63373],[-70.535625,-7.634909],[-70.536215,-7.635493],[-70.537003,-7.635664],[-70.53792,-7.63504],[-70.539351,-7.634255],[-70.540782,-7.633789],[-70.542091,-7.633943],[-70.543513,-7.634793],[-70.544547,-7.635855],[-70.544629,-7.637744],[-70.543294,-7.642683],[-70.54338,-7.644433],[-70.544072,-7.645545],[-70.545442,-7.646772],[-70.54747,-7.647753],[-70.549356,-7.647802],[-70.551581,-7.647646],[-70.553441,-7.647003],[-70.555708,-7.646029],[-70.557462,-7.645633],[-70.558467,-7.645837],[-70.559865,-7.646643],[-70.56089,-7.647251],[-70.561615,-7.648548],[-70.561643,-7.650041],[-70.560986,-7.65196],[-70.55873,-7.653456],[-70.554234,-7.656905],[-70.551645,-7.65823],[-70.550028,-7.659501],[-70.549233,-7.661182],[-70.549343,-7.66255],[-70.550231,-7.663515],[-70.551581,-7.663767],[-70.555191,-7.662966],[-70.558001,-7.663257],[-70.559387,-7.663828],[-70.560455,-7.664962],[-70.561247,-7.666803],[-70.561308,-7.671959],[-70.561968,-7.674004],[-70.562772,-7.675704],[-70.56476,-7.677857],[-70.567159,-7.680116],[-70.570321,-7.682885],[-70.571696,-7.683186],[-70.573034,-7.683233],[-70.574156,-7.682792],[-70.575044,-7.682909],[-70.575675,-7.683582],[-70.576187,-7.68455],[-70.576422,-7.685224],[-70.576513,-7.686704],[-70.576285,-7.687662],[-70.575698,-7.688626],[-70.573382,-7.689789],[-70.569368,-7.690713],[-70.567315,-7.691697],[-70.565872,-7.692988],[-70.565271,-7.694495],[-70.56531,-7.695862],[-70.565894,-7.696729],[-70.566947,-7.697261],[-70.568257,-7.697466],[-70.569755,-7.697267],[-70.574699,-7.696439],[-70.576629,-7.696178],[-70.578199,-7.696486],[-70.579198,-7.69716],[-70.580172,-7.698087],[-70.580775,-7.699386],[-70.581286,-7.701329],[-70.5815,-7.703307],[-70.580143,-7.704461],[-70.576118,-7.703245],[-70.572741,-7.702926],[-70.570416,-7.703238],[-70.568542,-7.704085],[-70.567039,-7.705553],[-70.565921,-7.707116],[-70.565964,-7.709122],[-70.566386,-7.711065],[-70.566865,-7.711956],[-70.567923,-7.712595],[-70.569575,-7.712759],[-70.570625,-7.712547],[-70.573037,-7.710677],[-70.575151,-7.708944],[-70.576674,-7.70823],[-70.578457,-7.707826],[-70.581412,-7.707939],[-70.582431,-7.708006],[-70.584074,-7.707662],[-70.585393,-7.707895],[-70.586994,-7.709432],[-70.587847,-7.710837],[-70.587994,-7.711936],[-70.587244,-7.713104],[-70.585962,-7.713579],[-70.582646,-7.712347],[-70.581025,-7.711952],[-70.577934,-7.712238],[-70.574808,-7.713604],[-70.572745,-7.715684],[-70.571783,-7.71702],[-70.571656,-7.718435],[-70.572317,-7.719625],[-70.573451,-7.720135],[-70.575549,-7.720161],[-70.580184,-7.720448],[-70.581574,-7.720806],[-70.583063,-7.722019],[-70.583954,-7.722682],[-70.584444,-7.723657],[-70.584283,-7.724719],[-70.583859,-7.72575],[-70.581116,-7.726782],[-70.579053,-7.727727],[-70.576796,-7.729486],[-70.574969,-7.730946],[-70.574274,-7.732486],[-70.574036,-7.733855],[-70.574307,-7.734885],[-70.574833,-7.735658],[-70.575638,-7.736176],[-70.576634,-7.736355],[-70.577677,-7.736134],[-70.579241,-7.735223],[-70.581919,-7.733721],[-70.584466,-7.733307],[-70.586479,-7.733874],[-70.589509,-7.734768],[-70.590604,-7.735536],[-70.591198,-7.736863],[-70.591243,-7.738589],[-70.590846,-7.740133],[-70.590021,-7.740864],[-70.58899,-7.740975],[-70.585913,-7.738806],[-70.584916,-7.738238],[-70.583719,-7.73791],[-70.58224,-7.737946],[-70.581279,-7.738429],[-70.580454,-7.739389],[-70.579197,-7.741716],[-70.578876,-7.744492],[-70.578664,-7.748874],[-70.57849,-7.750435],[-70.578571,-7.751667],[-70.578997,-7.752687],[-70.579864,-7.753756],[-70.580986,-7.754335],[-70.585491,-7.754972],[-70.587208,-7.755232],[-70.589237,-7.755617],[-70.590388,-7.755496],[-70.594634,-7.751153],[-70.596065,-7.74969],[-70.597663,-7.748761],[-70.599441,-7.748421],[-70.60087,-7.748567],[-70.602363,-7.749333],[-70.60306,-7.750139],[-70.603719,-7.751024],[-70.604071,-7.752176],[-70.603613,-7.753398],[-70.601011,-7.7548],[-70.59887,-7.755953],[-70.59789,-7.757117],[-70.597808,-7.758419],[-70.598357,-7.75995],[-70.59922,-7.76098],[-70.601642,-7.762949],[-70.602565,-7.764047],[-70.603543,-7.765706],[-70.604548,-7.767483],[-70.605901,-7.768061],[-70.60707,-7.767852],[-70.607871,-7.767092],[-70.608252,-7.765612],[-70.608704,-7.760287],[-70.609022,-7.757316],[-70.609568,-7.755858],[-70.610741,-7.754661],[-70.612166,-7.753442],[-70.613398,-7.753324],[-70.613967,-7.753929],[-70.614483,-7.755187],[-70.615437,-7.758581],[-70.616944,-7.761014],[-70.61749,-7.763813],[-70.617354,-7.765288],[-70.616138,-7.766823],[-70.612175,-7.768758],[-70.607411,-7.771962],[-70.606965,-7.772537],[-70.606796,-7.77323],[-70.606886,-7.773856],[-70.607641,-7.774781],[-70.609773,-7.776571],[-70.61029,-7.777192],[-70.610636,-7.778236],[-70.610639,-7.779594],[-70.609871,-7.780786],[-70.609359,-7.781538]],[[-69.766203,-6.692505],[-69.765409,-6.693719],[-69.764156,-6.695633],[-69.762373,-6.696617],[-69.761229,-6.697629],[-69.760338,-6.69943],[-69.760012,-6.701407],[-69.760375,-6.702815],[-69.761125,-6.703725],[-69.76251,-6.703679],[-69.764648,-6.703785],[-69.767596,-6.703268],[-69.769859,-6.703713],[-69.771361,-6.705167],[-69.772591,-6.707235],[-69.773022,-6.709266],[-69.772804,-6.712439],[-69.772242,-6.714271],[-69.771355,-6.716606],[-69.769551,-6.718428],[-69.766649,-6.72025],[-69.765441,-6.721606],[-69.764926,-6.723139],[-69.765408,-6.724912],[-69.766618,-6.726161],[-69.768169,-6.726766],[-69.780064,-6.727943],[-69.782318,-6.728174],[-69.787725,-6.727498],[-69.79017,-6.727925],[-69.793911,-6.729344],[-69.796144,-6.731592],[-69.798151,-6.73361],[-69.799237,-6.735465],[-69.799553,-6.737317],[-69.798386,-6.738983],[-69.796982,-6.739517],[-69.793432,-6.73868],[-69.792117,-6.738711],[-69.790768,-6.739049],[-69.789666,-6.739993],[-69.785855,-6.744353],[-69.783229,-6.746381],[-69.780861,-6.747658],[-69.777829,-6.748583],[-69.775608,-6.7487],[-69.773629,-6.748641],[-69.769898,-6.748272],[-69.766203,-6.748362],[-69.763553,-6.749309],[-69.762733,-6.750107],[-69.761465,-6.751342],[-69.760225,-6.753447],[-69.760129,-6.755448],[-69.760862,-6.756948],[-69.763101,-6.757511],[-69.765645,-6.757342],[-69.767876,-6.757527],[-69.770328,-6.758258],[-69.77242,-6.759512],[-69.773359,-6.760674],[-69.774595,-6.762203],[-69.775393,-6.764348],[-69.776274,-6.768476],[-69.777104,-6.770405],[-69.779176,-6.772664],[-69.78052,-6.774039],[-69.782381,-6.775944],[-69.78348,-6.77789],[-69.783943,-6.779185],[-69.783605,-6.780749],[-69.782969,-6.782369],[-69.781285,-6.784291],[-69.779742,-6.78494],[-69.778342,-6.784778],[-69.776914,-6.783492],[-69.775984,-6.781124],[-69.774524,-6.77722],[-69.773906,-6.77373],[-69.774053,-6.768626],[-69.773506,-6.766418],[-69.771877,-6.765118],[-69.770289,-6.764522],[-69.768326,-6.764887],[-69.766538,-6.76624],[-69.765356,-6.768838],[-69.764151,-6.771776],[-69.763836,-6.775251],[-69.764625,-6.78002],[-69.764735,-6.783603],[-69.763951,-6.785455],[-69.763037,-6.786504],[-69.761669,-6.787726],[-69.759355,-6.788423],[-69.756277,-6.788391],[-69.754219,-6.788274],[-69.753149,-6.788681],[-69.751632,-6.789432],[-69.750371,-6.790145],[-69.749524,-6.79118],[-69.749163,-6.792608],[-69.749886,-6.794861],[-69.753284,-6.799285],[-69.761564,-6.808083],[-69.764707,-6.811364],[-69.766982,-6.814288],[-69.771114,-6.818901],[-69.772622,-6.820137],[-69.775055,-6.822132],[-69.77792,-6.823423],[-69.785161,-6.825048],[-69.787447,-6.826437],[-69.788957,-6.827562],[-69.78938,-6.829096],[-69.78911,-6.830484],[-69.788488,-6.831956],[-69.787427,-6.833337],[-69.785737,-6.834629],[-69.783262,-6.83584],[-69.782416,-6.83647],[-69.780914,-6.836858],[-69.779455,-6.836603],[-69.775622,-6.83518],[-69.774305,-6.834792],[-69.772527,-6.834898],[-69.771147,-6.835263],[-69.769952,-6.836258],[-69.769607,-6.837551],[-69.769747,-6.838388],[-69.770219,-6.839389],[-69.774536,-6.844005],[-69.777193,-6.847441],[-69.779827,-6.851836],[-69.781865,-6.856215],[-69.782715,-6.858472],[-69.784191,-6.863676],[-69.784781,-6.866634],[-69.784809,-6.868],[-69.783758,-6.872886],[-69.783237,-6.873734],[-69.782163,-6.874296],[-69.776928,-6.872876],[-69.775478,-6.873213],[-69.773961,-6.874224],[-69.773603,-6.875538],[-69.773828,-6.877703],[-69.775634,-6.879124],[-69.779446,-6.882757],[-69.780209,-6.884194],[-69.78048,-6.886212],[-69.780293,-6.887284],[-69.779527,-6.888074],[-69.776338,-6.890184],[-69.775287,-6.891967],[-69.775166,-6.893374],[-69.775594,-6.89492],[-69.780648,-6.899553],[-69.782484,-6.901625],[-69.783462,-6.903542],[-69.783222,-6.905463],[-69.782607,-6.906799],[-69.781492,-6.907607],[-69.778491,-6.908639],[-69.775077,-6.910263],[-69.772736,-6.912368],[-69.771645,-6.914855],[-69.771735,-6.91685],[-69.772372,-6.918574],[-69.773072,-6.919383],[-69.776138,-6.92236],[-69.777672,-6.924764],[-69.778182,-6.926593],[-69.778243,-6.928883],[-69.777914,-6.93046],[-69.776214,-6.932323],[-69.773504,-6.933762],[-69.771097,-6.934389],[-69.768756,-6.933934],[-69.766082,-6.932724],[-69.76249,-6.930626],[-69.760195,-6.929681],[-69.758347,-6.928911],[-69.756328,-6.929121],[-69.754546,-6.930134],[-69.752967,-6.931245],[-69.751729,-6.933036],[-69.750723,-6.935446],[-69.749965,-6.938423],[-69.74942,-6.941716],[-69.749558,-6.944274],[-69.750695,-6.945898],[-69.75245,-6.947524],[-69.753749,-6.947902],[-69.754952,-6.947935],[-69.761376,-6.946538],[-69.762951,-6.946831],[-69.764067,-6.948049],[-69.76414,-6.949159],[-69.763694,-6.950451],[-69.758119,-6.957113],[-69.755011,-6.959055],[-69.752347,-6.959679],[-69.749171,-6.959841],[-69.745175,-6.95956],[-69.741542,-6.958543],[-69.736985,-6.957928],[-69.733699,-6.958073],[-69.730695,-6.958859],[-69.729263,-6.960631],[-69.729275,-6.962932],[-69.729852,-6.964456],[-69.731355,-6.966138],[-69.733078,-6.967221],[-69.734746,-6.967518],[-69.73693,-6.967673],[-69.739208,-6.967219],[-69.743289,-6.96447],[-69.746248,-6.962566],[-69.748626,-6.962213],[-69.751174,-6.962814],[-69.752591,-6.963704],[-69.753527,-6.965413],[-69.753589,-6.967039],[-69.752893,-6.96848],[-69.750925,-6.970643],[-69.748162,-6.97271],[-69.745634,-6.973905],[-69.740939,-6.976681],[-69.735849,-6.981521],[-69.731966,-6.987944],[-69.730119,-6.992826],[-69.730099,-6.995328],[-69.730359,-6.997486],[-69.731439,-6.999075],[-69.733564,-7.000471],[-69.736357,-7.000881],[-69.738073,-7.000476],[-69.739282,-7.000062],[-69.740279,-6.998969],[-69.741412,-6.997034],[-69.743557,-6.992789],[-69.745702,-6.9906],[-69.747502,-6.989429],[-69.749815,-6.989143],[-69.752285,-6.989506],[-69.754483,-6.990527],[-69.756475,-6.992436],[-69.75775,-6.994529],[-69.757761,-6.996312],[-69.757073,-6.998216],[-69.755831,-6.999647],[-69.753221,-7.000139],[-69.74797,-7.001326],[-69.745317,-7.002724],[-69.743497,-7.005109],[-69.743106,-7.006919],[-69.743233,-7.009431],[-69.74441,-7.011333],[-69.746437,-7.012613],[-69.747823,-7.013405],[-69.749582,-7.013938],[-69.75144,-7.014878],[-69.752565,-7.01651],[-69.753013,-7.019691],[-69.752965,-7.021363],[-69.75176,-7.023592],[-69.750623,-7.024685],[-69.748832,-7.02484],[-69.744212,-7.022913],[-69.742553,-7.022404],[-69.740563,-7.022344],[-69.738969,-7.022791],[-69.73785,-7.024392],[-69.737639,-7.02574],[-69.738915,-7.02946],[-69.740179,-7.032568],[-69.740018,-7.035145],[-69.737557,-7.041931],[-69.737714,-7.044444],[-69.738702,-7.046679],[-69.740222,-7.048063],[-69.742654,-7.048685],[-69.744889,-7.048447],[-69.751942,-7.046226],[-69.753399,-7.045874],[-69.755161,-7.046268],[-69.758141,-7.046933],[-69.760107,-7.047743],[-69.761786,-7.047352],[-69.76384,-7.045853],[-69.766007,-7.043385],[-69.770045,-7.038259],[-69.776268,-7.032836],[-69.779504,-7.030708],[-69.782968,-7.029425],[-69.786318,-7.029368],[-69.788955,-7.029969],[-69.790425,-7.030757],[-69.791287,-7.032169],[-69.79206,-7.034185],[-69.79198,-7.036447],[-69.788488,-7.043538],[-69.786838,-7.045235],[-69.784962,-7.046706],[-69.78303,-7.047491],[-69.780647,-7.048457],[-69.77716,-7.049873],[-69.773221,-7.051471],[-69.768415,-7.053422],[-69.765404,-7.054644],[-69.763429,-7.056382],[-69.761901,-7.058485],[-69.761239,-7.060306],[-69.761262,-7.061966],[-69.761954,-7.063943],[-69.762878,-7.065192],[-69.7646,-7.065936],[-69.767717,-7.065649],[-69.771961,-7.064418],[-69.774687,-7.064106],[-69.777564,-7.064236],[-69.779282,-7.064655],[-69.780381,-7.065324],[-69.78148,-7.067344],[-69.781733,-7.069907],[-69.781297,-7.071379],[-69.780096,-7.073496],[-69.777147,-7.075603],[-69.773712,-7.076428],[-69.771074,-7.075593],[-69.767642,-7.074262],[-69.766123,-7.074537],[-69.764564,-7.075639],[-69.764411,-7.077023],[-69.764959,-7.078632],[-69.768463,-7.080877],[-69.770664,-7.0824],[-69.773676,-7.086148],[-69.775338,-7.087215],[-69.777281,-7.088162],[-69.779965,-7.088662],[-69.783141,-7.088206],[-69.790352,-7.088254],[-69.794874,-7.088895],[-69.800494,-7.091233],[-69.802618,-7.092516],[-69.803639,-7.094488],[-69.803643,-7.096185],[-69.802811,-7.097057],[-69.797565,-7.098661],[-69.796245,-7.099762],[-69.795471,-7.101686],[-69.795058,-7.104299],[-69.795009,-7.107284],[-69.793957,-7.109528],[-69.792631,-7.110584],[-69.789562,-7.111087],[-69.786005,-7.111297],[-69.783706,-7.111781],[-69.78236,-7.113462],[-69.781975,-7.116369],[-69.782676,-7.11802],[-69.78596,-7.120547],[-69.78724,-7.121922],[-69.790886,-7.127824],[-69.793388,-7.13008],[-69.795391,-7.130986],[-69.797395,-7.130827],[-69.79891,-7.129865],[-69.799887,-7.127579],[-69.801103,-7.123816],[-69.802603,-7.117506],[-69.804339,-7.115857],[-69.80695,-7.114666],[-69.810344,-7.114569],[-69.812804,-7.115302],[-69.814362,-7.116725],[-69.817842,-7.120525],[-69.81965,-7.121901],[-69.825614,-7.124103],[-69.828529,-7.126163],[-69.830104,-7.127266],[-69.83098,-7.128966],[-69.830709,-7.130705],[-69.828055,-7.135114],[-69.827091,-7.138641],[-69.826826,-7.141492],[-69.827378,-7.143693],[-69.829052,-7.146218],[-69.832713,-7.149833],[-69.834553,-7.15263],[-69.835385,-7.154315],[-69.835073,-7.155799],[-69.833961,-7.157153],[-69.827732,-7.159651],[-69.826067,-7.160743],[-69.825238,-7.162615],[-69.824804,-7.164457],[-69.825146,-7.165494],[-69.827414,-7.166944],[-69.830416,-7.166946],[-69.833705,-7.167108],[-69.835921,-7.167823],[-69.843101,-7.170624],[-69.848256,-7.171523],[-69.85276,-7.171469],[-69.85496,-7.170807],[-69.857421,-7.169269],[-69.859469,-7.167931],[-69.861618,-7.167587],[-69.864442,-7.16794],[-69.866643,-7.169036],[-69.868868,-7.170777],[-69.87009,-7.172988],[-69.870273,-7.174166],[-69.869274,-7.176319],[-69.867615,-7.177525],[-69.862693,-7.179165],[-69.861237,-7.179828],[-69.859843,-7.181075],[-69.858641,-7.18263],[-69.858062,-7.184295],[-69.858299,-7.186186],[-69.859025,-7.187957],[-69.86104,-7.19042],[-69.863138,-7.192377],[-69.869281,-7.196573],[-69.87539,-7.20159],[-69.877373,-7.203684],[-69.879123,-7.206665],[-69.879786,-7.209015],[-69.880525,-7.211522],[-69.880145,-7.21286],[-69.877796,-7.215229],[-69.875865,-7.217724],[-69.874923,-7.219874],[-69.875144,-7.221343],[-69.876214,-7.222327],[-69.882553,-7.225221],[-69.884886,-7.226857],[-69.88904,-7.230725],[-69.892029,-7.233478],[-69.892644,-7.235162],[-69.892552,-7.236837],[-69.891484,-7.23798],[-69.885674,-7.23892],[-69.882957,-7.239659],[-69.878301,-7.241785],[-69.87534,-7.242562],[-69.870192,-7.242094],[-69.867534,-7.242788],[-69.865667,-7.244107],[-69.865852,-7.245649],[-69.866888,-7.247208],[-69.869098,-7.249197],[-69.872045,-7.250586],[-69.87313,-7.25204],[-69.87343,-7.254212],[-69.873037,-7.256481],[-69.871422,-7.260307],[-69.871713,-7.262498],[-69.872424,-7.26455],[-69.873549,-7.266654],[-69.875447,-7.267354],[-69.877036,-7.266906],[-69.878808,-7.265557],[-69.881135,-7.263104],[-69.884354,-7.25966],[-69.887578,-7.258489],[-69.891474,-7.257751],[-69.896171,-7.257893],[-69.899176,-7.25916],[-69.900808,-7.261327],[-69.901333,-7.264125],[-69.899937,-7.266288],[-69.897765,-7.267193],[-69.894386,-7.26728],[-69.888746,-7.26754],[-69.886596,-7.268488],[-69.885344,-7.270023],[-69.884824,-7.271926],[-69.885243,-7.274637],[-69.887104,-7.277621],[-69.888544,-7.27974],[-69.892151,-7.28407],[-69.894493,-7.288257],[-69.896015,-7.289653],[-69.897468,-7.290395],[-69.89958,-7.29006],[-69.900814,-7.28868],[-69.901908,-7.286269],[-69.903293,-7.280963],[-69.904742,-7.278725],[-69.906627,-7.277191],[-69.909108,-7.276443],[-69.911741,-7.27626],[-69.914066,-7.277468],[-69.915092,-7.278965],[-69.916488,-7.281358],[-69.916679,-7.283232],[-69.91579,-7.286719],[-69.914069,-7.289354],[-69.908413,-7.297624],[-69.906789,-7.301508],[-69.906276,-7.304758],[-69.906445,-7.30757],[-69.906887,-7.310029],[-69.907523,-7.31156],[-69.909497,-7.312974],[-69.912055,-7.313925],[-69.914116,-7.313641],[-69.920487,-7.310369],[-69.92272,-7.309222],[-69.925009,-7.309418],[-69.926817,-7.310498],[-69.927779,-7.312077],[-69.928293,-7.313353],[-69.928048,-7.314925],[-69.925953,-7.321051],[-69.924897,-7.32467],[-69.924834,-7.327959],[-69.926046,-7.331126],[-69.927321,-7.333435],[-69.931294,-7.335797],[-69.93444,-7.3367],[-69.936525,-7.336006],[-69.938768,-7.334753],[-69.940593,-7.332531],[-69.942371,-7.329421],[-69.943521,-7.325568],[-69.943728,-7.323023],[-69.943309,-7.316808],[-69.943516,-7.313765],[-69.944463,-7.312162],[-69.946775,-7.309817],[-69.949304,-7.308049],[-69.950957,-7.306347],[-69.954067,-7.305816],[-69.956665,-7.306521],[-69.958482,-7.30808],[-69.95999,-7.310603],[-69.961263,-7.31224],[-69.961037,-7.314231],[-69.959299,-7.316136],[-69.955672,-7.318631],[-69.952258,-7.321773],[-69.950483,-7.324302],[-69.948674,-7.328234],[-69.947756,-7.33182],[-69.947866,-7.334233],[-69.948867,-7.336372],[-69.951853,-7.339853],[-69.953664,-7.341529],[-69.956168,-7.34241],[-69.959256,-7.342302],[-69.961604,-7.341003],[-69.963996,-7.33958],[-69.965403,-7.337492],[-69.965673,-7.335567],[-69.964861,-7.330158],[-69.964943,-7.3282],[-69.966109,-7.326883],[-69.967928,-7.326537],[-69.972517,-7.327265],[-69.980682,-7.326356],[-69.983723,-7.327397],[-69.985423,-7.328908],[-69.985936,-7.331389],[-69.985819,-7.335767],[-69.984887,-7.341208],[-69.985423,-7.343248],[-69.986234,-7.345942],[-69.988266,-7.347634],[-69.990956,-7.348833],[-69.993518,-7.348136],[-69.996561,-7.346967],[-69.998742,-7.34467],[-69.999995,-7.342426],[-70.000307,-7.338284],[-70.000715,-7.333105],[-70.002269,-7.329287],[-70.003906,-7.326968],[-70.006326,-7.32504],[-70.008682,-7.324786],[-70.010442,-7.325183],[-70.012257,-7.326643],[-70.012178,-7.328849],[-70.011399,-7.33065],[-70.010073,-7.333199],[-70.008325,-7.336286],[-70.007987,-7.339387],[-70.008347,-7.341928],[-70.011837,-7.350848],[-70.012061,-7.353935],[-70.011628,-7.356383],[-70.009454,-7.358667],[-70.006817,-7.360305],[-70.004432,-7.360712],[-70.002996,-7.360158],[-70.000178,-7.3572],[-69.99663,-7.353039],[-69.99473,-7.352026],[-69.991354,-7.351598],[-69.987623,-7.35202],[-69.984124,-7.353898],[-69.982902,-7.357016],[-69.982194,-7.360648],[-69.98328,-7.363391],[-69.984803,-7.36586],[-69.987292,-7.368154],[-69.989412,-7.368842],[-69.991442,-7.368322],[-69.995229,-7.365935],[-69.998866,-7.365297],[-70.002656,-7.3664],[-70.005465,-7.368607],[-70.007989,-7.371779],[-70.015616,-7.383824],[-70.020427,-7.391733],[-70.025095,-7.399972],[-70.029062,-7.405662],[-70.030272,-7.407617],[-70.02971,-7.40983],[-70.027457,-7.411705],[-70.022937,-7.413935],[-70.020653,-7.41575],[-70.019388,-7.417815],[-70.019394,-7.42057],[-70.020078,-7.422729],[-70.021578,-7.425086],[-70.024708,-7.428903],[-70.028665,-7.433366],[-70.030116,-7.434152],[-70.032626,-7.434389],[-70.041239,-7.433793],[-70.044308,-7.433004],[-70.047414,-7.431903],[-70.052357,-7.428615],[-70.055316,-7.425498],[-70.057563,-7.423655],[-70.060425,-7.423227],[-70.062834,-7.424391],[-70.064122,-7.425864],[-70.064714,-7.428251],[-70.063408,-7.430204],[-70.056777,-7.432941],[-70.05119,-7.435748],[-70.048381,-7.436536],[-70.041212,-7.438906],[-70.036714,-7.442394],[-70.033378,-7.446753],[-70.03303,-7.449758],[-70.033922,-7.454089],[-70.035379,-7.45629],[-70.041698,-7.460766],[-70.044959,-7.462236],[-70.047803,-7.462957],[-70.049356,-7.462361],[-70.049824,-7.458286],[-70.051098,-7.453843],[-70.053013,-7.451825],[-70.057476,-7.451227],[-70.059223,-7.453262],[-70.060279,-7.455743],[-70.061539,-7.460791],[-70.0633,-7.467429],[-70.06695,-7.476921],[-70.067529,-7.484714],[-70.068079,-7.494718]]]}},{"type":"Feature","properties":{"folders":"vw_snv_aqa","altitude":0.0,"CD_UF":"13","NM_UF":"Amazonas","SIGLA_UF":"AM","NM_REGIAO":"Norte","AREA_KM2":1559255.881,"extensao":85.0,"NOME":"Rio Envira","CODIGO":"HF-145","BACIA":"Amazônica","TRECHO":"Da foz, no rio Tarauaca, afluente do rio Jurua, tributario do rio Solimoes, ate a BR-364/AC."},"geometry":{"type":"MultiLineString","coordinates":[[[-70.068079,-7.494718],[-70.06702,-7.495296],[-70.06601,-7.497353],[-70.063999,-7.501624],[-70.063474,-7.503975],[-70.063468,-7.508315],[-70.063735,-7.510748],[-70.065782,-7.513468],[-70.068412,-7.515303],[-70.071005,-7.51676],[-70.073672,-7.517586],[-70.076732,-7.517681],[-70.078345,-7.517119],[-70.079813,-7.516367],[-70.08174,-7.514947],[-70.082821,-7.514468],[-70.083669,-7.514418],[-70.084338,-7.51501],[-70.084948,-7.516875],[-70.085373,-7.517983],[-70.085825,-7.51916],[-70.087103,-7.520155],[-70.088411,-7.520504],[-70.089853,-7.520474],[-70.092288,-7.520379],[-70.094267,-7.521093],[-70.095013,-7.521505],[-70.095326,-7.522333],[-70.09517,-7.523914],[-70.094349,-7.525607],[-70.092801,-7.528595],[-70.090411,-7.533675],[-70.089222,-7.534604],[-70.086796,-7.536043],[-70.084016,-7.53766],[-70.083355,-7.538709],[-70.083205,-7.539937],[-70.084048,-7.540416],[-70.085371,-7.540095],[-70.088756,-7.538057],[-70.091444,-7.537031],[-70.094049,-7.537122],[-70.095611,-7.537572],[-70.097124,-7.5387],[-70.097958,-7.540221],[-70.097922,-7.541714],[-70.097285,-7.543583],[-70.09594,-7.544688],[-70.094455,-7.544776],[-70.092269,-7.544646],[-70.090065,-7.544418],[-70.088452,-7.544167],[-70.087088,-7.544694],[-70.085883,-7.545564],[-70.085149,-7.546911],[-70.085062,-7.548224],[-70.085584,-7.549372],[-70.086867,-7.550581],[-70.090132,-7.55242],[-70.092386,-7.554383],[-70.093691,-7.557036],[-70.093929,-7.559911],[-70.093514,-7.563265],[-70.092693,-7.564921],[-70.091529,-7.565268],[-70.087559,-7.562404],[-70.085862,-7.561179],[-70.084329,-7.561437],[-70.082668,-7.562468],[-70.081573,-7.564217],[-70.08242,-7.565416],[-70.085576,-7.566882],[-70.088143,-7.568336],[-70.088986,-7.569506],[-70.089817,-7.571032],[-70.089367,-7.573377],[-70.08845,-7.575355],[-70.086728,-7.576389],[-70.083791,-7.576673],[-70.080231,-7.577061],[-70.077345,-7.578103],[-70.075494,-7.580062],[-70.072255,-7.584466],[-70.07189,-7.586641],[-70.072326,-7.588206],[-70.072982,-7.589309],[-70.076396,-7.591185],[-70.077651,-7.591946],[-70.078824,-7.593952],[-70.07913,-7.596097],[-70.07912,-7.597582],[-70.078179,-7.598757],[-70.076617,-7.599894],[-70.074129,-7.600881],[-70.072383,-7.602123],[-70.07195,-7.603545],[-70.071895,-7.605897],[-70.072608,-7.610861],[-70.072086,-7.614702],[-70.071194,-7.617893],[-70.069596,-7.620215],[-70.068342,-7.621458],[-70.066404,-7.62155],[-70.065395,-7.620729],[-70.065472,-7.618214],[-70.066035,-7.614186],[-70.065094,-7.610544],[-70.063304,-7.606998],[-70.061952,-7.604429],[-70.060028,-7.602422],[-70.058613,-7.601683],[-70.05683,-7.601613],[-70.056139,-7.602771],[-70.056413,-7.604705],[-70.056856,-7.606971],[-70.056963,-7.6089],[-70.05625,-7.611076],[-70.055321,-7.613351],[-70.054237,-7.615429],[-70.053849,-7.617689],[-70.054226,-7.619765],[-70.055447,-7.621608],[-70.056411,-7.622759],[-70.056282,-7.623864],[-70.055085,-7.623974],[-70.052857,-7.622296],[-70.050281,-7.620815],[-70.047876,-7.620109],[-70.046424,-7.619673],[-70.045093,-7.620528],[-70.044164,-7.621592],[-70.043837,-7.625409],[-70.043847,-7.630089],[-70.043743,-7.631651],[-70.042752,-7.633053],[-70.04189,-7.634211],[-70.040517,-7.634427],[-70.038628,-7.633476],[-70.035997,-7.630968],[-70.033935,-7.629775],[-70.032146,-7.630035],[-70.030254,-7.630744],[-70.029512,-7.632033],[-70.029265,-7.636591],[-70.028761,-7.638014],[-70.027269,-7.639327],[-70.023939,-7.640834],[-70.019642,-7.64194],[-70.017344,-7.642815],[-70.015605,-7.644716],[-70.014483,-7.646726],[-70.013949,-7.649199],[-70.014192,-7.65116],[-70.01559,-7.653216],[-70.016632,-7.654459],[-70.018649,-7.655773],[-70.020538,-7.656219],[-70.021489,-7.656157],[-70.022675,-7.655149],[-70.024399,-7.651806],[-70.027631,-7.649355],[-70.031174,-7.648196],[-70.03375,-7.648419],[-70.03626,-7.649785],[-70.037192,-7.651407],[-70.037649,-7.652805],[-70.036745,-7.653877],[-70.034972,-7.65377],[-70.031557,-7.653408],[-70.029107,-7.653899],[-70.027068,-7.65512],[-70.025064,-7.657051],[-70.023979,-7.659875],[-70.023846,-7.661366],[-70.02644,-7.665252],[-70.026791,-7.667113],[-70.026602,-7.66886],[-70.025754,-7.67062],[-70.024392,-7.67281],[-70.024154,-7.675004],[-70.024481,-7.677358],[-70.025571,-7.678855],[-70.027052,-7.678373],[-70.028335,-7.676447],[-70.030316,-7.673956],[-70.032332,-7.672623],[-70.033843,-7.672341],[-70.035411,-7.672458],[-70.036654,-7.6731],[-70.037816,-7.673999],[-70.038386,-7.67577],[-70.037939,-7.677814],[-70.036722,-7.681446],[-70.036463,-7.683727],[-70.036679,-7.686131],[-70.03797,-7.688443],[-70.040135,-7.689892],[-70.042114,-7.690054],[-70.043801,-7.689448],[-70.044401,-7.687932],[-70.044526,-7.685346],[-70.045085,-7.683324],[-70.045771,-7.68193],[-70.047638,-7.680654],[-70.049916,-7.680502],[-70.052033,-7.680723],[-70.054833,-7.681681],[-70.056687,-7.682831],[-70.057775,-7.684336],[-70.058449,-7.685646],[-70.058628,-7.687289],[-70.058307,-7.688909],[-70.057542,-7.690941],[-70.056632,-7.69166],[-70.055593,-7.692063],[-70.053988,-7.691693],[-70.05167,-7.691332],[-70.049532,-7.691494],[-70.047044,-7.691972],[-70.04574,-7.693023],[-70.044833,-7.694006],[-70.044227,-7.695241],[-70.042725,-7.697923],[-70.041262,-7.699078],[-70.040002,-7.699721],[-70.038247,-7.700777],[-70.036994,-7.701836],[-70.03564,-7.703725],[-70.035319,-7.705779],[-70.035186,-7.707944],[-70.035387,-7.710191],[-70.035604,-7.712618],[-70.035798,-7.71479],[-70.035997,-7.717015],[-70.036344,-7.719307],[-70.037031,-7.722088],[-70.037358,-7.724328],[-70.037426,-7.725865],[-70.037117,-7.727593],[-70.037766,-7.729474],[-70.038751,-7.73033],[-70.041133,-7.730939],[-70.042556,-7.731354],[-70.043734,-7.732246],[-70.044477,-7.733306],[-70.046837,-7.735841],[-70.048203,-7.736799],[-70.049687,-7.737749],[-70.051808,-7.738781],[-70.053111,-7.739678],[-70.053362,-7.740652],[-70.052988,-7.741824],[-70.051603,-7.744704],[-70.050347,-7.746636],[-70.050192,-7.747735],[-70.050442,-7.749387],[-70.051216,-7.751918],[-70.051945,-7.753724],[-70.052287,-7.755612],[-70.052282,-7.757302],[-70.051789,-7.758665],[-70.051113,-7.759999],[-70.050258,-7.760752],[-70.049133,-7.760919],[-70.047924,-7.76054],[-70.046796,-7.759616],[-70.045659,-7.758445],[-70.044609,-7.757136],[-70.043261,-7.755745],[-70.042211,-7.755062],[-70.041221,-7.754719],[-70.040345,-7.754565],[-70.039377,-7.754762],[-70.038568,-7.755501],[-70.037877,-7.756289],[-70.037495,-7.757273],[-70.037185,-7.758173],[-70.03677,-7.759586],[-70.036415,-7.760852],[-70.036035,-7.762049],[-70.035505,-7.76341],[-70.034945,-7.764685],[-70.034088,-7.766465],[-70.033405,-7.768182],[-70.033064,-7.770294],[-70.032973,-7.77186],[-70.033406,-7.773305],[-70.034249,-7.774529],[-70.035449,-7.775006],[-70.036378,-7.775132],[-70.037846,-7.774934],[-70.039268,-7.774989],[-70.040633,-7.775332],[-70.041458,-7.776049],[-70.042067,-7.776841],[-70.042248,-7.77815],[-70.042184,-7.780088],[-70.041998,-7.781512],[-70.041513,-7.782934],[-70.040965,-7.784784],[-70.040713,-7.786536],[-70.040205,-7.78777],[-70.039561,-7.788671],[-70.038688,-7.789449],[-70.037585,-7.789612],[-70.036396,-7.789367],[-70.034527,-7.788728],[-70.033249,-7.788133],[-70.031733,-7.787207],[-70.030706,-7.786811],[-70.02928,-7.786859],[-70.028157,-7.787127],[-70.027123,-7.78753],[-70.026414,-7.788065],[-70.026045,-7.789001],[-70.025853,-7.789937],[-70.026003,-7.791259],[-70.026723,-7.792166],[-70.028902,-7.793021],[-70.031221,-7.793148],[-70.033107,-7.793377],[-70.03466,-7.794056],[-70.035599,-7.794633],[-70.036335,-7.79587],[-70.036788,-7.796853],[-70.036648,-7.797825],[-70.035923,-7.798793],[-70.035154,-7.799288],[-70.033966,-7.800089],[-70.031874,-7.801038],[-70.027872,-7.802933],[-70.026539,-7.803935],[-70.02543,-7.805077],[-70.024756,-7.806345],[-70.024234,-7.807437],[-70.024343,-7.808981],[-70.0248,-7.810741],[-70.025668,-7.811645],[-70.026572,-7.811751],[-70.027493,-7.811105],[-70.028318,-7.809816],[-70.029464,-7.808111],[-70.030686,-7.806982],[-70.031844,-7.806583],[-70.033039,-7.806909],[-70.033799,-7.80752],[-70.034252,-7.808205],[-70.035303,-7.809797],[-70.036527,-7.811648],[-70.037906,-7.81316],[-70.039766,-7.815291],[-70.040621,-7.816809],[-70.04129,-7.817995],[-70.041649,-7.819331],[-70.042522,-7.821003],[-70.043318,-7.822459],[-70.04447,-7.823437],[-70.045326,-7.823854],[-70.04639,-7.823812],[-70.049644,-7.823381],[-70.050948,-7.8235],[-70.052251,-7.823619],[-70.05358,-7.82398],[-70.054852,-7.824785],[-70.055851,-7.82592],[-70.056287,-7.82689],[-70.056275,-7.828215],[-70.056127,-7.8294],[-70.05586,-7.829869],[-70.055335,-7.830636],[-70.054556,-7.830918],[-70.053419,-7.830946],[-70.05166,-7.83112],[-70.049693,-7.831117],[-70.048179,-7.831449],[-70.046867,-7.831731],[-70.045909,-7.832175],[-70.04521,-7.83309],[-70.04485,-7.834207],[-70.04524,-7.835094],[-70.046182,-7.835524],[-70.047347,-7.835946],[-70.049493,-7.836317],[-70.051953,-7.837066],[-70.053241,-7.837821],[-70.054003,-7.838925],[-70.054045,-7.840042],[-70.053946,-7.840966],[-70.053774,-7.842578],[-70.053264,-7.844461],[-70.052717,-7.847079]]]}},{"type":"Feature","properties":{"folders":"vw_snv_aqa","altitude":0.0,"CD_UF":"13","NM_UF":"Amazonas","SIGLA_UF":"AM","NM_REGIAO":"Norte","AREA_KM2":1559255.881,"extensao":164.4,"NOME":"Rio Acre","CODIGO":"HF-135","BACIA":"Amazônica","TRECHO":"Da foz, no rio Purus, afluente do rio Solimoes ate a cidade de Brasiléia (AC)."},"geometry":{"type":"MultiLineString","coordinates":[[[-67.401671,-8.752339],[-67.394486,-8.756043],[-67.388671,-8.759167],[-67.382508,-8.761239],[-67.378631,-8.763147],[-67.377215,-8.765415],[-67.376494,-8.769435],[-67.379291,-8.77312],[-67.379635,-8.775046],[-67.377341,-8.776785],[-67.374339,-8.779746],[-67.373803,-8.781842],[-67.374495,-8.784294],[-67.376417,-8.787101],[-67.379045,-8.789386],[-67.380089,-8.79184],[-67.380426,-8.795339],[-67.378477,-8.798654],[-67.376883,-8.801271],[-67.37757,-8.804948],[-67.378785,-8.808626],[-67.378772,-8.8116],[-67.377001,-8.814566],[-67.37453,-8.816654],[-67.372063,-8.817868],[-67.367852,-8.81575],[-67.3647,-8.812588],[-67.361543,-8.810825],[-67.358374,-8.811511],[-67.355026,-8.813071],[-67.353087,-8.814112],[-67.349573,-8.813572],[-67.346941,-8.812161],[-67.344827,-8.813026],[-67.3434,-8.817567],[-67.34144,-8.823331],[-67.338778,-8.828741],[-67.328306,-8.837776],[-67.326188,-8.840756],[-67.32889,-8.841666],[-67.332488,-8.843775],[-67.334281,-8.846175],[-67.333963,-8.850061],[-67.330052,-8.850642],[-67.324939,-8.850918],[-67.322533,-8.851206],[-67.320717,-8.853889],[-67.322504,-8.857486],[-67.325801,-8.859893],[-67.328492,-8.863194],[-67.331765,-8.870684],[-67.332946,-8.875474],[-67.333832,-8.879066],[-67.336221,-8.882665],[-67.338609,-8.886563],[-67.338895,-8.889854],[-67.334679,-8.89133],[-67.330468,-8.89161],[-67.327774,-8.888907],[-67.325679,-8.886804],[-67.322676,-8.885894],[-67.320261,-8.887976],[-67.318737,-8.892455],[-67.316903,-8.899025],[-67.313879,-8.902899],[-67.30965,-8.907066],[-67.307225,-8.911241],[-67.3048,-8.915416],[-67.302381,-8.918396],[-67.302672,-8.92049],[-67.305973,-8.922],[-67.311385,-8.922025],[-67.312578,-8.924124],[-67.311959,-8.928008],[-67.311034,-8.933087],[-67.311017,-8.936675],[-67.312504,-8.940271],[-67.315808,-8.941183],[-67.320021,-8.940604],[-67.32393,-8.940621],[-67.328125,-8.94393],[-67.331104,-8.950223],[-67.332884,-8.955613],[-67.332863,-8.960099],[-67.331349,-8.962484],[-67.326546,-8.960369],[-67.322641,-8.959454],[-67.320235,-8.959443],[-67.317519,-8.961524],[-67.320218,-8.963032],[-67.321108,-8.965727],[-67.318994,-8.96781],[-67.315981,-8.968993],[-67.314466,-8.971378],[-67.31655,-8.975873],[-67.318333,-8.980665],[-67.320125,-8.983365],[-67.323131,-8.983678],[-67.326141,-8.983093],[-67.330051,-8.983111],[-67.334857,-8.984628],[-67.336956,-8.985833],[-67.337235,-8.990619],[-67.338422,-8.994213],[-67.34172,-8.99662],[-67.345312,-9.000224],[-67.349817,-9.00174],[-67.352213,-9.004143],[-67.349797,-9.006225],[-67.345585,-9.006505],[-67.343164,-9.009784],[-67.341944,-9.013366],[-67.342825,-9.018155],[-67.345517,-9.021456],[-67.350019,-9.02357],[-67.350611,-9.025666],[-67.346988,-9.02864],[-67.345772,-9.031325],[-67.34877,-9.033731],[-67.350263,-9.03613],[-67.350852,-9.038824],[-67.347836,-9.040605],[-67.343325,-9.040285],[-67.340615,-9.040871],[-67.339389,-9.045949],[-67.335766,-9.048624],[-67.333083,-9.043528],[-67.331896,-9.039934],[-67.331014,-9.035445],[-67.327406,-9.035129],[-67.324097,-9.035114],[-67.321081,-9.036895],[-67.318062,-9.039273],[-67.316549,-9.04106],[-67.315632,-9.044345],[-67.31652,-9.04734],[-67.318314,-9.04974],[-67.321303,-9.05394],[-67.326106,-9.056055],[-67.330922,-9.055479],[-67.338753,-9.053422],[-67.346886,-9.051066],[-67.352906,-9.050196],[-67.358322,-9.049922],[-67.36734,-9.051457],[-67.368843,-9.051763],[-67.37033,-9.055358],[-67.371822,-9.058056],[-67.377831,-9.059877],[-67.385049,-9.060207],[-67.391066,-9.060234],[-67.393462,-9.062637],[-67.395256,-9.065037],[-67.397651,-9.067739],[-67.399149,-9.06924],[-67.400039,-9.071936],[-67.398221,-9.074918],[-67.397607,-9.077607],[-67.397886,-9.082692],[-67.400584,-9.084797],[-67.404799,-9.084217],[-67.407501,-9.085425],[-67.409285,-9.090217],[-67.407753,-9.09649],[-67.403233,-9.097966],[-67.399934,-9.095559],[-67.398152,-9.090468],[-67.39636,-9.087469],[-67.394261,-9.085965],[-67.39185,-9.086851],[-67.391533,-9.090438],[-67.391821,-9.09343],[-67.390002,-9.096412],[-67.389086,-9.099399],[-67.391184,-9.101202],[-67.393883,-9.103307],[-67.395376,-9.105706],[-67.395963,-9.108998],[-67.393848,-9.111082],[-67.39233,-9.114066],[-67.393222,-9.116462],[-67.394705,-9.121253],[-67.397398,-9.124554],[-67.397983,-9.128444],[-67.397059,-9.133225],[-67.39375,-9.132911],[-67.391046,-9.132002],[-67.388039,-9.13169],[-67.38592,-9.134372],[-67.385308,-9.136761],[-67.385059,-9.139439],[-67.388234,-9.139884],[-67.39111,-9.142624],[-67.393412,-9.144644],[-67.396298,-9.145231],[-67.400057,-9.14453],[-67.40324,-9.143252],[-67.405552,-9.142975],[-67.409164,-9.142847],[-67.411473,-9.143288],[-67.415079,-9.144309],[-67.417529,-9.145611],[-67.41896,-9.148632],[-67.420397,-9.15036],[-67.422561,-9.1508],[-67.424872,-9.150954],[-67.427193,-9.148667],[-67.430232,-9.147245],[-67.432256,-9.146967],[-67.434274,-9.147837],[-67.436002,-9.148993],[-67.435703,-9.151288],[-67.43454,-9.153149],[-67.432801,-9.154433],[-67.432212,-9.156871],[-67.432914,-9.161467],[-67.435798,-9.162556],[-67.439048,-9.16257],[-67.440846,-9.164372],[-67.439752,-9.166879],[-67.438295,-9.169744],[-67.439006,-9.172259],[-67.439717,-9.174774],[-67.443677,-9.177662],[-67.448354,-9.181629],[-67.451952,-9.184874],[-67.454828,-9.187757],[-67.45626,-9.190634],[-67.453357,-9.193851],[-67.449377,-9.195629],[-67.433008,-9.19502],[-67.430345,-9.198357],[-67.42961,-9.201225],[-67.433692,-9.203635],[-67.437776,-9.205806],[-67.440896,-9.207972],[-67.443538,-9.209419],[-67.44739,-9.209675],[-67.449795,-9.210164],[-67.450027,-9.212318],[-67.450735,-9.215431],[-67.451201,-9.219021],[-67.452874,-9.221899],[-67.454791,-9.224061],[-67.45501,-9.229086],[-67.451609,-9.236009],[-67.449675,-9.237675],[-67.446071,-9.235985],[-67.442942,-9.235493],[-67.439565,-9.236913],[-67.439551,-9.240023],[-67.441945,-9.243383],[-67.443867,-9.244348],[-67.448901,-9.249394],[-67.452496,-9.253476],[-67.459467,-9.256138],[-67.465485,-9.256642],[-67.466444,-9.257603],[-67.466918,-9.259519],[-67.466664,-9.262389],[-67.463773,-9.262855],[-67.461358,-9.26428],[-67.459426,-9.265707],[-67.459648,-9.270014],[-67.46156,-9.273372],[-67.463467,-9.277686],[-67.46321,-9.281513],[-67.463439,-9.284145],[-67.464394,-9.286063],[-67.467281,-9.286793],[-67.47041,-9.287285],[-67.473285,-9.290647],[-67.473272,-9.293757],[-67.472063,-9.294709],[-67.468926,-9.29613],[-67.466272,-9.297315],[-67.465296,-9.300182],[-67.464074,-9.304244],[-67.465743,-9.308078],[-67.467177,-9.310716],[-67.471013,-9.3148],[-67.47316,-9.319354],[-67.475069,-9.323669],[-67.477949,-9.325834],[-67.481799,-9.326807],[-67.486609,-9.328503],[-67.489969,-9.331148],[-67.492125,-9.334028],[-67.492349,-9.337857],[-67.491604,-9.343117],[-67.49111,-9.345986],[-67.491823,-9.348142],[-67.494947,-9.34983],[-67.498554,-9.351281],[-67.499982,-9.355354],[-67.501395,-9.363015],[-67.502343,-9.366608],[-67.504746,-9.367814],[-67.509085,-9.367115],[-67.511976,-9.367127],[-67.514137,-9.36881],[-67.516288,-9.372886],[-67.516999,-9.375521],[-67.514584,-9.376946],[-67.510967,-9.377888],[-67.509511,-9.380274],[-67.508049,-9.384096],[-67.505151,-9.385758],[-67.503476,-9.38312],[-67.50325,-9.379769],[-67.503504,-9.37666],[-67.501583,-9.375217],[-67.498687,-9.376401],[-67.497849,-9.378192],[-67.498412,-9.381543],[-67.498499,-9.383745],[-67.498491,-9.385658],[-67.496941,-9.38747],[-67.495777,-9.389283],[-67.494322,-9.391574],[-67.493932,-9.397027],[-67.492945,-9.402573],[-67.492922,-9.40774],[-67.493093,-9.412717],[-67.494044,-9.415783],[-67.495388,-9.416937],[-67.497893,-9.417139],[-67.501756,-9.41505],[-67.504079,-9.412764],[-67.506395,-9.412008],[-67.50774,-9.41297],[-67.507726,-9.416224],[-67.508096,-9.419862],[-67.509047,-9.422928],[-67.509603,-9.428098],[-67.505913,-9.43459],[-67.505702,-9.438608],[-67.509347,-9.442642],[-67.514339,-9.447257],[-67.517418,-9.448418],[-67.523197,-9.4494],[-67.52222,-9.452458],[-67.521239,-9.456473],[-67.521228,-9.458961],[-67.520062,-9.461252],[-67.51793,-9.463923],[-67.515017,-9.468887],[-67.51519,-9.473672],[-67.51537,-9.476544],[-67.517678,-9.477702],[-67.521724,-9.478293],[-67.522293,-9.480592],[-67.520737,-9.483648],[-67.519181,-9.486895],[-67.519357,-9.490915],[-67.519536,-9.493978],[-67.517594,-9.497415],[-67.513927,-9.498356],[-67.510466,-9.496236],[-67.508734,-9.495463],[-67.507575,-9.496032],[-67.507754,-9.499287],[-67.509665,-9.503122],[-67.510993,-9.508104],[-67.510979,-9.511358],[-67.51193,-9.514233],[-67.514433,-9.515009],[-67.517903,-9.515024],[-67.519249,-9.515986],[-67.51981,-9.520008],[-67.519213,-9.524216],[-67.518429,-9.527275],[-67.51572,-9.52956],[-67.513208,-9.530889],[-67.508584,-9.530103],[-67.505698,-9.528751],[-67.503003,-9.527783],[-67.501073,-9.528157],[-67.499331,-9.529681],[-67.498932,-9.532741],[-67.500084,-9.533895],[-67.501623,-9.534667],[-67.505652,-9.539278],[-67.508913,-9.543119],[-67.510258,-9.544273],[-67.511414,-9.54447],[-67.513339,-9.545052],[-67.515074,-9.545059],[-67.517384,-9.546026],[-67.517758,-9.548707],[-67.516394,-9.551955],[-67.516379,-9.555591],[-67.516747,-9.559612],[-67.517154,-9.560783]]]}},{"type":"Feature","properties":{"folders":"vw_snv_aqa","altitude":0.0,"CD_UF":"13","NM_UF":"Amazonas","SIGLA_UF":"AM","NM_REGIAO":"Norte","AREA_KM2":1559255.881,"extensao":2117.1,"NOME":"Rios Solimões / Amazonas","CODIGO":"HF-132 + HF-100","BACIA":"Amazônica","TRECHO":"Calha principal no Amazonas — junção dos trechos SNV Rio Solimões (HF-132) e Rio Amazonas (HF-100)."},"geometry":{"type":"MultiLineString","coordinates":[[[-56.098157,-2.027208],[-56.10421,-2.050551],[-56.104849,-2.051578]],[[-56.115464,-2.067108],[-56.12536,-2.073138],[-56.136334,-2.087264],[-56.141748,-2.099873],[-56.141862,-2.100121]],[[-56.180791,-2.160066],[-56.180998,-2.160222],[-56.193527,-2.172715]],[[-56.201245,-2.180412],[-56.203585,-2.182745],[-56.205508,-2.184231]],[[-56.217939,-2.193832],[-56.22211,-2.196175],[-56.238966,-2.205519],[-56.263307,-2.220718],[-56.306752,-2.242102],[-56.312544,-2.2442]],[[-56.318381,-2.246314],[-56.333108,-2.251647],[-56.335928,-2.252319]],[[-56.356533,-2.25723],[-56.356533,-2.25723],[-56.363722,-2.258944],[-56.365262,-2.259789]],[[-56.381985,-2.268966],[-56.381985,-2.268966],[-56.381985,-2.268966]],[[-56.385077,-2.271717],[-56.395284,-2.280797],[-56.410518,-2.317467]],[[-56.413637,-2.324046],[-56.456763,-2.411487],[-56.456763,-2.411487]],[[-56.46486,-2.428735],[-56.473462,-2.44706],[-56.480938,-2.4589],[-56.561308,-2.535694],[-56.601816,-2.562661],[-56.63632,-2.57615],[-56.685506,-2.602819],[-56.711683,-2.606327],[-56.735615,-2.612752],[-56.758864,-2.619487],[-56.778845,-2.619302],[-56.803248,-2.615918],[-56.838084,-2.602498],[-56.880343,-2.584509],[-56.955439,-2.554528],[-56.989557,-2.546129],[-57.026298,-2.54125],[-57.045905,-2.543415],[-57.060427,-2.551974],[-57.077648,-2.565378],[-57.093638,-2.583081],[-57.107058,-2.602498],[-57.12767,-2.616446],[-57.158281,-2.627099],[-57.192433,-2.631337],[-57.225555,-2.629624],[-57.242116,-2.61963],[-57.255251,-2.607923],[-57.268956,-2.590791],[-57.283612,-2.547411],[-57.293798,-2.517408],[-57.314071,-2.478575],[-57.332916,-2.452592],[-57.357758,-2.428321],[-57.380601,-2.407192],[-57.410296,-2.389488],[-57.448558,-2.378353],[-57.482251,-2.376354],[-57.503095,-2.380066],[-57.526224,-2.389203],[-57.545929,-2.400854],[-57.559005,-2.415312],[-57.566199,-2.423753],[-57.578762,-2.461443],[-57.588398,-2.492274],[-57.59875,-2.514553],[-57.642722,-2.58765],[-57.668135,-2.635334],[-57.70554,-2.690157],[-57.744944,-2.738698],[-57.778066,-2.773533],[-57.823466,-2.793806],[-57.84945,-2.79552],[-57.879431,-2.79552],[-57.930256,-2.798375],[-57.9748,-2.810653],[-58.020771,-2.820647],[-58.072738,-2.84349],[-58.10657,-2.882751],[-58.10877,-2.885027],[-58.115945,-2.894184],[-58.129468,-2.915079],[-58.132446,-2.922735],[-58.137494,-2.942921],[-58.141168,-2.968181],[-58.147335,-2.986486],[-58.153784,-3.000711],[-58.16154,-3.033656],[-58.166613,-3.063166],[-58.168295,-3.091851],[-58.169265,-3.116931],[-58.171102,-3.13325],[-58.178957,-3.148156],[-58.209795,-3.188702],[-58.229497,-3.204692],[-58.25748,-3.21183],[-58.277753,-3.210402],[-58.309162,-3.202979],[-58.356846,-3.189844],[-58.421934,-3.166916],[-58.444673,-3.157315],[-58.460832,-3.148668],[-58.477889,-3.148714],[-58.490219,-3.152167],[-58.505011,-3.163121],[-58.519637,-3.176697],[-58.535923,-3.190975],[-58.549607,-3.211446],[-58.55671,-3.228938],[-58.566092,-3.252301],[-58.566425,-3.281736],[-58.56821,-3.30672],[-58.574573,-3.32687],[-58.58903,-3.345981],[-58.611635,-3.364422],[-58.63424,-3.37394],[-58.670824,-3.374535],[-58.705326,-3.367694],[-58.741745,-3.352753],[-58.753768,-3.349956],[-58.805773,-3.332364],[-58.839722,-3.316778],[-58.873517,-3.301192],[-58.888332,-3.290853],[-58.927218,-3.265599],[-58.970762,-3.245611],[-58.998602,-3.24347],[-59.029297,-3.242042],[-59.067844,-3.255605],[-59.10425,-3.266313],[-59.141369,-3.266313],[-59.182058,-3.260602],[-59.247731,-3.227051],[-59.335533,-3.181366],[-59.415483,-3.149957],[-59.455458,-3.134966],[-59.497575,-3.123545],[-59.519704,-3.123545],[-59.557537,-3.116407],[-59.62321,-3.084998],[-59.676748,-3.070007],[-59.721006,-3.060727],[-59.79239,-3.066438],[-59.847355,-3.089281],[-59.876623,-3.11141],[-59.896719,-3.125834],[-59.893174,-3.161472],[-59.89584,-3.184802],[-59.906505,-3.206798],[-59.925169,-3.215463],[-59.944499,-3.222129],[-59.970495,-3.230794],[-59.991825,-3.243459],[-59.997157,-3.262789],[-59.99999,-3.279274],[-60.043199,-3.298814],[-60.080541,-3.310398],[-60.115255,-3.319947],[-60.139376,-3.319725],[-60.16447,-3.311255],[-60.196554,-3.292838],[-60.21971,-3.275817],[-60.23645,-3.268004],[-60.264071,-3.266607],[-60.296157,-3.27358],[-60.33466,-3.281668],[-60.368141,-3.288361],[-60.40762,-3.308705],[-60.423654,-3.316115],[-60.444452,-3.330553],[-60.473183,-3.336345],[-60.499543,-3.329972],[-60.545869,-3.325734],[-60.589114,-3.322104],[-60.615885,-3.317588],[-60.615925,-3.317581],[-60.615953,-3.317586],[-60.647984,-3.322658],[-60.678117,-3.337164],[-60.700439,-3.362551],[-60.715229,-3.402727],[-60.72974,-3.432579],[-60.751225,-3.460199],[-60.769362,-3.486423],[-60.794475,-3.513206],[-60.820702,-3.533013],[-60.86981,-3.566211],[-60.904408,-3.589644],[-60.920033,-3.599687],[-60.955466,-3.604428],[-60.995085,-3.603588],[-61.025217,-3.597447],[-61.070415,-3.588237],[-61.122588,-3.585722],[-61.161333,-3.588241],[-61.224982,-3.589899],[-61.288795,-3.594109],[-61.341885,-3.59296],[-61.379829,-3.592678],[-61.406615,-3.603836],[-61.450391,-3.642859],[-61.480352,-3.668961],[-61.495902,-3.682508],[-61.562029,-3.730213],[-61.596906,-3.755878],[-61.616438,-3.773175],[-61.630669,-3.803027],[-61.638204,-3.826184],[-61.642948,-3.839297],[-61.644135,-3.841425],[-61.663317,-3.85743],[-61.698193,-3.866914],[-61.743392,-3.877234],[-61.757622,-3.890625],[-61.763761,-3.905132],[-61.773529,-3.932753],[-61.780226,-3.946982],[-61.789713,-3.961768],[-61.806039,-3.976493],[-61.829333,-3.980458],[-61.868393,-3.974596],[-61.915822,-3.960364],[-61.943721,-3.945574],[-61.989769,-3.906478],[-62.004271,-3.895634],[-62.020649,-3.880781],[-62.078473,-3.849866],[-62.135667,-3.826146],[-62.219365,-3.785406],[-62.256731,-3.763245],[-62.268819,-3.760621],[-62.299944,-3.769756],[-62.341349,-3.790027],[-62.393033,-3.800017],[-62.408585,-3.806556],[-62.458139,-3.826282],[-62.509252,-3.8377],[-62.546659,-3.849975],[-62.579213,-3.867962],[-62.605352,-3.886857],[-62.636609,-3.899368],[-62.672619,-3.902372],[-62.718274,-3.895649],[-62.755394,-3.891078],[-62.77862,-3.889239],[-62.830351,-3.896727],[-62.875019,-3.913962],[-62.899635,-3.935977],[-62.92891,-3.952715],[-62.95234,-3.968974],[-62.967501,-3.992041],[-62.982125,-4.015375],[-63.004484,-4.035054],[-63.023984,-4.049826],[-63.039532,-4.059913],[-63.054363,-4.062725],[-63.072931,-4.065235],[-63.115245,-4.047047],[-63.116178,-4.046646],[-63.138917,-4.031424],[-63.138956,-4.030887],[-63.149135,-4.007198],[-63.149684,-3.997299],[-63.145737,-3.971659],[-63.14149,-3.960659],[-63.144042,-3.949655],[-63.151161,-3.938734],[-63.171148,-3.933021],[-63.197418,-3.926737],[-63.228542,-3.922166],[-63.273086,-3.922449],[-63.300784,-3.921019],[-63.341109,-3.921543],[-63.350281,-3.919098],[-63.386277,-3.904747],[-63.412464,-3.881849],[-63.435432,-3.872289],[-63.471281,-3.860932],[-63.507512,-3.853329],[-63.541205,-3.838193],[-63.587749,-3.839046],[-63.649142,-3.857887],[-63.690261,-3.868164],[-63.708173,-3.870254],[-63.751652,-3.867017],[-63.825893,-3.855019],[-63.887283,-3.828744],[-63.924974,-3.819033],[-63.946037,-3.808736],[-63.977796,-3.779338],[-64.005491,-3.749354],[-64.043181,-3.71994],[-64.084298,-3.710514],[-64.119134,-3.696235],[-64.176656,-3.664722],[-64.198443,-3.645101],[-64.21428,-3.624454],[-64.222423,-3.616853],[-64.262493,-3.591471],[-64.324429,-3.557445],[-64.352125,-3.541453],[-64.384391,-3.529743],[-64.410945,-3.514036],[-64.442638,-3.484623],[-64.456912,-3.445217],[-64.479182,-3.416375],[-64.490318,-3.403811],[-64.505165,-3.395814],[-64.517158,-3.392672],[-64.536289,-3.391529],[-64.55542,-3.391527],[-64.575694,-3.394667],[-64.596254,-3.397235],[-64.612815,-3.395521],[-64.629662,-3.391807],[-64.638799,-3.384954],[-64.640847,-3.382479],[-64.645186,-3.377236],[-64.649933,-3.365821],[-64.655928,-3.349259],[-64.66535,-3.333839],[-64.681339,-3.316706],[-64.6959,-3.29072],[-64.70418,-3.281011],[-64.734732,-3.258736],[-64.759858,-3.24303],[-64.774991,-3.228751],[-64.793265,-3.215044],[-64.801545,-3.204764],[-64.810966,-3.183918],[-64.811864,-3.175379],[-64.812107,-3.173068],[-64.817782,-3.164808],[-64.831808,-3.154791],[-64.865518,-3.136032],[-64.8892,-3.115953],[-64.908002,-3.091487],[-64.933076,-3.071412],[-64.959725,-3.064836],[-64.995988,-3.054553],[-65.019687,-3.038561],[-65.037675,-3.019999],[-65.04167,-2.992873],[-65.046809,-2.980594],[-65.069937,-2.96089],[-65.09335,-2.950608],[-65.12476,-2.947179],[-65.142774,-2.936369],[-65.154168,-2.914625],[-65.160164,-2.902918],[-65.165016,-2.879503],[-65.165184,-2.868071],[-65.158731,-2.83039],[-65.154732,-2.814685],[-65.154731,-2.798124],[-65.154444,-2.787559],[-65.155014,-2.770997],[-65.159296,-2.758433],[-65.168433,-2.749009],[-65.183852,-2.743297],[-65.200998,-2.744323],[-65.220687,-2.749005],[-65.237249,-2.755286],[-65.264377,-2.767277],[-65.288934,-2.774985],[-65.313206,-2.778409],[-65.334726,-2.771882],[-65.356607,-2.762416],[-65.372026,-2.75242],[-65.386302,-2.740426],[-65.394582,-2.727005],[-65.397436,-2.713585],[-65.392009,-2.685316],[-65.3811,-2.663042],[-65.373936,-2.65413],[-65.368591,-2.641915],[-65.362022,-2.621642],[-65.36202,-2.601369],[-65.368586,-2.5731],[-65.374009,-2.543403],[-65.381145,-2.519417],[-65.39228,-2.502854],[-65.4057,-2.497999],[-65.42626,-2.504279],[-65.439111,-2.526265],[-65.454247,-2.555961],[-65.470811,-2.581087],[-65.490514,-2.596505],[-65.517356,-2.611637],[-65.532762,-2.621816],[-65.551046,-2.636061],[-65.588951,-2.656572],[-65.596754,-2.659131],[-65.614424,-2.661731],[-65.624955,-2.660791],[-65.642231,-2.660736],[-65.652458,-2.662695],[-65.663372,-2.661423],[-65.676971,-2.657728],[-65.692683,-2.647602],[-65.743467,-2.626905],[-65.764636,-2.603337],[-65.795757,-2.56393],[-65.810889,-2.537088],[-65.829814,-2.511414],[-65.855431,-2.497965],[-65.879131,-2.492252],[-65.901985,-2.482037],[-65.928303,-2.470995],[-65.961798,-2.461907],[-66.000002,-2.467673],[-66.047029,-2.481675],[-66.070411,-2.486143],[-66.104139,-2.494234],[-66.122985,-2.499373],[-66.132123,-2.507367],[-66.142974,-2.516504],[-66.156109,-2.520786],[-66.175241,-2.521641],[-66.182942,-2.51989],[-66.202652,-2.509075],[-66.214074,-2.50936],[-66.228066,-2.517639],[-66.242344,-2.530202],[-66.254338,-2.541623],[-66.264333,-2.554757],[-66.279182,-2.569033],[-66.304311,-2.58131],[-66.326869,-2.579595],[-66.355422,-2.565601],[-66.390828,-2.543326],[-66.405102,-2.50906],[-66.409953,-2.466799],[-66.409095,-2.441671],[-66.416079,-2.421721],[-66.421314,-2.408775],[-66.438788,-2.398267],[-66.480477,-2.39912],[-66.514172,-2.403401],[-66.54701,-2.412536],[-66.576707,-2.419957],[-66.616113,-2.433946],[-66.631207,-2.450809],[-66.62297,-2.484201],[-66.606696,-2.508474],[-66.594705,-2.534459],[-66.586141,-2.562443],[-66.58757,-2.580717],[-66.59214,-2.604417],[-66.613748,-2.650102],[-66.648072,-2.680594],[-66.694372,-2.703778],[-66.723784,-2.717768],[-66.746,-2.724351],[-66.773508,-2.724153],[-66.786889,-2.712909],[-66.813443,-2.693204],[-66.831716,-2.673215],[-66.851989,-2.663505],[-66.870263,-2.660077],[-66.891394,-2.671497],[-66.910813,-2.698622],[-66.914659,-2.708567],[-66.919845,-2.730565],[-66.929488,-2.754445],[-66.940465,-2.767942],[-66.970724,-2.776542],[-66.998164,-2.773574],[-67.029163,-2.758146],[-67.047554,-2.743757],[-67.055414,-2.722842],[-67.056005,-2.69288],[-67.05363,-2.67434],[-67.050228,-2.663043],[-67.048436,-2.64423],[-67.053775,-2.628952],[-67.064898,-2.615009],[-67.07795,-2.608333],[-67.091151,-2.60848],[-67.117554,-2.617378],[-67.131201,-2.629985],[-67.147667,-2.656979],[-67.154085,-2.671186],[-67.16062,-2.677517],[-67.175554,-2.684417],[-67.194095,-2.684415],[-67.213526,-2.680854],[-67.228623,-2.670938],[-67.234222,-2.662324],[-67.238144,-2.636206],[-67.240062,-2.600664],[-67.246595,-2.585627],[-67.256087,-2.576133],[-67.276258,-2.561002],[-67.292288,-2.5548],[-67.298358,-2.553139],[-67.314674,-2.553138],[-67.335588,-2.557141],[-67.352053,-2.565001],[-67.371188,-2.575976],[-67.388073,-2.593406],[-67.398437,-2.603755],[-67.412278,-2.628628],[-67.430969,-2.655474],[-67.443282,-2.676832],[-67.452183,-2.701157],[-67.462715,-2.71317],[-67.465103,-2.71493],[-67.484224,-2.731116],[-67.511814,-2.750693],[-67.531393,-2.755735],[-67.550972,-2.75781],[-67.575001,-2.757659],[-67.601848,-2.760772],[-67.628992,-2.769076],[-67.644732,-2.775418],[-67.697967,-2.814459],[-67.730748,-2.832255],[-67.747955,-2.84501],[-67.76058,-2.856245],[-67.772053,-2.87359],[-67.787711,-2.904486],[-67.805512,-2.935484],[-67.819457,-2.962924],[-67.826043,-2.976094],[-67.833678,-2.985926],[-67.848828,-3.000744],[-67.870334,-3.013337],[-67.879939,-3.021777],[-67.886505,-3.029962],[-67.891658,-3.038886],[-67.891893,-3.040644],[-67.905049,-3.067932],[-67.918845,-3.090476],[-67.929376,-3.100858],[-67.942875,-3.112427],[-67.956225,-3.118359],[-67.964085,-3.121381],[-67.968092,-3.129185],[-67.968527,-3.132016],[-67.968529,-3.13203],[-67.970006,-3.141624],[-67.968992,-3.147222],[-67.960085,-3.163004],[-67.946143,-3.180211],[-67.937245,-3.199791],[-67.926864,-3.225749],[-67.924937,-3.236131],[-67.924493,-3.249926],[-67.926571,-3.263868],[-67.92761,-3.277217],[-67.930133,-3.29472],[-67.935474,-3.310293],[-67.946006,-3.325867],[-67.958614,-3.336694],[-67.976711,-3.343515],[-67.995993,-3.345294],[-68.009787,-3.345293],[-68.02907,-3.342918],[-68.043605,-3.341137],[-68.063184,-3.331494],[-68.081576,-3.329565],[-68.117551,-3.331346],[-68.169831,-3.343204],[-68.209731,-3.348837],[-68.238061,-3.349429],[-68.2493,-3.351041],[-68.262047,-3.356834],[-68.283293,-3.36649],[-68.311492,-3.377303],[-68.343168,-3.382322],[-68.365957,-3.374209],[-68.383339,-3.365323],[-68.39879,-3.366481],[-68.425218,-3.376485],[-68.459438,-3.390426],[-68.495748,-3.398148],[-68.551487,-3.403847],[-68.56478,-3.402157],[-68.572618,-3.396597],[-68.597338,-3.377668],[-68.618583,-3.3711],[-68.655666,-3.376505],[-68.692364,-3.395043],[-68.741423,-3.424397],[-68.762983,-3.436991],[-68.789323,-3.446797],[-68.825814,-3.443961],[-68.868124,-3.446791],[-68.916409,-3.45065],[-68.938814,-3.455284],[-68.951175,-3.456828],[-68.960445,-3.458373],[-68.964568,-3.459135],[-68.969017,-3.457948],[-68.972034,-3.455668],[-68.985553,-3.446396],[-68.999072,-3.439828],[-69.021078,-3.433915],[-69.035465,-3.430503],[-69.043603,-3.429619],[-69.079417,-3.433256],[-69.106844,-3.443297],[-69.137747,-3.460677],[-69.154813,-3.471037],[-69.166487,-3.474534],[-69.197235,-3.477669],[-69.226206,-3.474963],[-69.27471,-3.472329],[-69.293407,-3.473794],[-69.305718,-3.476018],[-69.323666,-3.482543],[-69.336571,-3.495595],[-69.34829,-3.516953],[-69.350813,-3.531044],[-69.352001,-3.547656],[-69.352002,-3.562637],[-69.349927,-3.576876],[-69.350076,-3.589929],[-69.351411,-3.59779],[-69.358087,-3.610397],[-69.369064,-3.622114],[-69.387902,-3.634869],[-69.403626,-3.644657],[-69.406652,-3.647336],[-69.414469,-3.659261],[-69.418462,-3.669686],[-69.423762,-3.679581],[-69.427969,-3.692067],[-69.429735,-3.702057],[-69.430181,-3.708583],[-69.429588,-3.718521],[-69.424694,-3.730239],[-69.417872,-3.742106],[-69.409863,-3.751896],[-69.404376,-3.760054],[-69.400669,-3.771327],[-69.397406,-3.783342],[-69.395034,-3.794912],[-69.392662,-3.808706],[-69.392366,-3.8225],[-69.392219,-3.841486],[-69.392666,-3.86062],[-69.392518,-3.872783],[-69.391926,-3.881682],[-69.392668,-3.89518],[-69.392669,-3.909271],[-69.395044,-3.923065],[-69.401126,-3.94027],[-69.406764,-3.955547],[-69.409583,-3.968006],[-69.413441,-3.98536],[-69.414183,-3.990107],[-69.42071,-4.000341],[-69.428868,-4.004938],[-69.467582,-4.022734],[-69.492205,-4.031039],[-69.512971,-4.04231],[-69.523207,-4.050319],[-69.526915,-4.05729],[-69.527213,-4.067969],[-69.527213,-4.078203],[-69.524396,-4.084285],[-69.519798,-4.092443],[-69.515349,-4.098525],[-69.509416,-4.103865],[-69.501852,-4.110244],[-69.492508,-4.116029],[-69.479752,-4.117958],[-69.468628,-4.116921],[-69.449642,-4.110989],[-69.430358,-4.099718],[-69.41152,-4.09171],[-69.395649,-4.086371],[-69.385711,-4.08563],[-69.37963,-4.089042],[-69.37355,-4.097497],[-69.369842,-4.106397],[-69.369102,-4.122861],[-69.374442,-4.135469],[-69.383491,-4.148817],[-69.394765,-4.156233],[-69.404703,-4.161275],[-69.414789,-4.164982],[-69.430364,-4.169728],[-69.442675,-4.172248],[-69.456766,-4.174917],[-69.468336,-4.185002],[-69.478127,-4.202949],[-69.490143,-4.227422],[-69.498006,-4.243589],[-69.509132,-4.262722],[-69.522482,-4.277257],[-69.542952,-4.290901],[-69.562384,-4.303952],[-69.582556,-4.307659],[-69.613705,-4.309882],[-69.638816,-4.31258],[-69.644786,-4.314376],[-69.655311,-4.318988],[-69.665323,-4.323375],[-69.67987,-4.335496],[-69.693507,-4.349627],[-69.710268,-4.360305],[-69.734149,-4.367571],[-69.764705,-4.37276],[-69.779686,-4.375726],[-69.809743,-4.39015],[-69.876368,-4.401809],[-69.901352,-4.399668],[-69.930144,-4.393957],[-69.953463,-4.390388],[-69.970119,-4.385153],[-69.991058,-4.377063],[-70.002718,-4.37397],[-70.005699,-4.369386],[-70.00248,-4.360645],[-69.987251,-4.346368],[-69.971785,-4.334233],[-69.959411,-4.320908],[-69.947276,-4.308059],[-69.940852,-4.294496],[-69.942755,-4.277364],[-69.945135,-4.270701],[-69.949893,-4.258804],[-69.949656,-4.248096],[-69.948942,-4.237865],[-69.948228,-4.229061],[-69.947959,-4.227379]]]}},{"type":"Feature","properties":{"folders":"vw_snv_aqa","altitude":0.0,"CD_UF":"13","NM_UF":"Amazonas","SIGLA_UF":"AM","NM_REGIAO":"Norte","AREA_KM2":1559255.881,"extensao":877.5,"NOME":"Rio Madeira","CODIGO":"HF-117","BACIA":"Amazônica","TRECHO":"Da foz, no rio Amazonas, ate a confluencia dos rios Beni (Bolivia) e Mamore."},"geometry":{"type":"MultiLineString","coordinates":[[[-58.741745,-3.352753],[-58.74883,-3.359369],[-58.765225,-3.368573],[-58.770478,-3.375326],[-58.776481,-3.390334],[-58.783235,-3.404592],[-58.784735,-3.415097],[-58.789988,-3.427104],[-58.795241,-3.43911],[-58.801244,-3.449616],[-58.819254,-3.459371],[-58.844767,-3.470627],[-58.879286,-3.488637],[-58.895044,-3.511899],[-58.914555,-3.541915],[-58.926561,-3.553171],[-58.94232,-3.571931],[-58.96258,-3.596694],[-58.973836,-3.613954],[-58.994848,-3.620707],[-59.042123,-3.645471],[-59.066136,-3.66348],[-59.086397,-3.678488],[-59.093901,-3.682991],[-59.098403,-3.688243],[-59.098403,-3.693496],[-59.097653,-3.701751],[-59.088648,-3.713007],[-59.080393,-3.727264],[-59.062384,-3.749026],[-59.05488,-3.764034],[-59.050377,-3.779792],[-59.049627,-3.797802],[-59.053379,-3.815061],[-59.059382,-3.835322],[-59.071389,-3.857084],[-59.081894,-3.872092],[-59.106108,-3.892554],[-59.120197,-3.902951],[-59.149464,-3.907662],[-59.171593,-3.913801],[-59.189867,-3.918084],[-59.203859,-3.92665],[-59.233697,-3.940927],[-59.270384,-3.954725],[-59.296343,-3.96723],[-59.307597,-3.977993],[-59.311487,-3.983222],[-59.314789,-3.991467],[-59.321071,-4.00817],[-59.324069,-4.015309],[-59.326924,-4.021162],[-59.332207,-4.026016],[-59.340059,-4.031156],[-59.351623,-4.03858],[-59.361189,-4.04372],[-59.368898,-4.047717],[-59.372467,-4.052571],[-59.374323,-4.058567],[-59.374609,-4.064135],[-59.373895,-4.071274],[-59.37418,-4.076984],[-59.373752,-4.085408],[-59.37261,-4.094259],[-59.371611,-4.100684],[-59.370469,-4.108108],[-59.369469,-4.114247],[-59.369469,-4.1211],[-59.369755,-4.128809],[-59.368613,-4.135376],[-59.368327,-4.146941],[-59.366986,-4.158489],[-59.369615,-4.166733],[-59.374259,-4.185255],[-59.374824,-4.186491],[-59.382237,-4.206183],[-59.386152,-4.214383],[-59.393882,-4.226319],[-59.398737,-4.232601],[-59.406589,-4.239311],[-59.411586,-4.242738],[-59.421151,-4.251304],[-59.431288,-4.260726],[-59.438569,-4.268008],[-59.450989,-4.274147],[-59.466551,-4.279857],[-59.483541,-4.28257],[-59.498246,-4.285568],[-59.51238,-4.287424],[-59.529369,-4.289423],[-59.540244,-4.289921],[-59.546073,-4.29185],[-59.55421,-4.297989],[-59.557922,-4.303842],[-59.56035,-4.308982],[-59.562919,-4.31612],[-59.563919,-4.321974],[-59.563205,-4.326685],[-59.563062,-4.336964],[-59.564204,-4.343389],[-59.5702,-4.352669],[-59.581479,-4.365232],[-59.594328,-4.377368],[-59.602466,-4.383649],[-59.610318,-4.385934],[-59.618999,-4.386113],[-59.629306,-4.383507],[-59.635445,-4.381079],[-59.641013,-4.376939],[-59.646724,-4.372799],[-59.652577,-4.367374],[-59.659573,-4.361949],[-59.666965,-4.35035],[-59.672565,-4.345673],[-59.675574,-4.344023],[-59.67698,-4.343144],[-59.679995,-4.341832],[-59.685211,-4.341259],[-59.686556,-4.34139],[-59.691839,-4.341533],[-59.698977,-4.342389],[-59.706258,-4.343389],[-59.710827,-4.343674],[-59.719964,-4.34553],[-59.727673,-4.347957],[-59.731813,-4.349385],[-59.73938,-4.353954],[-59.745805,-4.356952],[-59.75025,-4.359126],[-59.753925,-4.364626],[-59.757161,-4.369469],[-59.769125,-4.384647],[-59.782169,-4.404161],[-59.796307,-4.41717],[-59.806572,-4.430226],[-59.80936,-4.433957],[-59.82189,-4.448369],[-59.826795,-4.454947],[-59.838175,-4.475306],[-59.846884,-4.49044],[-59.850453,-4.49872],[-59.853309,-4.505716],[-59.856592,-4.513853],[-59.860733,-4.523133],[-59.866158,-4.535554],[-59.87658,-4.554399],[-59.880863,-4.561966],[-59.885146,-4.568391],[-59.891428,-4.575672],[-59.898138,-4.583524],[-59.906133,-4.591233],[-59.911558,-4.596944],[-59.916412,-4.604511],[-59.920124,-4.61322],[-59.922123,-4.620644],[-59.92355,-4.629924],[-59.924407,-4.638775],[-59.925121,-4.658477],[-59.925692,-4.662046],[-59.926691,-4.66947],[-59.929118,-4.678179],[-59.931688,-4.685603],[-59.935971,-4.695454],[-59.93954,-4.704305],[-59.943252,-4.71487],[-59.943966,-4.72515],[-59.942681,-4.734001],[-59.940683,-4.741711],[-59.936685,-4.748706],[-59.93283,-4.755702],[-59.930689,-4.761413],[-59.92455,-4.778402],[-59.920695,-4.786254],[-59.917126,-4.795391],[-59.915127,-4.80253],[-59.913271,-4.80824],[-59.913699,-4.814237],[-59.913842,-4.816093],[-59.915841,-4.819233],[-59.916983,-4.821089],[-59.919267,-4.823231],[-59.922551,-4.824659],[-59.926406,-4.825801],[-59.931545,-4.8278],[-59.9364,-4.830655],[-59.941682,-4.833367],[-59.945679,-4.834938],[-59.951247,-4.837508],[-59.955102,-4.839792],[-59.960242,-4.843076],[-59.963668,-4.846217],[-59.966523,-4.848929],[-59.969379,-4.852356],[-59.975946,-4.857923],[-59.983941,-4.865205],[-59.993364,-4.874056],[-59.999994,-4.878995],[-60.031085,-4.889883],[-60.054152,-4.901076],[-60.070523,-4.907789],[-60.084664,-4.914501],[-60.101035,-4.915984],[-60.118892,-4.915224],[-60.141208,-4.908484],[-60.164266,-4.90174],[-60.176911,-4.899486],[-60.194766,-4.898716],[-60.211136,-4.900187],[-60.221563,-4.907637],[-60.23498,-4.922549],[-60.24245,-4.940456],[-60.248443,-4.963592],[-60.255926,-4.985978],[-60.271606,-5.011335],[-60.292512,-5.040414],[-60.314896,-5.060526],[-60.33803,-5.079887],[-60.353704,-5.092542],[-60.382771,-5.113323],[-60.390888,-5.114796],[-60.398018,-5.116541],[-60.402599,-5.118243],[-60.406533,-5.120902],[-60.410959,-5.124756],[-60.415226,-5.129789],[-60.41705,-5.133082],[-60.419668,-5.141888],[-60.422095,-5.150312],[-60.424665,-5.15902],[-60.42752,-5.165017],[-60.431803,-5.171013],[-60.437942,-5.176866],[-60.444444,-5.181455],[-60.454932,-5.186004],[-60.463355,-5.188716],[-60.472207,-5.190858],[-60.482629,-5.192999],[-60.495335,-5.197139],[-60.508327,-5.204421],[-60.517178,-5.209989],[-60.52346,-5.216984],[-60.528314,-5.224694],[-60.531312,-5.232118],[-60.536452,-5.23997],[-60.541877,-5.246537],[-60.544229,-5.249483],[-60.549908,-5.25447],[-60.557376,-5.258774],[-60.596196,-5.281785],[-60.607693,-5.289653],[-60.613118,-5.292508],[-60.618401,-5.294364],[-60.623826,-5.296791],[-60.634676,-5.299647],[-60.645526,-5.300646],[-60.65809,-5.301074],[-60.676793,-5.301788],[-60.688214,-5.302359],[-60.702968,-5.302782],[-60.714914,-5.306268],[-60.720065,-5.308909],[-60.730221,-5.316879],[-60.732482,-5.319204],[-60.73568,-5.324027],[-60.741304,-5.335301],[-60.744464,-5.344476],[-60.749604,-5.36018],[-60.75146,-5.3736],[-60.750603,-5.386307],[-60.748176,-5.394159],[-60.742894,-5.407722],[-60.739039,-5.423569],[-60.736327,-5.432278],[-60.732758,-5.441129],[-60.731615,-5.445983],[-60.73133,-5.451409],[-60.732329,-5.455834],[-60.733614,-5.458547],[-60.73804,-5.460974],[-60.74218,-5.46283],[-60.748034,-5.465828],[-60.758027,-5.470254],[-60.769877,-5.47625],[-60.787295,-5.484388],[-60.823967,-5.501879],[-60.843165,-5.514922],[-60.879084,-5.5421],[-60.917344,-5.559874],[-60.923821,-5.564171],[-60.943864,-5.576865],[-60.956618,-5.585935],[-60.971974,-5.59434],[-60.980888,-5.602171],[-60.989597,-5.606026],[-60.994165,-5.606597],[-60.999305,-5.606169],[-61.004587,-5.604741],[-61.011297,-5.600601],[-61.015232,-5.597087],[-61.021547,-5.592482],[-61.02586,-5.590607],[-61.031573,-5.587289],[-61.039527,-5.584432],[-61.047989,-5.582612],[-61.061837,-5.579614],[-61.07954,-5.57633],[-61.092389,-5.574617],[-61.095792,-5.57444],[-61.102371,-5.575964],[-61.104525,-5.577187],[-61.110378,-5.582327],[-61.116945,-5.589037],[-61.123513,-5.596746],[-61.127938,-5.601886],[-61.13265,-5.609452],[-61.138218,-5.616734],[-61.144981,-5.624838],[-61.153208,-5.630011],[-61.1662,-5.635293],[-61.182333,-5.640719],[-61.201035,-5.647571],[-61.202495,-5.648256],[-61.209723,-5.650829],[-61.224458,-5.653574],[-61.235014,-5.654424],[-61.23687,-5.654424],[-61.252688,-5.653933],[-61.260712,-5.65628],[-61.265995,-5.659707],[-61.268136,-5.662419],[-61.270563,-5.666702],[-61.271563,-5.671128],[-61.273133,-5.675554],[-61.275275,-5.684405],[-61.276131,-5.695684],[-61.276417,-5.705963],[-61.277131,-5.713816],[-61.277273,-5.717242],[-61.277844,-5.725237],[-61.277987,-5.731947],[-61.278987,-5.740513],[-61.281271,-5.748936],[-61.28327,-5.753648],[-61.285411,-5.759358],[-61.287981,-5.766069],[-61.290265,-5.772636],[-61.294977,-5.782344],[-61.297975,-5.787198],[-61.30083,-5.793908],[-61.3024,-5.799905],[-61.303828,-5.804473],[-61.305399,-5.809042],[-61.305827,-5.811611],[-61.307397,-5.815752],[-61.309396,-5.820891],[-61.310824,-5.826317],[-61.312251,-5.831028],[-61.314536,-5.835311],[-61.316988,-5.838063],[-61.322528,-5.841484],[-61.328099,-5.841878],[-61.332953,-5.841593],[-61.337521,-5.840879],[-61.344945,-5.838166],[-61.349086,-5.835168],[-61.352797,-5.830314],[-61.359793,-5.821034],[-61.370793,-5.806082],[-61.377597,-5.799416],[-61.382208,-5.795764],[-61.386348,-5.794622],[-61.390631,-5.79348],[-61.396343,-5.79416],[-61.405086,-5.794558],[-61.416216,-5.798245],[-61.422754,-5.800761],[-61.426751,-5.804473],[-61.43132,-5.80947],[-61.436317,-5.817608],[-61.446308,-5.835928],[-61.457082,-5.857598],[-61.462015,-5.866577],[-61.465298,-5.869147],[-61.468011,-5.871431],[-61.472294,-5.872716],[-61.47572,-5.873573],[-61.478888,-5.873585],[-61.483865,-5.871466],[-61.486571,-5.868433],[-61.489997,-5.865007],[-61.494994,-5.861009],[-61.498706,-5.858154],[-61.503988,-5.853442],[-61.507272,-5.850587],[-61.514268,-5.846304],[-61.520264,-5.843306],[-61.52626,-5.841307],[-61.532114,-5.839308],[-61.536111,-5.838452],[-61.540537,-5.838452],[-61.545819,-5.838737],[-61.551678,-5.839984],[-61.564379,-5.842307],[-61.590363,-5.849159],[-61.617346,-5.85744],[-61.632479,-5.861152],[-61.64904,-5.866006],[-61.665887,-5.867719],[-61.674383,-5.868967],[-61.688587,-5.874001],[-61.696582,-5.881568],[-61.701722,-5.888706],[-61.703578,-5.893988],[-61.704863,-5.901983],[-61.703863,-5.90955],[-61.700865,-5.919544],[-61.69801,-5.926825],[-61.694726,-5.934963],[-61.687873,-5.944243],[-61.682734,-5.952951],[-61.673596,-5.963659],[-61.667039,-5.972335],[-61.665601,-5.977365],[-61.66503,-5.982504],[-61.665173,-5.985931],[-61.665744,-5.992641],[-61.667315,-5.997495],[-61.670884,-6.004491],[-61.67431,-6.011772],[-61.680021,-6.018053],[-61.691427,-6.027675],[-61.703195,-6.040379],[-61.738529,-6.065546],[-61.757258,-6.075446],[-61.767395,-6.082727],[-61.773677,-6.088438],[-61.783242,-6.094149],[-61.795234,-6.097718],[-61.806799,-6.101144],[-61.815507,-6.104428],[-61.824074,-6.108283],[-61.82726,-6.110752],[-61.830469,-6.11418],[-61.83264,-6.118847],[-61.833507,-6.123185],[-61.833528,-6.128922],[-61.833211,-6.131839],[-61.833211,-6.137122],[-61.833353,-6.141833],[-61.833068,-6.148686],[-61.832497,-6.166817],[-61.83164,-6.185092],[-61.833211,-6.212789],[-61.835209,-6.226066],[-61.838005,-6.235776],[-61.840635,-6.242484],[-61.845917,-6.24948],[-61.850057,-6.25205],[-61.855482,-6.25462],[-61.862621,-6.255191],[-61.867189,-6.255191],[-61.876898,-6.254191],[-61.888033,-6.253049],[-61.901739,-6.250765],[-61.91416,-6.248338],[-61.924582,-6.24848],[-61.93272,-6.24948],[-61.940715,-6.25105],[-61.95542,-6.252764],[-61.980773,-6.251053],[-61.989827,-6.248909],[-62.005531,-6.245768],[-62.016096,-6.243341],[-62.032943,-6.240628],[-62.04108,-6.238487],[-62.047219,-6.236631],[-62.053358,-6.23606],[-62.059069,-6.235203],[-62.068206,-6.231919],[-62.076487,-6.227636],[-62.083482,-6.222211],[-62.096046,-6.213074],[-62.102382,-6.206683],[-62.112893,-6.198226],[-62.125884,-6.190945],[-62.136449,-6.187661],[-62.15401,-6.188661],[-62.173283,-6.19223],[-62.18756,-6.197655],[-62.20098,-6.204651],[-62.22111,-6.218071],[-62.235102,-6.22678],[-62.241383,-6.234489],[-62.245329,-6.242871],[-62.246237,-6.25105],[-62.245095,-6.260901],[-62.244667,-6.271609],[-62.243382,-6.280603],[-62.241241,-6.290454],[-62.239813,-6.302018],[-62.239242,-6.310013],[-62.239242,-6.318865],[-62.240384,-6.330144],[-62.242383,-6.340137],[-62.245501,-6.350776],[-62.248522,-6.355985],[-62.251234,-6.363694],[-62.25409,-6.371118],[-62.257659,-6.380255],[-62.259229,-6.385395],[-62.2608,-6.390677],[-62.263084,-6.398815],[-62.268509,-6.412378],[-62.277218,-6.431223],[-62.278789,-6.440503],[-62.279217,-6.449355],[-62.27936,-6.46049],[-62.282929,-6.477194],[-62.286926,-6.48676],[-62.297777,-6.501465],[-62.307913,-6.511316],[-62.320243,-6.519986],[-62.333526,-6.526875],[-62.336038,-6.528876],[-62.34746,-6.534016],[-62.35574,-6.538013],[-62.364735,-6.540869],[-62.368447,-6.544295],[-62.37016,-6.54715],[-62.370303,-6.551862],[-62.368875,-6.555716],[-62.366876,-6.559428],[-62.362165,-6.564425],[-62.357311,-6.570279],[-62.35317,-6.576418],[-62.349316,-6.582414],[-62.345461,-6.590552],[-62.342891,-6.608541],[-62.339036,-6.625102],[-62.336324,-6.639236],[-62.336038,-6.644518],[-62.336181,-6.648515],[-62.337038,-6.655083],[-62.337466,-6.659223],[-62.338037,-6.665077],[-62.338465,-6.670073],[-62.340321,-6.678354],[-62.342748,-6.689347],[-62.346175,-6.703053],[-62.348316,-6.712618],[-62.35003,-6.716901],[-62.356026,-6.727752],[-62.362022,-6.742028],[-62.368875,-6.752736],[-62.375157,-6.760017],[-62.38201,-6.766442],[-62.390147,-6.769154],[-62.397714,-6.770439],[-62.404995,-6.770439],[-62.417701,-6.76944],[-62.427838,-6.770154],[-62.43669,-6.77101],[-62.444253,-6.772654],[-62.450538,-6.776293],[-62.454107,-6.776721],[-62.457676,-6.776578],[-62.460532,-6.775579],[-62.463244,-6.774437],[-62.465583,-6.773501],[-62.468577,-6.771443],[-62.472077,-6.768336],[-62.473809,-6.767155],[-62.484088,-6.759731],[-62.497366,-6.753735],[-62.508787,-6.750594],[-62.517639,-6.749452],[-62.523778,-6.750452],[-62.528917,-6.752165],[-62.534914,-6.754306],[-62.540894,-6.758512],[-62.547763,-6.762587],[-62.555758,-6.769154],[-62.563324,-6.773723],[-62.571605,-6.778291],[-62.579886,-6.781575],[-62.587452,-6.78543],[-62.605289,-6.791219],[-62.619289,-6.796423],[-62.628569,-6.802133],[-62.63534,-6.808618],[-62.640141,-6.814692],[-62.649556,-6.8334],[-62.654267,-6.844535],[-62.657694,-6.854672],[-62.657979,-6.858098],[-62.65773,-6.860672],[-62.654267,-6.869234],[-62.652269,-6.875088],[-62.650984,-6.88294],[-62.649128,-6.889365],[-62.649128,-6.893219],[-62.648858,-6.898944],[-62.650842,-6.91357],[-62.651983,-6.915777],[-62.654696,-6.922344],[-62.658408,-6.929911],[-62.661862,-6.938962],[-62.669256,-6.951118],[-62.675968,-6.963889],[-62.686676,-6.982021],[-62.702523,-7.01243],[-62.713659,-7.028563],[-62.720797,-7.03513],[-62.727222,-7.038271],[-62.73279,-7.04027],[-62.739071,-7.038557],[-62.751064,-7.031847],[-62.771908,-7.020425],[-62.789897,-7.013287],[-62.80917,-7.004007],[-62.817451,-7.002151],[-62.823304,-7.002151],[-62.831157,-7.004007],[-62.841008,-7.007005],[-62.847718,-7.012002],[-62.852001,-7.017284],[-62.853999,-7.023138],[-62.853714,-7.031276],[-62.856426,-7.040984],[-62.863273,-7.055492],[-62.865849,-7.069537],[-62.870989,-7.092237],[-62.871132,-7.098805],[-62.869561,-7.113653],[-62.874701,-7.122219],[-62.879698,-7.131927],[-62.887264,-7.147774],[-62.899257,-7.169903],[-62.906823,-7.187749],[-62.91182,-7.210449],[-62.918959,-7.236861],[-62.926525,-7.256848],[-62.93547,-7.284471],[-62.944657,-7.322093],[-62.954365,-7.34565],[-62.965787,-7.360783],[-62.983347,-7.375488],[-62.99691,-7.398331],[-63.010283,-7.426596],[-63.013852,-7.433853],[-63.017302,-7.444442],[-63.02099,-7.456101],[-63.021109,-7.466452],[-63.019563,-7.479896],[-63.016707,-7.496909],[-63.014328,-7.506189],[-63.010283,-7.518205],[-63.006714,-7.525581],[-62.997791,-7.536646],[-62.992199,-7.542475],[-62.986607,-7.545926],[-62.981134,-7.547472],[-62.977208,-7.549257],[-62.972211,-7.552945],[-62.970189,-7.556038],[-62.967928,-7.559965],[-62.965073,-7.564723],[-62.958886,-7.57781],[-62.953295,-7.58709],[-62.950796,-7.596013],[-62.94568,-7.610885],[-62.943182,-7.62421],[-62.942468,-7.631586],[-62.942468,-7.640509],[-62.941873,-7.653239],[-62.940446,-7.659188],[-62.938066,-7.663947],[-62.93414,-7.669777],[-62.930928,-7.678343],[-62.927693,-7.686834],[-62.927953,-7.68905],[-62.928072,-7.695713],[-62.929024,-7.702137],[-62.930928,-7.708205],[-62.936163,-7.716652],[-62.939851,-7.719507],[-62.942825,-7.723909],[-62.945086,-7.728668],[-62.946513,-7.733308],[-62.94687,-7.737948],[-62.946751,-7.74235],[-62.946037,-7.747823],[-62.944015,-7.751868],[-62.938185,-7.761624],[-62.935092,-7.768643],[-62.932236,-7.778042],[-62.930095,-7.785537],[-62.926645,-7.800171],[-62.923218,-7.818778],[-62.92141,-7.824204],[-62.912963,-7.837886],[-62.902136,-7.858587],[-62.893909,-7.871149],[-62.888063,-7.882233],[-62.88375,-7.891909],[-62.87501,-7.919263],[-62.871203,-7.931398],[-62.869657,-7.942701],[-62.869419,-7.958167],[-62.871536,-7.975631],[-62.871601,-7.975893]]]}},{"type":"Feature","properties":{"folders":"vw_snv_aqa","altitude":0.0,"CD_UF":"13","NM_UF":"Amazonas","SIGLA_UF":"AM","NM_REGIAO":"Norte","AREA_KM2":1559255.881,"extensao":68.3,"NOME":"Rio Tapajós","CODIGO":"HF-106","BACIA":"Amazônica","TRECHO":"Da foz no Rio Amazonas, ate a confluencia dos Rios Juruena e Teles Pires."},"geometry":{"type":"MultiLineString","coordinates":[[[-58.265155,-6.473065],[-58.26902,-6.477804]],[[-58.333369,-6.535518],[-58.337248,-6.543936]],[[-58.337248,-6.543936],[-58.340538,-6.549084],[-58.346604,-6.555966],[-58.351893,-6.56064],[-58.352967,-6.561231],[-58.365781,-6.569571],[-58.373923,-6.574411],[-58.397353,-6.59145],[-58.413245,-6.601931],[-58.420837,-6.607773],[-58.424169,-6.610779],[-58.429002,-6.616116],[-58.431773,-6.61979],[-58.439027,-6.631638],[-58.443354,-6.640961],[-58.447101,-6.64816],[-58.450756,-6.653964],[-58.455442,-6.659629]],[[-58.478657,-6.718354],[-58.479491,-6.725792],[-58.479981,-6.735176],[-58.48004,-6.746876]],[[-58.480213,-6.752395],[-58.481071,-6.770444]],[[-58.471393,-6.802268],[-58.467805,-6.814066]],[[-58.421615,-6.922346],[-58.418548,-6.927306],[-58.4073,-6.942098],[-58.400339,-6.947892],[-58.395378,-6.951738],[-58.394294,-6.952874],[-58.39011,-6.957955],[-58.387841,-6.961769]],[[-58.383151,-6.968118],[-58.382663,-6.968667],[-58.380289,-6.970792],[-58.379316,-6.971736],[-58.374613,-6.972998],[-58.363257,-6.973801],[-58.360645,-6.973936],[-58.357013,-6.974516],[-58.352978,-6.975798],[-58.348804,-6.977701],[-58.338935,-6.982858],[-58.338935,-6.982858]],[[-58.296684,-7.048008],[-58.288186,-7.065799],[-58.285556,-7.070075],[-58.283829,-7.072308],[-58.281438,-7.075052],[-58.277539,-7.077947],[-58.275391,-7.078988],[-58.272868,-7.080249],[-58.269656,-7.081741],[-58.264609,-7.082544],[-58.259217,-7.082544],[-58.257825,-7.082187]],[[-58.243803,-7.091199],[-58.243589,-7.092531],[-58.241971,-7.096335],[-58.241094,-7.097914],[-58.238111,-7.102388],[-58.235588,-7.106632],[-58.231917,-7.110532],[-58.228705,-7.115235],[-58.226755,-7.120856],[-58.225493,-7.122806],[-58.223773,-7.124871],[-58.222855,-7.126133],[-58.221364,-7.127165],[-58.21907,-7.128083],[-58.216293,-7.128335]],[[-58.20966,-7.134144],[-58.20932,-7.142192],[-58.208631,-7.147239],[-58.207179,-7.153673],[-58.203748,-7.160986],[-58.201311,-7.165186],[-58.19323,-7.175512],[-58.191196,-7.177636],[-58.186952,-7.182913],[-58.184199,-7.187731],[-58.183281,-7.189336],[-58.180528,-7.19576],[-58.179266,-7.201037],[-58.177087,-7.208951],[-58.175596,-7.216178],[-58.174219,-7.223978],[-58.17399,-7.226961],[-58.172728,-7.234761],[-58.171441,-7.245502],[-58.171512,-7.25346],[-58.171843,-7.257188]],[[-58.173003,-7.290403],[-58.172843,-7.295326],[-58.173018,-7.30346],[-58.172496,-7.308287],[-58.171108,-7.311936],[-58.165304,-7.320574],[-58.162887,-7.3232]]]}},{"type":"Feature","properties":{"folders":"vw_snv_aqa","altitude":0.0,"CD_UF":"13","NM_UF":"Amazonas","SIGLA_UF":"AM","NM_REGIAO":"Norte","AREA_KM2":1559255.881,"extensao":2455.9,"NOME":"Rio Purus","CODIGO":"HF-134","BACIA":"Amazônica","TRECHO":"Da foz, no Rio Solimoes, formador do Rio Amazonas, ate o Rio Iaco"},"geometry":{"type":"MultiLineString","coordinates":[[[-65.999993,-7.678382],[-65.993756,-7.677662]],[[-65.993756,-7.677662],[-65.993756,-7.677662],[-65.987046,-7.677805],[-65.98369,-7.678304]],[[-65.98369,-7.678304],[-65.98369,-7.678304],[-65.983119,-7.678238]],[[-65.983119,-7.678238],[-65.978123,-7.677662],[-65.968057,-7.67445]],[[-65.968057,-7.67445],[-65.961276,-7.672165],[-65.952496,-7.668882]],[[-65.952496,-7.668882],[-65.946571,-7.666312],[-65.942216,-7.663671],[-65.936363,-7.659887]],[[-65.936363,-7.659887],[-65.933936,-7.656818],[-65.932632,-7.65549]],[[-65.932632,-7.65549],[-65.93001,-7.65282],[-65.93001,-7.65282]],[[-65.93001,-7.65282],[-65.926476,-7.649858],[-65.922372,-7.649965]],[[-65.922372,-7.649965],[-65.922372,-7.649965],[-65.917375,-7.651892]],[[-65.917375,-7.651892],[-65.911379,-7.654676],[-65.905597,-7.659316],[-65.902598,-7.66417],[-65.901171,-7.669096],[-65.899529,-7.675378],[-65.898387,-7.682231],[-65.898601,-7.688584],[-65.899029,-7.69508],[-65.898887,-7.701219],[-65.898387,-7.706787],[-65.895888,-7.713283],[-65.893247,-7.71678],[-65.889821,-7.719279],[-65.885609,-7.721563],[-65.881183,-7.722491],[-65.873545,-7.720849],[-65.86762,-7.718636],[-65.860768,-7.715138],[-65.854272,-7.711998],[-65.848133,-7.7085],[-65.84385,-7.704859],[-65.840709,-7.700719],[-65.838639,-7.694651],[-65.839674,-7.69044],[-65.840851,-7.687656],[-65.843421,-7.6858],[-65.847276,-7.684015],[-65.851273,-7.683373],[-65.857413,-7.682659],[-65.863195,-7.682516],[-65.867263,-7.681374],[-65.871547,-7.67909],[-65.873759,-7.676377],[-65.874759,-7.673593],[-65.874116,-7.669596],[-65.872689,-7.665884],[-65.868905,-7.662814],[-65.865407,-7.660458],[-65.86191,-7.658103],[-65.857841,-7.656532],[-65.855057,-7.654748],[-65.851059,-7.654177],[-65.846705,-7.654748],[-65.841494,-7.65639],[-65.835997,-7.659316],[-65.831215,-7.661886],[-65.826789,-7.662743],[-65.820293,-7.663242],[-65.816081,-7.663528],[-65.81294,-7.664313],[-65.810442,-7.665598],[-65.808515,-7.670202],[-65.808443,-7.674592],[-65.809157,-7.678876],[-65.809371,-7.682088],[-65.809585,-7.685157],[-65.808158,-7.688227],[-65.805588,-7.690368],[-65.80052,-7.692296],[-65.795094,-7.693438],[-65.789741,-7.694937],[-65.784815,-7.698006],[-65.780247,-7.700648],[-65.775821,-7.704931],[-65.771752,-7.709428],[-65.768897,-7.712069],[-65.766184,-7.713425],[-65.763543,-7.713782],[-65.759331,-7.713568],[-65.756761,-7.710713],[-65.755976,-7.708],[-65.756262,-7.70386],[-65.758189,-7.700505],[-65.761401,-7.696436],[-65.766969,-7.690154],[-65.773608,-7.683872],[-65.777034,-7.680018],[-65.77914,-7.675842],[-65.779676,-7.672165],[-65.77889,-7.669025],[-65.77732,-7.666669],[-65.773465,-7.66517],[-65.768468,-7.664456],[-65.763828,-7.664385],[-65.758332,-7.664599],[-65.753335,-7.665598],[-65.749552,-7.667169],[-65.746268,-7.669524],[-65.744269,-7.672736],[-65.743127,-7.675592],[-65.743912,-7.679375],[-65.743555,-7.683515],[-65.742699,-7.68994],[-65.739986,-7.697007],[-65.737202,-7.703217],[-65.73449,-7.709713],[-65.730706,-7.71471],[-65.72728,-7.719279],[-65.72471,-7.722491],[-65.721498,-7.724847],[-65.717857,-7.726631],[-65.714716,-7.727916],[-65.710933,-7.728701],[-65.70665,-7.728987],[-65.702295,-7.727916],[-65.698583,-7.725917],[-65.695157,-7.722634],[-65.691802,-7.717351],[-65.689875,-7.712997],[-65.688661,-7.708857],[-65.687448,-7.705073],[-65.684307,-7.700184],[-65.68088,-7.697649],[-65.677597,-7.697007],[-65.672386,-7.697293],[-65.66796,-7.698006],[-65.663962,-7.698363],[-65.660821,-7.695472],[-65.660322,-7.691439],[-65.66125,-7.688726],[-65.66282,-7.686656],[-65.665239,-7.685308],[-65.668816,-7.683801],[-65.672314,-7.683944],[-65.676098,-7.685015],[-65.681451,-7.686228],[-65.685806,-7.687227],[-65.689232,-7.688298],[-65.692302,-7.688227],[-65.694657,-7.685728],[-65.694872,-7.682088],[-65.693158,-7.677162],[-65.691017,-7.673879],[-65.688947,-7.671809],[-65.685592,-7.670881],[-65.680952,-7.670381],[-65.676526,-7.670595],[-65.673171,-7.67188],[-65.667668,-7.67486],[-65.664391,-7.677805],[-65.660893,-7.682802],[-65.658751,-7.686157],[-65.655682,-7.690226],[-65.652898,-7.693188],[-65.649471,-7.69251],[-65.647473,-7.690297],[-65.646473,-7.686085],[-65.647044,-7.682016],[-65.648829,-7.678519],[-65.652184,-7.675164],[-65.655468,-7.671523],[-65.65818,-7.667097],[-65.659394,-7.663457],[-65.661258,-7.655249],[-65.662392,-7.652142],[-65.66382,-7.649323],[-65.66589,-7.647324],[-65.668435,-7.645704],[-65.670635,-7.644172],[-65.672788,-7.640778],[-65.670754,-7.638252],[-65.667246,-7.638544],[-65.663748,-7.638829],[-65.659751,-7.6404],[-65.656467,-7.641756],[-65.653612,-7.643255],[-65.652041,-7.645539],[-65.649471,-7.649894],[-65.647687,-7.653391],[-65.644689,-7.657603],[-65.640905,-7.662957],[-65.638621,-7.666669],[-65.635195,-7.66981],[-65.627699,-7.673522],[-65.621418,-7.67602],[-65.616706,-7.677805],[-65.611638,-7.678519],[-65.607069,-7.679018],[-65.60143,-7.678233],[-65.597004,-7.676234],[-65.592293,-7.672951],[-65.588652,-7.668239],[-65.585726,-7.663742],[-65.583227,-7.660102],[-65.580158,-7.65589],[-65.577017,-7.653677],[-65.57252,-7.652392],[-65.569093,-7.650893],[-65.564667,-7.652107],[-65.561455,-7.65382],[-65.558029,-7.656604],[-65.555744,-7.658674],[-65.552889,-7.659245],[-65.548963,-7.658317],[-65.545608,-7.656461],[-65.543681,-7.651607],[-65.543395,-7.647467],[-65.543252,-7.644468],[-65.543752,-7.641613],[-65.543395,-7.638615],[-65.54211,-7.634475],[-65.541254,-7.631405],[-65.540897,-7.628621],[-65.541468,-7.62548],[-65.543586,-7.622854],[-65.547393,-7.621983],[-65.549748,-7.623339],[-65.552818,-7.625123],[-65.555602,-7.626266],[-65.558386,-7.62548],[-65.560599,-7.623553],[-65.562597,-7.620198],[-65.563026,-7.616058],[-65.56274,-7.613274],[-65.560456,-7.611917],[-65.554602,-7.611561],[-65.550105,-7.611489],[-65.545394,-7.611489],[-65.541539,-7.611132],[-65.537827,-7.609776],[-65.532621,-7.608471],[-65.529761,-7.608491],[-65.524621,-7.608634],[-65.519767,-7.60949],[-65.515555,-7.611061],[-65.512486,-7.613417],[-65.509916,-7.616486],[-65.509202,-7.621412],[-65.509274,-7.627408],[-65.511486,-7.633118],[-65.512986,-7.639472],[-65.512093,-7.644219],[-65.509202,-7.645825],[-65.506061,-7.645968],[-65.503206,-7.645753],[-65.499637,-7.644397],[-65.498066,-7.642041],[-65.496567,-7.636759],[-65.49721,-7.631262],[-65.49828,-7.624695],[-65.500065,-7.618984],[-65.503206,-7.612489],[-65.505275,-7.607942],[-65.507489,-7.603922],[-65.508774,-7.601067],[-65.509987,-7.597569],[-65.510558,-7.593215],[-65.510059,-7.589289],[-65.508346,-7.585577],[-65.50649,-7.582008],[-65.502468,-7.577507],[-65.499066,-7.576118],[-65.494283,-7.576226],[-65.491785,-7.578581],[-65.489357,-7.582793],[-65.486288,-7.588932],[-65.485146,-7.593929],[-65.484932,-7.597855],[-65.486502,-7.603066],[-65.487501,-7.606849],[-65.487644,-7.611275],[-65.48693,-7.614273],[-65.485717,-7.617128],[-65.484432,-7.620127],[-65.481934,-7.624017],[-65.480434,-7.626837],[-65.479007,-7.630977],[-65.478436,-7.633975],[-65.477365,-7.638044],[-65.475723,-7.642755],[-65.473796,-7.645753],[-65.472297,-7.648109],[-65.468478,-7.650643],[-65.463517,-7.65075],[-65.459448,-7.64918],[-65.456235,-7.646824],[-65.45288,-7.644112],[-65.451024,-7.639614],[-65.450096,-7.634903],[-65.451381,-7.629121],[-65.45388,-7.622268],[-65.45645,-7.616486],[-65.460133,-7.611519],[-65.463231,-7.606849],[-65.465301,-7.604565],[-65.466729,-7.600817],[-65.466443,-7.597284],[-65.464159,-7.594],[-65.460947,-7.590859],[-65.457592,-7.588289],[-65.45388,-7.583792],[-65.450953,-7.58008],[-65.447384,-7.575155],[-65.444314,-7.571514],[-65.44046,-7.567517],[-65.438104,-7.564876],[-65.43689,-7.560914],[-65.437533,-7.557237],[-65.439103,-7.555167],[-65.441959,-7.552598],[-65.444314,-7.550742],[-65.447027,-7.549457],[-65.448383,-7.546351],[-65.447063,-7.543032],[-65.443957,-7.541604],[-65.437105,-7.540248],[-65.431751,-7.538749],[-65.42654,-7.536964],[-65.420258,-7.534323],[-65.414904,-7.532396],[-65.41162,-7.531182],[-65.408408,-7.528827],[-65.405696,-7.527256],[-65.403054,-7.525614],[-65.398748,-7.525176],[-65.396273,-7.522688],[-65.395248,-7.51887],[-65.394533,-7.514761],[-65.394316,-7.510302],[-65.391181,-7.505944],[-65.388349,-7.502914],[-65.38528,-7.501344],[-65.380212,-7.499894],[-65.375643,-7.49856],[-65.372502,-7.497989],[-65.368576,-7.497418],[-65.363294,-7.498489],[-65.355727,-7.500844],[-65.3498,-7.503867],[-65.344616,-7.503522],[-65.342497,-7.501604],[-65.339663,-7.497664],[-65.33883,-7.491834],[-65.338618,-7.48659],[-65.337881,-7.483284],[-65.336382,-7.479857],[-65.333419,-7.477787],[-65.329743,-7.476859],[-65.325817,-7.476716],[-65.320677,-7.477359],[-65.318179,-7.478287],[-65.315681,-7.479857],[-65.31254,-7.481428],[-65.308971,-7.482927],[-65.305758,-7.482998],[-65.302925,-7.480696],[-65.299428,-7.473493],[-65.30038,-7.466058],[-65.302117,-7.462083],[-65.303711,-7.457305],[-65.303888,-7.454005],[-65.303545,-7.451447],[-65.302903,-7.448734],[-65.300976,-7.446593],[-65.297906,-7.444665],[-65.29417,-7.443121],[-65.289911,-7.441524],[-65.286342,-7.440739],[-65.283629,-7.438954],[-65.28056,-7.436813],[-65.276991,-7.432387],[-65.274635,-7.429639],[-65.270959,-7.429603],[-65.265355,-7.431531],[-65.259073,-7.434457],[-65.254576,-7.437098],[-65.251935,-7.438241],[-65.247152,-7.440025],[-65.241085,-7.441953],[-65.236587,-7.444023],[-65.233018,-7.44545],[-65.228592,-7.446378],[-65.225451,-7.446593],[-65.222382,-7.444665],[-65.22124,-7.44081],[-65.22124,-7.436884],[-65.222596,-7.432744],[-65.224452,-7.429603],[-65.226451,-7.425891],[-65.227664,-7.422465],[-65.226522,-7.418039],[-65.221904,-7.415014],[-65.215458,-7.412971],[-65.212388,-7.411472],[-65.209176,-7.409544],[-65.206035,-7.407189],[-65.203394,-7.404833],[-65.200182,-7.400907],[-65.197612,-7.396552],[-65.19597,-7.393768],[-65.193186,-7.391484],[-65.190331,-7.389485],[-65.187475,-7.387844],[-65.183406,-7.386559],[-65.180408,-7.386773],[-65.175911,-7.388486],[-65.171985,-7.391056],[-65.169701,-7.394268],[-65.168915,-7.398123],[-65.169058,-7.403548],[-65.169558,-7.408188],[-65.169487,-7.412971],[-65.168915,-7.41811],[-65.167916,-7.422964],[-65.166346,-7.428104],[-65.164847,-7.431031],[-65.162776,-7.434743],[-65.160992,-7.43717],[-65.157922,-7.439597],[-65.154425,-7.441239],[-65.15107,-7.442024],[-65.147286,-7.442167],[-65.14286,-7.440596],[-65.140005,-7.437598],[-65.138577,-7.434814],[-65.137507,-7.430817],[-65.137078,-7.425677],[-65.138791,-7.42118],[-65.140362,-7.418539],[-65.142503,-7.415255],[-65.14493,-7.412471],[-65.147001,-7.408973],[-65.147857,-7.404904],[-65.146287,-7.399979],[-65.144645,-7.396624],[-65.13983,-7.394127],[-65.135151,-7.392198],[-65.128655,-7.39077],[-65.124372,-7.389343],[-65.121445,-7.387844],[-65.118733,-7.384846],[-65.117876,-7.381633],[-65.118233,-7.37785],[-65.119589,-7.37478],[-65.122373,-7.372139],[-65.125443,-7.36907],[-65.126799,-7.365786],[-65.12687,-7.36186],[-65.126442,-7.35879],[-65.124729,-7.354008],[-65.12323,-7.349725],[-65.122607,-7.345115],[-65.123872,-7.340588],[-65.125514,-7.336376],[-65.12994,-7.333271],[-65.135222,-7.332093],[-65.140933,-7.332949],[-65.144217,-7.333021],[-65.148214,-7.332093],[-65.150927,-7.330451],[-65.152283,-7.326953],[-65.151641,-7.323955],[-65.150427,-7.320386],[-65.148785,-7.31646],[-65.146358,-7.312676],[-65.145287,-7.307109],[-65.14593,-7.30097],[-65.146644,-7.297186],[-65.147036,-7.291868],[-65.144003,-7.288834],[-65.141361,-7.287692],[-65.136936,-7.287549],[-65.13248,-7.288301],[-65.129631,-7.28995],[-65.126513,-7.293117],[-65.123373,-7.2974],[-65.121874,-7.302326],[-65.12016,-7.310606],[-65.119232,-7.317102],[-65.116662,-7.321956],[-65.113379,-7.326239],[-65.108453,-7.328595],[-65.103028,-7.329666],[-65.096889,-7.329594],[-65.093034,-7.330665],[-65.089822,-7.333021],[-65.084326,-7.336447],[-65.080471,-7.339231],[-65.076973,-7.341373],[-65.073689,-7.342729],[-65.069406,-7.344085],[-65.06548,-7.345013],[-65.058556,-7.346869],[-65.054915,-7.348868],[-65.05256,-7.350438],[-65.050061,-7.352794],[-65.047492,-7.355864],[-65.045421,-7.358648],[-65.041781,-7.360325],[-65.037855,-7.357898],[-65.035713,-7.353936],[-65.035356,-7.35001],[-65.035856,-7.346298],[-65.036427,-7.343157],[-65.036641,-7.340159],[-65.035927,-7.337018],[-65.034143,-7.334449],[-65.031073,-7.33245],[-65.027433,-7.33145],[-65.02472,-7.331665],[-65.021865,-7.333592],[-65.019795,-7.335305],[-65.015869,-7.337018],[-65.0108,-7.33816],[-65.00616,-7.339374],[-65.002734,-7.340016],[-64.999664,-7.340016],[-64.995667,-7.33916],[-64.991955,-7.335305],[-64.988029,-7.332021],[-64.983389,-7.327596],[-64.978321,-7.323313],[-64.973966,-7.31903],[-64.971396,-7.315104],[-64.969826,-7.311677],[-64.968827,-7.307822],[-64.968612,-7.304396],[-64.96954,-7.300898],[-64.970468,-7.297543],[-64.972324,-7.294902],[-64.974867,-7.291989],[-64.977535,-7.288335],[-64.980391,-7.28398],[-64.982282,-7.279911],[-64.982675,-7.276271],[-64.98189,-7.273058],[-64.98089,-7.269632],[-64.978892,-7.266848],[-64.976822,-7.264207],[-64.974506,-7.261494],[-64.97261,-7.259067],[-64.971539,-7.256426],[-64.970968,-7.253856],[-64.971611,-7.250644],[-64.97261,-7.246361],[-64.973709,-7.242756],[-64.974966,-7.240079],[-64.974242,-7.236981],[-64.969398,-7.23576],[-64.965257,-7.237152],[-64.963187,-7.23908],[-64.961046,-7.241792],[-64.958619,-7.245147],[-64.957048,-7.248145],[-64.955621,-7.250358],[-64.953194,-7.252643],[-64.951195,-7.254713],[-64.948054,-7.256569],[-64.945413,-7.257425],[-64.942557,-7.25764],[-64.939416,-7.257497],[-64.935919,-7.256783],[-64.932564,-7.255212],[-64.929351,-7.253285],[-64.926068,-7.250787],[-64.920928,-7.249002],[-64.916502,-7.249359],[-64.913076,-7.251286],[-64.906651,-7.252714],[-64.900013,-7.252928],[-64.894373,-7.252357],[-64.888737,-7.252781],[-64.884237,-7.253356],[-64.880525,-7.255141],[-64.878241,-7.258924],[-64.877955,-7.261851],[-64.878455,-7.264635],[-64.880382,-7.266919],[-64.883523,-7.268347],[-64.88802,-7.269132],[-64.893445,-7.269846],[-64.901583,-7.270346],[-64.908079,-7.27106],[-64.913219,-7.271845],[-64.918858,-7.272916],[-64.921927,-7.275057],[-64.924569,-7.278555],[-64.924783,-7.282481],[-64.924569,-7.286621],[-64.923998,-7.289619],[-64.922784,-7.292975],[-64.920857,-7.295045],[-64.91818,-7.29765],[-64.912933,-7.30047],[-64.909221,-7.300327],[-64.904724,-7.298971],[-64.901297,-7.294545],[-64.8973,-7.288477],[-64.893874,-7.283837],[-64.890733,-7.27984],[-64.886735,-7.276199],[-64.881024,-7.273558],[-64.873315,-7.272202],[-64.866248,-7.272059],[-64.861465,-7.272773],[-64.857539,-7.274486],[-64.853113,-7.277341],[-64.849758,-7.281125],[-64.848616,-7.284694],[-64.847902,-7.290048],[-64.849473,-7.296472],[-64.850972,-7.302397],[-64.850544,-7.310999],[-64.847474,-7.312891],[-64.844761,-7.312676],[-64.841978,-7.312676],[-64.837909,-7.311891],[-64.835125,-7.309678],[-64.832483,-7.305324],[-64.831413,-7.300684],[-64.83077,-7.296472],[-64.830842,-7.292832],[-64.832983,-7.286193],[-64.835482,-7.279626],[-64.837488,-7.273055],[-64.838765,-7.267348],[-64.838837,-7.262279],[-64.838194,-7.257425],[-64.835696,-7.253071],[-64.832412,-7.24943],[-64.828343,-7.246718],[-64.824417,-7.244719],[-64.819991,-7.24372],[-64.817065,-7.243648],[-64.81321,-7.24479],[-64.809426,-7.246861],[-64.806643,-7.249216],[-64.803573,-7.252785],[-64.800075,-7.255962],[-64.796078,-7.255284],[-64.792865,-7.251572],[-64.788511,-7.245219],[-64.784371,-7.237581],[-64.782586,-7.229015],[-64.782181,-7.223303],[-64.7828,-7.217165],[-64.783586,-7.211954],[-64.784942,-7.207814],[-64.785941,-7.204244],[-64.78587,-7.201603],[-64.78397,-7.196697],[-64.780231,-7.193822],[-64.776733,-7.192966],[-64.773021,-7.194322],[-64.769166,-7.196749],[-64.765097,-7.199319],[-64.762028,-7.20403],[-64.758173,-7.213096],[-64.754818,-7.220948],[-64.752034,-7.226088],[-64.74975,-7.229943],[-64.745824,-7.233369],[-64.742754,-7.235154],[-64.739613,-7.23601],[-64.736329,-7.234939],[-64.731475,-7.229229],[-64.727692,-7.221662],[-64.721339,-7.204958],[-64.714914,-7.192466],[-64.713844,-7.18904],[-64.712487,-7.184328],[-64.711202,-7.178618],[-64.712202,-7.171979],[-64.715485,-7.163984],[-64.71727,-7.158559],[-64.71677,-7.153776],[-64.714557,-7.148993],[-64.711773,-7.14571],[-64.709177,-7.144689],[-64.705563,-7.142997],[-64.701922,-7.142497],[-64.696283,-7.142355],[-64.691643,-7.141855],[-64.685932,-7.140427],[-64.68115,-7.138785],[-64.673583,-7.137501],[-64.666873,-7.137072],[-64.661805,-7.137857],[-64.658236,-7.139642],[-64.653524,-7.141998],[-64.649741,-7.144282],[-64.645886,-7.146495],[-64.642388,-7.14678],[-64.637606,-7.145281],[-64.634607,-7.142283],[-64.631824,-7.139357],[-64.630539,-7.135145],[-64.63061,-7.129434],[-64.632038,-7.123581],[-64.635107,-7.119155],[-64.639472,-7.117504],[-64.643031,-7.116442],[-64.651954,-7.113444],[-64.657807,-7.110732],[-64.667087,-7.10702],[-64.673726,-7.104664],[-64.67808,-7.102522],[-64.680436,-7.100666],[-64.681935,-7.097454],[-64.682006,-7.093742],[-64.680222,-7.089531],[-64.676438,-7.084819],[-64.67237,-7.082178],[-64.669371,-7.080465],[-64.663375,-7.080108],[-64.658093,-7.080965],[-64.652525,-7.083035],[-64.647385,-7.086318],[-64.642602,-7.090244],[-64.638177,-7.093028],[-64.633037,-7.093742],[-64.628254,-7.092315],[-64.6244,-7.089316],[-64.621687,-7.084748],[-64.619474,-7.080679],[-64.616904,-7.077253],[-64.613835,-7.075682],[-64.61048,-7.074611],[-64.604912,-7.073184],[-64.6017,-7.070971],[-64.600272,-7.068401],[-64.599629,-7.064975],[-64.601343,-7.060977],[-64.604486,-7.057677],[-64.610765,-7.055837],[-64.621973,-7.056694],[-64.63268,-7.059335],[-64.640889,-7.062119],[-64.648599,-7.065331],[-64.654666,-7.066831],[-64.657879,-7.065903],[-64.660877,-7.06369],[-64.663589,-7.058336],[-64.66466,-7.053553],[-64.664232,-7.048699],[-64.661733,-7.04463],[-64.658164,-7.041132],[-64.654238,-7.038634],[-64.650026,-7.037206],[-64.644673,-7.036278],[-64.638819,-7.036564],[-64.631038,-7.038206],[-64.62647,-7.040204],[-64.620545,-7.043631],[-64.616048,-7.046914],[-64.610694,-7.049984],[-64.607482,-7.05184],[-64.604341,-7.052482],[-64.599058,-7.052697],[-64.594847,-7.051554],[-64.59035,-7.050484],[-64.586638,-7.049984],[-64.582497,-7.049984],[-64.579927,-7.051697],[-64.577072,-7.054767],[-64.575216,-7.058836],[-64.574716,-7.064903],[-64.574788,-7.0694],[-64.573039,-7.073576],[-64.569934,-7.074254],[-64.567293,-7.072541],[-64.564723,-7.069543],[-64.563081,-7.063618],[-64.563152,-7.058621],[-64.562724,-7.052697],[-64.562296,-7.047486],[-64.563438,-7.043274],[-64.56665,-7.037635],[-64.571219,-7.034137],[-64.57543,-7.031995],[-64.581998,-7.031924],[-64.589623,-7.032567],[-64.593008,-7.032767],[-64.598273,-7.031067],[-64.602842,-7.027641],[-64.606197,-7.023715],[-64.607937,-7.021363],[-64.609945,-7.019641],[-64.613692,-7.017933],[-64.620545,-7.016077],[-64.627255,-7.013864],[-64.634179,-7.010009],[-64.637606,-7.006083],[-64.639533,-7.0018],[-64.639676,-6.995946],[-64.638319,-6.990878],[-64.636107,-6.987238],[-64.633394,-6.98374],[-64.627897,-6.980385],[-64.622829,-6.9796],[-64.617047,-6.980028],[-64.612193,-6.980884],[-64.607196,-6.981027],[-64.6017,-6.980313],[-64.597202,-6.979314],[-64.59349,-6.977815],[-64.591278,-6.975816],[-64.589778,-6.972104],[-64.589707,-6.967964],[-64.591492,-6.963538],[-64.593276,-6.959898],[-64.596774,-6.955971],[-64.59863,-6.952117],[-64.599201,-6.948048],[-64.59813,-6.94505],[-64.595364,-6.942654],[-64.591563,-6.942337],[-64.58678,-6.942551],[-64.582212,-6.943765],[-64.578357,-6.94505],[-64.574574,-6.944657],[-64.569577,-6.941338],[-64.568934,-6.936412],[-64.571718,-6.931915],[-64.576216,-6.927775],[-64.58252,-6.923849],[-64.591634,-6.92235],[-64.600629,-6.922278],[-64.610266,-6.922278],[-64.616119,-6.921636],[-64.620902,-6.920708],[-64.624328,-6.918424],[-64.626969,-6.913712],[-64.629182,-6.907645],[-64.63111,-6.904147],[-64.635179,-6.900221],[-64.640461,-6.89708],[-64.646172,-6.895938],[-64.651383,-6.895581],[-64.655237,-6.895795],[-64.660663,-6.895581],[-64.663946,-6.894439],[-64.667944,-6.893011],[-64.670799,-6.890441],[-64.673369,-6.8878],[-64.674725,-6.885159],[-64.67551,-6.881447],[-64.674368,-6.877306],[-64.671656,-6.873809],[-64.668729,-6.869811],[-64.663875,-6.866099],[-64.658787,-6.86348],[-64.65381,-6.86203],[-64.647599,-6.86203],[-64.643602,-6.863101],[-64.638391,-6.865028],[-64.631752,-6.867955],[-64.627255,-6.869811],[-64.6234,-6.870525],[-64.619974,-6.870525],[-64.616762,-6.869597],[-64.614691,-6.866742],[-64.612978,-6.861602],[-64.612621,-6.854035],[-64.611693,-6.846826],[-64.611919,-6.840092],[-64.61073,-6.832715],[-64.607934,-6.825934],[-64.604008,-6.820818],[-64.600082,-6.816951],[-64.596036,-6.814394],[-64.589731,-6.813263],[-64.58521,-6.814453],[-64.581343,-6.819152],[-64.579856,-6.824506],[-64.580094,-6.831169],[-64.581403,-6.837534],[-64.582176,-6.843066],[-64.582057,-6.846635],[-64.579469,-6.849431],[-64.575484,-6.850918],[-64.571885,-6.850383],[-64.56903,-6.847349],[-64.565758,-6.842055],[-64.562308,-6.836998],[-64.561296,-6.834262],[-64.560107,-6.830693],[-64.559333,-6.82522],[-64.560226,-6.820045],[-64.562248,-6.814631],[-64.56546,-6.809932],[-64.567959,-6.806779],[-64.570552,-6.804379],[-64.574145,-6.801961],[-64.579499,-6.799403],[-64.584793,-6.796548],[-64.587173,-6.795001],[-64.590266,-6.793871],[-64.594311,-6.792592],[-64.599189,-6.792443],[-64.60377,-6.792443],[-64.608291,-6.793454],[-64.613942,-6.79399],[-64.617392,-6.792681],[-64.620545,-6.790004],[-64.622389,-6.787208],[-64.622865,-6.783639],[-64.622151,-6.779832],[-64.620664,-6.776798],[-64.61763,-6.774181],[-64.614239,-6.77311],[-64.609956,-6.773348],[-64.605138,-6.773645],[-64.600617,-6.773645],[-64.596533,-6.771712],[-64.591456,-6.769422],[-64.585388,-6.766328],[-64.579321,-6.763116],[-64.575157,-6.760023],[-64.572004,-6.756692],[-64.570636,-6.753241],[-64.569624,-6.748899],[-64.570219,-6.745865],[-64.571647,-6.74063],[-64.573015,-6.736764],[-64.573669,-6.73254],[-64.573788,-6.728911],[-64.573669,-6.725699],[-64.572063,-6.72207],[-64.571112,-6.719453],[-64.570755,-6.716598],[-64.571409,-6.713713],[-64.574502,-6.711036],[-64.579641,-6.709725],[-64.585708,-6.711191],[-64.589433,-6.712136],[-64.593597,-6.714099],[-64.598416,-6.717312],[-64.60145,-6.724747],[-64.603294,-6.731112],[-64.605019,-6.734444],[-64.609302,-6.736317],[-64.612157,-6.735514],[-64.61418,-6.733492],[-64.615845,-6.731053],[-64.617035,-6.727246],[-64.617868,-6.722487],[-64.617095,-6.716836],[-64.61412,-6.708448],[-64.610551,-6.700715],[-64.606863,-6.694409],[-64.602045,-6.690483],[-64.596096,-6.685724],[-64.59217,-6.68275],[-64.585207,-6.677238],[-64.580421,-6.672744],[-64.574978,-6.667521],[-64.57016,-6.66425],[-64.566235,-6.662632],[-64.562189,-6.661811],[-64.558441,-6.662465],[-64.555645,-6.665618],[-64.554098,-6.669603],[-64.554039,-6.674481],[-64.555288,-6.680132],[-64.555943,-6.685724],[-64.55511,-6.690186],[-64.553623,-6.692803],[-64.552135,-6.695123],[-64.549102,-6.697859],[-64.545651,-6.699644],[-64.541606,-6.701369],[-64.538691,-6.702559],[-64.536133,-6.703154],[-64.533516,-6.702856],[-64.530363,-6.701786],[-64.527984,-6.70012],[-64.525813,-6.69783],[-64.524444,-6.694766],[-64.524415,-6.691316],[-64.525664,-6.68742],[-64.526764,-6.682899],[-64.52727,-6.678199],[-64.526393,-6.674138],[-64.524772,-6.671685],[-64.522095,-6.67002],[-64.51912,-6.669246],[-64.514718,-6.669217],[-64.510971,-6.670496],[-64.508472,-6.671983],[-64.506152,-6.674184],[-64.50485,-6.67644],[-64.503594,-6.678883],[-64.502762,-6.682095],[-64.501869,-6.685962],[-64.501274,-6.689472],[-64.500442,-6.692625],[-64.499044,-6.694974],[-64.495088,-6.696253],[-64.491281,-6.695064],[-64.489139,-6.692744],[-64.486938,-6.689531],[-64.485689,-6.685665],[-64.485094,-6.681084],[-64.484797,-6.676801],[-64.484797,-6.671388],[-64.484975,-6.66883],[-64.48557,-6.666094],[-64.486998,-6.663774],[-64.48902,-6.660799],[-64.492064,-6.658066],[-64.495623,-6.656278],[-64.497884,-6.655029],[-64.500917,-6.653066],[-64.503535,-6.651044],[-64.504546,-6.648248],[-64.505082,-6.644054],[-64.503416,-6.638432],[-64.500977,-6.634685],[-64.498241,-6.632543],[-64.496278,-6.629985],[-64.494077,-6.627249],[-64.492113,-6.623977],[-64.490269,-6.62023],[-64.488604,-6.615054],[-64.488128,-6.611128],[-64.487414,-6.605298],[-64.487295,-6.598457],[-64.487236,-6.594055],[-64.486819,-6.589951],[-64.485986,-6.586203],[-64.484797,-6.582812],[-64.482135,-6.579719],[-64.476974,-6.578708],[-64.473613,-6.579957],[-64.47052,-6.581801],[-64.467843,-6.5843],[-64.464809,-6.586739],[-64.462549,-6.589059],[-64.459693,-6.591379],[-64.456303,-6.593461],[-64.452376,-6.594353],[-64.447618,-6.593639],[-64.444941,-6.592092],[-64.442264,-6.589178],[-64.440777,-6.586144],[-64.440003,-6.582931],[-64.439646,-6.578589],[-64.440063,-6.574544],[-64.441015,-6.570915],[-64.44268,-6.566811],[-64.443335,-6.564015],[-64.443453,-6.560981],[-64.441966,-6.557263],[-64.439051,-6.554437],[-64.434887,-6.553724],[-64.430664,-6.554854],[-64.427511,-6.556876],[-64.424894,-6.559732],[-64.421562,-6.56455],[-64.419718,-6.569963],[-64.417108,-6.575044],[-64.412283,-6.576269],[-64.408059,-6.575079],[-64.404014,-6.572462],[-64.400564,-6.567465],[-64.396876,-6.560148],[-64.392593,-6.55295],[-64.387774,-6.545276],[-64.385216,-6.540637],[-64.380398,-6.536889],[-64.377884,-6.535488],[-64.372248,-6.532784],[-64.366299,-6.532368],[-64.360529,-6.532844],[-64.35351,-6.534569],[-64.346312,-6.537067],[-64.340901,-6.538488],[-64.336497,-6.538495],[-64.333403,-6.537067],[-64.330846,-6.534093],[-64.329834,-6.530107],[-64.329358,-6.526538],[-64.329537,-6.521541],[-64.329953,-6.517853],[-64.330548,-6.514225],[-64.330548,-6.509525],[-64.330191,-6.506491],[-64.329358,-6.503398],[-64.32799,-6.499888],[-64.324659,-6.49733],[-64.320792,-6.494653],[-64.316747,-6.492512],[-64.312762,-6.490787],[-64.308598,-6.487575],[-64.306813,-6.4846],[-64.306456,-6.481328],[-64.306634,-6.478354],[-64.30717,-6.474488],[-64.307943,-6.471573],[-64.311572,-6.463601],[-64.314368,-6.45569],[-64.316866,-6.450217],[-64.317937,-6.44641],[-64.31877,-6.443257],[-64.317818,-6.439896],[-64.314308,-6.435048],[-64.311096,-6.433263],[-64.30711,-6.431241],[-64.303065,-6.429218],[-64.298842,-6.427969],[-64.293488,-6.426541],[-64.288075,-6.424519],[-64.285457,-6.422853],[-64.283316,-6.420176],[-64.281948,-6.416429],[-64.281234,-6.413157],[-64.281531,-6.408993],[-64.28284,-6.403996],[-64.284743,-6.40126],[-64.287004,-6.397988],[-64.292477,-6.391801],[-64.295332,-6.389838],[-64.299972,-6.386626],[-64.305088,-6.384603],[-64.310799,-6.383414],[-64.31645,-6.381986],[-64.321447,-6.381153],[-64.325373,-6.380082],[-64.327752,-6.378298],[-64.330667,-6.375621],[-64.332571,-6.37229],[-64.332333,-6.367471],[-64.331143,-6.363605],[-64.329596,-6.360987],[-64.325968,-6.356228],[-64.321923,-6.35367],[-64.317996,-6.351529],[-64.312405,-6.348674],[-64.306872,-6.346591],[-64.304315,-6.344212],[-64.301876,-6.341297],[-64.300091,-6.338501],[-64.299853,-6.333564],[-64.30015,-6.328983],[-64.30247,-6.32476],[-64.305445,-6.320774],[-64.307289,-6.317443],[-64.30949,-6.315421],[-64.310501,-6.311048],[-64.308776,-6.306438],[-64.304374,-6.302452],[-64.300507,-6.302155],[-64.297057,-6.30269],[-64.29331,-6.304356],[-64.290097,-6.307925],[-64.289264,-6.312149],[-64.287004,-6.318454],[-64.28516,-6.321726],[-64.281353,-6.321786],[-64.277962,-6.319882],[-64.276296,-6.317503],[-64.27582,-6.313576],[-64.275939,-6.310245],[-64.277129,-6.306319],[-64.278914,-6.302571],[-64.281472,-6.298288],[-64.284862,-6.292221],[-64.286231,-6.289544],[-64.287004,-6.284547],[-64.287004,-6.280621],[-64.286647,-6.277171],[-64.28629,-6.270449],[-64.285398,-6.266939],[-64.283524,-6.263043],[-64.280401,-6.260455],[-64.276772,-6.259444],[-64.272965,-6.259206],[-64.26773,-6.258076],[-64.264102,-6.256826],[-64.261365,-6.255815],[-64.258867,-6.252157],[-64.25845,-6.24713],[-64.25845,-6.24255],[-64.25845,-6.238683],[-64.25848,-6.233091],[-64.258153,-6.225596],[-64.257082,-6.220004],[-64.255714,-6.215364],[-64.254286,-6.209594],[-64.253097,-6.203883],[-64.250836,-6.196626],[-64.248695,-6.19038],[-64.247895,-6.185301],[-64.248516,-6.181278],[-64.249349,-6.178364],[-64.250152,-6.174467],[-64.252204,-6.170333],[-64.255,-6.167894],[-64.258867,-6.166228],[-64.263804,-6.16492],[-64.267909,-6.163016],[-64.272073,-6.159863],[-64.274214,-6.157484],[-64.275761,-6.154034],[-64.276594,-6.14749],[-64.276356,-6.142672],[-64.276237,-6.13702],[-64.275464,-6.133035],[-64.27588,-6.12893],[-64.276891,-6.125242],[-64.276891,-6.121138],[-64.277189,-6.118282],[-64.27814,-6.115248],[-64.278557,-6.112006],[-64.279211,-6.10695],[-64.280728,-6.102637],[-64.283524,-6.099395],[-64.286825,-6.098116],[-64.289443,-6.098414],[-64.293488,-6.100912],[-64.298128,-6.105612],[-64.29908,-6.109657],[-64.299853,-6.113345],[-64.301638,-6.117687],[-64.305504,-6.120483],[-64.311691,-6.120959],[-64.315974,-6.11858],[-64.320019,-6.115367],[-64.322755,-6.110252],[-64.323826,-6.104005],[-64.322398,-6.097343],[-64.32103,-6.092822],[-64.317699,-6.08961],[-64.312702,-6.085089],[-64.309133,-6.083304],[-64.306099,-6.081817],[-64.302351,-6.080211],[-64.296819,-6.078902],[-64.293072,-6.077474],[-64.288313,-6.076285],[-64.284862,-6.074619],[-64.281888,-6.072656],[-64.279092,-6.069503],[-64.277843,-6.064447],[-64.277584,-6.059647],[-64.278557,-6.055167],[-64.280163,-6.052728],[-64.284119,-6.049278],[-64.288967,-6.047374],[-64.293666,-6.047136],[-64.299258,-6.048148],[-64.304196,-6.050468],[-64.308062,-6.053144],[-64.313356,-6.056833],[-64.315438,-6.05945],[-64.319127,-6.062424],[-64.321744,-6.064447],[-64.326562,-6.065994],[-64.330548,-6.066648],[-64.334296,-6.065994],[-64.338579,-6.063436],[-64.342267,-6.060104],[-64.344289,-6.054929],[-64.344527,-6.04898],[-64.343397,-6.044906],[-64.342148,-6.040533],[-64.341494,-6.037202],[-64.341315,-6.034347],[-64.341375,-6.030093],[-64.342148,-6.02584],[-64.342624,-6.022568],[-64.342624,-6.019832],[-64.342564,-6.015846],[-64.341137,-6.011147],[-64.340304,-6.008292],[-64.338638,-6.004901],[-64.336616,-6.003295],[-64.334296,-6.000975],[-64.328942,-5.998893],[-64.324242,-5.996632],[-64.319365,-5.994223],[-64.312107,-5.98991],[-64.308122,-5.985865],[-64.306337,-5.981344],[-64.305623,-5.976169],[-64.306872,-5.971648],[-64.308598,-5.96683],[-64.312821,-5.960643],[-64.315022,-5.954278],[-64.315676,-5.950352],[-64.316093,-5.947377],[-64.316628,-5.944225],[-64.318353,-5.940953],[-64.320276,-5.936842],[-64.323112,-5.933577],[-64.325254,-5.93197],[-64.328526,-5.930424],[-64.331321,-5.930424],[-64.335842,-5.931911],[-64.340899,-5.93429],[-64.344349,-5.936015],[-64.34774,-5.937681],[-64.350952,-5.93899],[-64.355651,-5.937622],[-64.358031,-5.935956],[-64.360113,-5.932982],[-64.360648,-5.928758],[-64.361481,-5.924951],[-64.362968,-5.920787],[-64.364961,-5.916682],[-64.369571,-5.916325],[-64.372546,-5.917991],[-64.374509,-5.920668],[-64.374925,-5.923761],[-64.375103,-5.926557],[-64.374509,-5.930483],[-64.372486,-5.934469],[-64.370701,-5.93893],[-64.369631,-5.942856],[-64.369214,-5.946069],[-64.3685,-5.94934],[-64.367668,-5.952136],[-64.366716,-5.955051],[-64.364872,-5.958204],[-64.362968,-5.961773],[-64.361005,-5.964747],[-64.359072,-5.969536],[-64.35928,-5.973076],[-64.359994,-5.976407],[-64.362671,-5.978132],[-64.365348,-5.978608],[-64.368679,-5.978429],[-64.371891,-5.97724],[-64.374449,-5.974979],[-64.376531,-5.971826],[-64.378078,-5.968733],[-64.379565,-5.965045],[-64.380755,-5.961238],[-64.381112,-5.955943],[-64.379981,-5.951541],[-64.378078,-5.94595],[-64.375877,-5.942024],[-64.374985,-5.937622],[-64.376739,-5.932773],[-64.379505,-5.930424],[-64.385335,-5.927866],[-64.391938,-5.926676],[-64.397054,-5.925784],[-64.403241,-5.924178],[-64.40794,-5.921977],[-64.410438,-5.917753],[-64.410141,-5.913292],[-64.408686,-5.908839],[-64.405061,-5.905109],[-64.398202,-5.899449],[-64.394258,-5.896992],[-64.39283,-5.894167],[-64.393349,-5.890073],[-64.395329,-5.88624],[-64.398541,-5.884262],[-64.403122,-5.884024],[-64.406334,-5.884679],[-64.410082,-5.887296],[-64.413532,-5.890092],[-64.415733,-5.893899],[-64.418291,-5.897825],[-64.422514,-5.901394],[-64.42644,-5.904964],[-64.429355,-5.909841],[-64.431973,-5.914481],[-64.432924,-5.918645],[-64.4334,-5.923702],[-64.433519,-5.928937],[-64.434947,-5.931911],[-64.438516,-5.93435],[-64.443632,-5.934647],[-64.449878,-5.93316],[-64.456184,-5.928818],[-64.462906,-5.921501],[-64.465523,-5.914898],[-64.467665,-5.90996],[-64.468616,-5.904964],[-64.468735,-5.899372],[-64.468438,-5.89378],[-64.466951,-5.887356],[-64.466534,-5.884203],[-64.466296,-5.878492],[-64.46701,-5.875458],[-64.468438,-5.872484],[-64.471472,-5.870521],[-64.474446,-5.869569],[-64.479205,-5.868498],[-64.484797,-5.868677],[-64.488306,-5.869212],[-64.49134,-5.868796],[-64.493958,-5.867725],[-64.494909,-5.864513],[-64.494136,-5.861003],[-64.490864,-5.859516],[-64.486641,-5.858386],[-64.482655,-5.857969],[-64.478491,-5.857136],[-64.474089,-5.856423],[-64.470103,-5.856244],[-64.465642,-5.857017],[-64.462549,-5.858861],[-64.458444,-5.86136],[-64.454637,-5.863977],[-64.45202,-5.86594],[-64.448331,-5.866892],[-64.445714,-5.866833],[-64.441509,-5.865489],[-64.437445,-5.860825],[-64.435125,-5.853924],[-64.433519,-5.846191],[-64.432448,-5.840183],[-64.432092,-5.834353],[-64.432211,-5.8312],[-64.432508,-5.827572],[-64.432032,-5.822218],[-64.431259,-5.81615],[-64.429891,-5.81264],[-64.427571,-5.810261],[-64.424596,-5.808893],[-64.421265,-5.808298],[-64.417041,-5.808952],[-64.41377,-5.810618],[-64.410855,-5.812165],[-64.407226,-5.812819],[-64.403716,-5.812938],[-64.400504,-5.812462],[-64.397768,-5.811153],[-64.395448,-5.808119],[-64.39289,-5.803301],[-64.390273,-5.796995],[-64.388488,-5.791642],[-64.387298,-5.78724],[-64.386941,-5.784682],[-64.386941,-5.780994],[-64.387536,-5.775699],[-64.388726,-5.771119],[-64.390273,-5.766598],[-64.390421,-5.760649],[-64.388191,-5.75589],[-64.382688,-5.749495],[-64.376144,-5.74087],[-64.366924,-5.73165],[-64.359488,-5.724065],[-64.354283,-5.71648],[-64.352945,-5.709491],[-64.353986,-5.70265],[-64.358596,-5.698635],[-64.365586,-5.697594],[-64.372575,-5.696106],[-64.380755,-5.695511],[-64.389232,-5.695363],[-64.395329,-5.697147],[-64.400534,-5.699378],[-64.405144,-5.701163],[-64.408267,-5.702352],[-64.412729,-5.702501],[-64.416298,-5.701014],[-64.418826,-5.697296],[-64.418826,-5.692091],[-64.416447,-5.686588],[-64.412729,-5.681235],[-64.409308,-5.676476],[-64.404252,-5.669337],[-64.400831,-5.662496],[-64.395775,-5.656994],[-64.389529,-5.653425],[-64.384098,-5.650588],[-64.37555,-5.647625],[-64.366775,-5.646584],[-64.360678,-5.646881],[-64.354729,-5.648517],[-64.351011,-5.651045],[-64.347294,-5.655358],[-64.344914,-5.664727],[-64.346699,-5.675732],[-64.348186,-5.683465],[-64.345509,-5.691942],[-64.341345,-5.698188],[-64.335694,-5.700865],[-64.328853,-5.701609],[-64.321268,-5.700419],[-64.314576,-5.696255],[-64.310709,-5.691199],[-64.307884,-5.684358],[-64.30833,-5.677071],[-64.309966,-5.668891],[-64.312643,-5.661009],[-64.315766,-5.653425],[-64.318992,-5.646545],[-64.320673,-5.638999],[-64.325135,-5.631712],[-64.329448,-5.627994],[-64.337478,-5.621302],[-64.345509,-5.615056],[-64.348929,-5.611338],[-64.353986,-5.604646],[-64.356068,-5.600184],[-64.357704,-5.594682],[-64.35577,-5.589477],[-64.348335,-5.587097],[-64.338668,-5.585461],[-64.330042,-5.585164],[-64.32216,-5.586056],[-64.311453,-5.587841],[-64.30372,-5.59022],[-64.295986,-5.591707],[-64.287956,-5.593343],[-64.279776,-5.593343],[-64.271597,-5.589328],[-64.267989,-5.586267],[-64.261633,-5.57862],[-64.258064,-5.572523],[-64.252264,-5.568805],[-64.245274,-5.567913],[-64.240366,-5.569697],[-64.235608,-5.573564],[-64.231444,-5.580405],[-64.225346,-5.588436],[-64.221033,-5.595872],[-64.218208,-5.600184],[-64.212705,-5.602861],[-64.207946,-5.603159],[-64.201998,-5.601225],[-64.196941,-5.597061],[-64.195008,-5.591707],[-64.19129,-5.581892],[-64.189803,-5.573267],[-64.188167,-5.567318],[-64.185341,-5.562113],[-64.182516,-5.559733],[-64.177311,-5.55661],[-64.169578,-5.556164],[-64.162142,-5.558544],[-64.15426,-5.564344],[-64.148311,-5.570144],[-64.139834,-5.57862],[-64.137901,-5.585164],[-64.13735,-5.594896],[-64.138347,-5.600036],[-64.141619,-5.60643],[-64.147121,-5.610743],[-64.152921,-5.612528],[-64.158573,-5.612676],[-64.163778,-5.611041],[-64.169578,-5.609702],[-64.175824,-5.60881],[-64.185193,-5.609405],[-64.195454,-5.61223],[-64.206608,-5.613717],[-64.213151,-5.615502],[-64.216869,-5.618179],[-64.219397,-5.625615],[-64.218059,-5.630671],[-64.216869,-5.635728],[-64.212854,-5.640338],[-64.206608,-5.644204],[-64.197387,-5.647327],[-64.189059,-5.649856],[-64.18207,-5.65045],[-64.17389,-5.648666],[-64.166306,-5.644502],[-64.161844,-5.638553],[-64.157829,-5.632902],[-64.153219,-5.629333],[-64.146527,-5.62621],[-64.137604,-5.625615],[-64.130911,-5.625912],[-64.122583,-5.628292],[-64.117229,-5.631712],[-64.11366,-5.636322],[-64.112024,-5.64123],[-64.108795,-5.648023],[-64.106373,-5.651938],[-64.102358,-5.653276],[-64.097748,-5.65402],[-64.090907,-5.653425],[-64.08362,-5.650004],[-64.079604,-5.645543],[-64.075738,-5.640784],[-64.072912,-5.633645],[-64.07083,-5.626656],[-64.065625,-5.617287],[-64.060866,-5.61],[-64.057594,-5.604051],[-64.056999,-5.596169],[-64.057445,-5.588882],[-64.05923,-5.584272],[-64.063989,-5.578472],[-64.069045,-5.572374],[-64.074102,-5.568656],[-64.078861,-5.565682],[-64.08005,-5.560626],[-64.080496,-5.555569],[-64.078414,-5.550067],[-64.075589,-5.545903],[-64.071425,-5.543523],[-64.066963,-5.542334],[-64.061312,-5.542185],[-64.055363,-5.543226],[-64.050158,-5.545754],[-64.045548,-5.549769],[-64.041235,-5.554677],[-64.038558,-5.560923],[-64.036923,-5.56821],[-64.03722,-5.574456],[-64.037815,-5.583826],[-64.039748,-5.592154],[-64.037517,-5.598697],[-64.033353,-5.606133],[-64.029041,-5.61223],[-64.019969,-5.61803],[-64.011195,-5.621302],[-64.000933,-5.624128],[-63.994687,-5.626507],[-63.98941,-5.631191],[-63.984277,-5.64123],[-63.979369,-5.645692],[-63.972677,-5.650004],[-63.965985,-5.651194],[-63.958549,-5.650153],[-63.950072,-5.646733],[-63.938472,-5.639297],[-63.92598,-5.627846],[-63.915124,-5.615353],[-63.904862,-5.600184],[-63.898914,-5.589031],[-63.892519,-5.574754],[-63.888355,-5.566723],[-63.884191,-5.561221],[-63.876309,-5.557503],[-63.865453,-5.557651],[-63.854596,-5.561369],[-63.848053,-5.567318],[-63.844186,-5.576092],[-63.84493,-5.586056],[-63.848648,-5.597061],[-63.854002,-5.607025],[-63.861437,-5.617435],[-63.869617,-5.626656],[-63.874227,-5.633794],[-63.875417,-5.64004],[-63.875565,-5.644353],[-63.872888,-5.648517],[-63.870658,-5.652086],[-63.866196,-5.656845],[-63.858463,-5.661455],[-63.848499,-5.663389],[-63.841361,-5.664876],[-63.832482,-5.664559],[-63.826192,-5.661604],[-63.821284,-5.655358],[-63.817566,-5.646435],[-63.815484,-5.636025],[-63.81251,-5.623235],[-63.809535,-5.616989],[-63.801653,-5.613271],[-63.796002,-5.611784],[-63.787971,-5.612676],[-63.782915,-5.616097],[-63.7789,-5.622343],[-63.775628,-5.630969],[-63.773546,-5.637512],[-63.770126,-5.641081],[-63.76269,-5.641825],[-63.745885,-5.642866],[-63.735028,-5.64242],[-63.723429,-5.646286],[-63.712424,-5.648368],[-63.703352,-5.650004],[-63.693983,-5.647179],[-63.687588,-5.643461],[-63.681639,-5.637066],[-63.677327,-5.630522],[-63.674055,-5.624128],[-63.667214,-5.616246],[-63.66424,-5.613123],[-63.657845,-5.610892],[-63.65145,-5.610892],[-63.643865,-5.614164],[-63.63866,-5.62041],[-63.635983,-5.627994],[-63.636727,-5.637215],[-63.637619,-5.644056],[-63.640742,-5.651938],[-63.645501,-5.659522],[-63.650111,-5.666066],[-63.655465,-5.67023],[-63.662604,-5.674542],[-63.669147,-5.676773],[-63.675245,-5.676922],[-63.680301,-5.676773],[-63.687142,-5.673204],[-63.693239,-5.668743],[-63.70008,-5.667999],[-63.706326,-5.670825],[-63.709895,-5.674245],[-63.714059,-5.679004],[-63.716588,-5.684804],[-63.715695,-5.691347],[-63.711383,-5.696552],[-63.705136,-5.703393],[-63.69889,-5.707855],[-63.690265,-5.711424],[-63.682978,-5.714547],[-63.670337,-5.715439],[-63.657845,-5.714101],[-63.645947,-5.709937],[-63.633158,-5.701163],[-63.626466,-5.695958],[-63.618584,-5.693132],[-63.610553,-5.695214],[-63.606389,-5.698932],[-63.603117,-5.705029],[-63.602076,-5.711275],[-63.602702,-5.716297],[-63.604753,-5.721834],[-63.611445,-5.727337],[-63.620517,-5.731947],[-63.628994,-5.732244],[-63.641486,-5.730014],[-63.651004,-5.72808],[-63.658142,-5.730757],[-63.66424,-5.736111],[-63.666842,-5.741985],[-63.667502,-5.748953],[-63.663347,-5.754701],[-63.657696,-5.759162],[-63.652937,-5.760501],[-63.648327,-5.760947],[-63.642676,-5.760947],[-63.635983,-5.758716],[-63.627655,-5.755295],[-63.61784,-5.753213],[-63.607281,-5.754403],[-63.597615,-5.753957],[-63.588097,-5.751429],[-63.578728,-5.74548],[-63.571292,-5.736557],[-63.564451,-5.724809],[-63.559989,-5.716927],[-63.55642,-5.709937],[-63.55181,-5.705178],[-63.546605,-5.704583],[-63.541846,-5.706219],[-63.535451,-5.711722],[-63.529056,-5.71648],[-63.522513,-5.719604],[-63.515523,-5.719901],[-63.511508,-5.718563],[-63.507939,-5.713655],[-63.50541,-5.707557],[-63.503923,-5.70027],[-63.503328,-5.692835],[-63.505857,-5.684209],[-63.511508,-5.67603],[-63.517159,-5.670676],[-63.522662,-5.665173],[-63.526974,-5.655209],[-63.528164,-5.647922],[-63.527272,-5.640189],[-63.524149,-5.634389],[-63.516713,-5.630374],[-63.506749,-5.62963],[-63.494108,-5.631117],[-63.482806,-5.633943],[-63.471801,-5.636025],[-63.462134,-5.635876],[-63.45336,-5.633199],[-63.446519,-5.627251],[-63.442801,-5.619815],[-63.438488,-5.613717],[-63.433432,-5.610148],[-63.428673,-5.608661],[-63.42317,-5.608959],[-63.417817,-5.611487],[-63.414991,-5.616841],[-63.413504,-5.624276],[-63.413801,-5.633794],[-63.414842,-5.642568],[-63.417965,-5.650599],[-63.421683,-5.656697],[-63.429119,-5.664132],[-63.432986,-5.66904],[-63.434027,-5.672907],[-63.43358,-5.676476],[-63.432093,-5.679896],[-63.43016,-5.682424],[-63.42555,-5.684209],[-63.420493,-5.683019],[-63.414694,-5.682276],[-63.40934,-5.680194],[-63.405324,-5.678558],[-63.40235,-5.673799],[-63.401458,-5.667702],[-63.400863,-5.661009],[-63.398483,-5.655209],[-63.396104,-5.650004],[-63.391494,-5.644799],[-63.388668,-5.64004],[-63.384355,-5.637363],[-63.377068,-5.633943],[-63.370079,-5.63082],[-63.361304,-5.62844],[-63.350448,-5.623533],[-63.343756,-5.61922],[-63.334387,-5.612528],[-63.326505,-5.602861],[-63.316392,-5.592451],[-63.308808,-5.587692],[-63.301372,-5.585759],[-63.292895,-5.585164],[-63.287244,-5.585908],[-63.281592,-5.587543],[-63.275644,-5.589625],[-63.270587,-5.590369],[-63.264639,-5.590518],[-63.260475,-5.589179],[-63.25527,-5.586651],[-63.252741,-5.583379],[-63.248726,-5.578918],[-63.245752,-5.574159],[-63.243224,-5.569697],[-63.240249,-5.568359],[-63.236531,-5.569103],[-63.234301,-5.572821],[-63.233557,-5.577728],[-63.234003,-5.581892],[-63.236978,-5.586056],[-63.240249,-5.589625],[-63.244859,-5.593046],[-63.251552,-5.597061],[-63.256013,-5.598995],[-63.261962,-5.602861],[-63.262705,-5.606133],[-63.262111,-5.611189],[-63.259731,-5.615056],[-63.255121,-5.61803],[-63.246793,-5.621153],[-63.238613,-5.620558],[-63.226716,-5.619071],[-63.219875,-5.620112],[-63.211547,-5.621897],[-63.204855,-5.623087],[-63.200988,-5.624574],[-63.196081,-5.623235],[-63.192809,-5.618625],[-63.188942,-5.611487],[-63.187158,-5.601969],[-63.186265,-5.592897],[-63.188942,-5.585164],[-63.192065,-5.576241],[-63.197419,-5.565385],[-63.202475,-5.554528],[-63.204557,-5.546944],[-63.204006,-5.539998],[-63.202773,-5.533262],[-63.198163,-5.527908],[-63.192958,-5.524934],[-63.186414,-5.523595],[-63.178235,-5.52196],[-63.169163,-5.521513],[-63.161578,-5.522703],[-63.152507,-5.525677],[-63.146707,-5.528652],[-63.139866,-5.534154],[-63.134958,-5.540252],[-63.129456,-5.546646],[-63.125589,-5.549621],[-63.120979,-5.551108],[-63.114138,-5.550959],[-63.108338,-5.547687],[-63.104323,-5.540698],[-63.104323,-5.534898],[-63.106107,-5.527313],[-63.109082,-5.520472],[-63.110866,-5.514078],[-63.112651,-5.508724],[-63.11503,-5.504411],[-63.119789,-5.498611],[-63.125738,-5.495191],[-63.132876,-5.491175],[-63.141799,-5.488052],[-63.151614,-5.485524],[-63.158455,-5.483145],[-63.165296,-5.48017],[-63.17303,-5.474668],[-63.175558,-5.46976],[-63.175855,-5.462027],[-63.175409,-5.457268],[-63.170501,-5.448494],[-63.16604,-5.442545],[-63.161132,-5.437935],[-63.152209,-5.435258],[-63.144179,-5.434663],[-63.138527,-5.436002],[-63.13124,-5.439273],[-63.125292,-5.443735],[-63.11964,-5.448196],[-63.114435,-5.449535],[-63.107297,-5.449683],[-63.09882,-5.445965],[-63.091384,-5.43853],[-63.087071,-5.428566],[-63.085287,-5.420981],[-63.084246,-5.411315],[-63.085882,-5.400756],[-63.084841,-5.39332],[-63.081866,-5.38633],[-63.076959,-5.382612],[-63.067887,-5.380828],[-63.061938,-5.380976],[-63.054354,-5.385587],[-63.049744,-5.389602],[-63.046175,-5.397335],[-63.045431,-5.404176],[-63.04439,-5.409233],[-63.043795,-5.413843],[-63.0432,-5.419791],[-63.042605,-5.423509],[-63.040969,-5.42812],[-63.039036,-5.430648],[-63.036954,-5.432432],[-63.031303,-5.433473],[-63.023123,-5.429458],[-63.020298,-5.427376],[-63.016283,-5.421576],[-63.009144,-5.415181],[-63.003195,-5.412653],[-62.993826,-5.411761],[-62.987134,-5.41414],[-62.981037,-5.418602],[-62.973304,-5.424402],[-62.964827,-5.430499],[-62.958244,-5.433537],[-62.950252,-5.433176],[-62.944155,-5.431837],[-62.936571,-5.425294],[-62.934191,-5.414884],[-62.93434,-5.406704],[-62.937017,-5.399269],[-62.939396,-5.394956],[-62.948171,-5.390471],[-62.954119,-5.38752],[-62.961406,-5.387371],[-62.969288,-5.38871],[-62.976129,-5.390792],[-62.98178,-5.392576],[-62.985498,-5.391089],[-62.98758,-5.38633],[-62.98877,-5.380233],[-62.990108,-5.371161],[-62.990555,-5.362833],[-62.991744,-5.354356],[-62.989811,-5.346028],[-62.987134,-5.339782],[-62.982821,-5.335618],[-62.977319,-5.332495],[-62.971519,-5.331305],[-62.963488,-5.331008],[-62.957242,-5.333239],[-62.951293,-5.335469],[-62.944601,-5.338295],[-62.938206,-5.342459],[-62.931812,-5.346326],[-62.926458,-5.348259],[-62.919394,-5.346697],[-62.91575,-5.339485],[-62.915453,-5.335767],[-62.915899,-5.331305],[-62.919468,-5.32491],[-62.922889,-5.318218],[-62.925863,-5.31108],[-62.92735,-5.304834],[-62.926904,-5.299331],[-62.92393,-5.290854],[-62.921253,-5.28446],[-62.917684,-5.276429],[-62.913817,-5.26825],[-62.912479,-5.259624],[-62.914263,-5.252783],[-62.917089,-5.247875],[-62.921996,-5.24505],[-62.929135,-5.241481],[-62.937463,-5.240886],[-62.946832,-5.240886],[-62.953078,-5.235532],[-62.95397,-5.228245],[-62.952186,-5.219768],[-62.945791,-5.213373],[-62.936124,-5.210696],[-62.926755,-5.206384],[-62.920212,-5.199543],[-62.916643,-5.19285],[-62.916196,-5.186009],[-62.918873,-5.177533],[-62.922889,-5.172179],[-62.929135,-5.16861],[-62.937612,-5.166379],[-62.944899,-5.165338],[-62.953822,-5.165338],[-62.964381,-5.164892],[-62.978509,-5.165338],[-62.98758,-5.16504],[-62.994421,-5.165189],[-62.998288,-5.162215],[-63.002452,-5.156861],[-63.003642,-5.152846],[-63.003195,-5.146153],[-63.001411,-5.140205],[-62.996949,-5.134405],[-62.990852,-5.130092],[-62.984309,-5.124887],[-62.979401,-5.1176],[-62.977319,-5.107933],[-62.976575,-5.097077],[-62.974939,-5.088303],[-62.971965,-5.082949],[-62.968842,-5.079231],[-62.965124,-5.075216],[-62.954268,-5.068672],[-62.945642,-5.065995],[-62.936868,-5.063021],[-62.92973,-5.06079],[-62.92854,-5.057667],[-62.92854,-5.054098],[-62.929878,-5.049413],[-62.928391,-5.046067],[-62.923632,-5.046067],[-62.918725,-5.046067],[-62.912032,-5.044431],[-62.906084,-5.040565],[-62.898797,-5.036103],[-62.890185,-5.027869],[-62.884669,-5.017514],[-62.880653,-5.00755],[-62.881248,-5.000114],[-62.885115,-4.991637],[-62.891956,-4.982119],[-62.898499,-4.972899],[-62.903407,-4.96695],[-62.904745,-4.962637],[-62.908463,-4.958176],[-62.913817,-4.95535],[-62.920509,-4.954458],[-62.928837,-4.954607],[-62.935976,-4.956986],[-62.943263,-4.95892],[-62.946981,-4.955797],[-62.947427,-4.949253],[-62.946981,-4.942858],[-62.940586,-4.937653],[-62.933299,-4.93453],[-62.926607,-4.931258],[-62.915304,-4.92873],[-62.90534,-4.924269],[-62.899094,-4.91951],[-62.895525,-4.915941],[-62.893145,-4.909843],[-62.892402,-4.904787],[-62.892253,-4.898689],[-62.892402,-4.891402],[-62.892848,-4.884859],[-62.892997,-4.879951],[-62.891212,-4.875044],[-62.886304,-4.869987],[-62.87872,-4.865972],[-62.870541,-4.863146],[-62.863253,-4.86151],[-62.857007,-4.861064],[-62.846151,-4.860618],[-62.837972,-4.861808],[-62.826818,-4.862105],[-62.818341,-4.862849],[-62.810905,-4.864485],[-62.794249,-4.867162],[-62.779377,-4.869541],[-62.767926,-4.867013],[-62.763167,-4.862105],[-62.755285,-4.854223],[-62.752014,-4.846639],[-62.746809,-4.8395],[-62.739373,-4.836972],[-62.729557,-4.838459],[-62.721973,-4.842029],[-62.717511,-4.848423],[-62.714537,-4.856008],[-62.71186,-4.864782],[-62.708142,-4.873854],[-62.706209,-4.882331],[-62.703978,-4.893187],[-62.705614,-4.90211],[-62.711265,-4.911628],[-62.715578,-4.917725],[-62.722568,-4.923823],[-62.737291,-4.932299],[-62.745768,-4.936612],[-62.75127,-4.950591],[-62.749485,-4.959663],[-62.74666,-4.966207],[-62.743537,-4.97156],[-62.737737,-4.974089],[-62.727624,-4.975576],[-62.717065,-4.973196],[-62.70606,-4.968437],[-62.698476,-4.961002],[-62.692825,-4.951781],[-62.689702,-4.944792],[-62.687768,-4.936315],[-62.687025,-4.926648],[-62.684645,-4.91832],[-62.680481,-4.910735],[-62.670815,-4.905084],[-62.662784,-4.902705],[-62.652076,-4.900325],[-62.64241,-4.897797],[-62.6378,-4.892443],[-62.635123,-4.883967],[-62.635717,-4.876679],[-62.638543,-4.870136],[-62.647912,-4.863444],[-62.652189,-4.861048],[-62.657876,-4.857792],[-62.661892,-4.851695],[-62.662338,-4.84307],[-62.659958,-4.833106],[-62.658471,-4.823885],[-62.659363,-4.816598],[-62.663527,-4.810203],[-62.668881,-4.803957],[-62.675573,-4.796819],[-62.681076,-4.789532],[-62.682414,-4.783732],[-62.680332,-4.776742],[-62.675276,-4.771091],[-62.669179,-4.767373],[-62.658322,-4.765291],[-62.642856,-4.765737],[-62.633189,-4.769009],[-62.623077,-4.774957],[-62.614005,-4.783583],[-62.606718,-4.792506],[-62.60181,-4.79786],[-62.594523,-4.807973],[-62.587533,-4.817937],[-62.58099,-4.825224],[-62.574595,-4.829536],[-62.569687,-4.83147],[-62.565375,-4.832065],[-62.558236,-4.832065],[-62.551098,-4.82909],[-62.542919,-4.821208],[-62.539647,-4.811096],[-62.540093,-4.799644],[-62.541134,-4.788045],[-62.539201,-4.778824],[-62.534144,-4.772578],[-62.525073,-4.76886],[-62.518529,-4.769455],[-62.512134,-4.772281],[-62.507227,-4.779716],[-62.501575,-4.793844],[-62.494734,-4.805147],[-62.485419,-4.814646],[-62.479689,-4.819066],[-62.471089,-4.820316],[-62.461571,-4.816003],[-62.456366,-4.80708],[-62.456514,-4.797562],[-62.46053,-4.79087],[-62.466776,-4.786111],[-62.48135,-4.775404],[-62.486555,-4.769901],[-62.494734,-4.762763],[-62.499493,-4.756219],[-62.501427,-4.748486],[-62.49875,-4.743281],[-62.495032,-4.737332],[-62.489381,-4.734507],[-62.481647,-4.733466],[-62.474806,-4.734953],[-62.472276,-4.737347],[-62.466776,-4.745363],[-62.464099,-4.752501],[-62.460232,-4.757558],[-62.454581,-4.76187],[-62.44893,-4.76306],[-62.439561,-4.760978],[-62.434058,-4.758301],[-62.424392,-4.75503],[-62.41651,-4.754583],[-62.409371,-4.756368],[-62.402679,-4.757855],[-62.392269,-4.762465],[-62.383346,-4.765142],[-62.376505,-4.765886],[-62.368028,-4.763506],[-62.362823,-4.759342],[-62.360741,-4.753691],[-62.357767,-4.748486],[-62.354644,-4.74224],[-62.350182,-4.739414],[-62.343787,-4.740307],[-62.340664,-4.744322],[-62.338731,-4.749378],[-62.337244,-4.756219],[-62.334121,-4.759937],[-62.327875,-4.761573],[-62.319249,-4.760383],[-62.310177,-4.756814],[-62.304972,-4.74923],[-62.303485,-4.741199],[-62.303931,-4.733912],[-62.307947,-4.725881],[-62.310029,-4.720081],[-62.31107,-4.714579],[-62.308542,-4.711604],[-62.303039,-4.710563],[-62.298131,-4.712943],[-62.294414,-4.716512],[-62.288614,-4.723353],[-62.28326,-4.730045],[-62.277014,-4.738373],[-62.268537,-4.74343],[-62.261547,-4.744322],[-62.249947,-4.742537],[-62.239835,-4.73986],[-62.231953,-4.738373],[-62.224666,-4.738968],[-62.218568,-4.742983],[-62.213512,-4.747891],[-62.207712,-4.752055],[-62.202061,-4.754137],[-62.196261,-4.753691],[-62.190312,-4.749824],[-62.184512,-4.744619],[-62.179902,-4.740307],[-62.171574,-4.737184],[-62.163394,-4.734061],[-62.153877,-4.729748],[-62.145697,-4.724543],[-62.135585,-4.717107],[-62.12458,-4.709225],[-62.113426,-4.700451],[-62.105544,-4.686025],[-62.098852,-4.669518],[-62.095729,-4.662974],[-62.090523,-4.653159],[-62.084575,-4.645277],[-62.078031,-4.638585],[-62.073272,-4.633677],[-62.069852,-4.627282],[-62.067026,-4.617764],[-62.068216,-4.61018],[-62.069554,-4.599324],[-62.071133,-4.588586],[-62.067324,-4.572555],[-62.067919,-4.561996],[-62.069406,-4.551288],[-62.071042,-4.540432],[-62.069852,-4.524073],[-62.065985,-4.513217],[-62.056021,-4.504591],[-62.047098,-4.500278],[-62.039365,-4.49894],[-62.029847,-4.497899],[-62.020924,-4.494479],[-62.013488,-4.490463],[-62.002186,-4.488084],[-61.989099,-4.485704],[-61.980325,-4.482581],[-61.977945,-4.475145],[-61.978259,-4.470889],[-61.979879,-4.461761],[-61.985381,-4.456853],[-61.993263,-4.454176],[-62.00516,-4.453879],[-62.015422,-4.455664],[-62.024345,-4.461017],[-62.03074,-4.470089],[-62.035945,-4.477227],[-62.042488,-4.482284],[-62.049478,-4.484515],[-62.058252,-4.484217],[-62.064201,-4.479904],[-62.068365,-4.474402],[-62.070447,-4.466817],[-62.068811,-4.459233],[-62.064498,-4.449566],[-62.057806,-4.443171],[-62.051114,-4.440495],[-62.041298,-4.436925],[-62.033268,-4.432761],[-62.025981,-4.422946],[-62.018396,-4.409859],[-62.010068,-4.396474],[-62.003376,-4.3877],[-61.994453,-4.380859],[-61.983448,-4.378034],[-61.977103,-4.379846],[-61.96233,-4.387849],[-61.952663,-4.395582],[-61.936602,-4.405397],[-61.923218,-4.410156],[-61.911888,-4.410971],[-61.907992,-4.409565],[-61.899274,-4.402423],[-61.889013,-4.39008],[-61.885295,-4.378777],[-61.888269,-4.368665],[-61.893028,-4.360188],[-61.895854,-4.352008],[-61.893474,-4.345911],[-61.88589,-4.33907],[-61.878305,-4.334162],[-61.872654,-4.329106],[-61.869792,-4.319372],[-61.870721,-4.309773],[-61.872357,-4.302783],[-61.872059,-4.296835],[-61.869085,-4.28925],[-61.862244,-4.285978],[-61.854808,-4.284789],[-61.84767,-4.286722],[-61.84068,-4.290291],[-61.832203,-4.294604],[-61.820901,-4.294901],[-61.811086,-4.291481],[-61.804096,-4.284194],[-61.786845,-4.268281],[-61.777178,-4.260102],[-61.764389,-4.251774],[-61.756299,-4.247116],[-61.744087,-4.245248],[-61.731671,-4.244784],[-61.721856,-4.245527],[-61.712635,-4.247609],[-61.703266,-4.251179],[-61.694046,-4.254302],[-61.683487,-4.253707],[-61.675159,-4.249691],[-61.663262,-4.236158],[-61.649877,-4.221882],[-61.63679,-4.2082],[-61.624744,-4.190056],[-61.614036,-4.175779],[-61.606006,-4.165518],[-61.59738,-4.15258],[-61.590242,-4.142021],[-61.583996,-4.127595],[-61.579534,-4.114806],[-61.57418,-4.095919],[-61.568975,-4.07956],[-61.557673,-4.064094],[-61.546817,-4.053535],[-61.534919,-4.04015],[-61.523914,-4.028104],[-61.510232,-4.014571],[-61.502373,-4.006817],[-61.490751,-3.997022],[-61.481381,-3.986017],[-61.47112,-3.970848],[-61.458033,-3.953449],[-61.44569,-3.939618],[-61.43409,-3.930695],[-61.422044,-3.919095],[-61.410592,-3.912998],[-61.396167,-3.906454],[-61.383972,-3.897829],[-61.373711,-3.890988],[-61.369844,-3.881916],[-61.369844,-3.873737],[-61.374172,-3.863648],[-61.392379,-3.848327],[-61.405205,-3.829076],[-61.411271,-3.810802],[-61.421372,-3.787788],[-61.434287,-3.756848],[-61.436943,-3.748745],[-61.468174,-3.699473],[-61.479383,-3.678137],[-61.480352,-3.668961]],[[-65.917375,-7.651892],[-65.922372,-7.649965],[-65.922372,-7.649965]],[[-65.922372,-7.649965],[-65.925299,-7.649751],[-65.927654,-7.649965],[-65.93001,-7.65282]],[[-65.93001,-7.65282],[-65.93001,-7.65282],[-65.932632,-7.65549]],[[-65.932632,-7.65549],[-65.933936,-7.656818],[-65.936363,-7.659887]],[[-65.936363,-7.659887],[-65.942216,-7.663671],[-65.946571,-7.666312],[-65.952496,-7.668882]],[[-65.952496,-7.668882],[-65.961276,-7.672165],[-65.968057,-7.67445]],[[-65.968057,-7.67445],[-65.978123,-7.677662],[-65.983119,-7.678238]],[[-65.983119,-7.678238],[-65.98369,-7.678304]],[[-65.98369,-7.678304],[-65.98369,-7.678304],[-65.987046,-7.677805],[-65.993756,-7.677662],[-65.993756,-7.677662]],[[-65.993756,-7.677662],[-65.999109,-7.678162],[-66.003749,-7.679304],[-66.006819,-7.68116],[-66.010205,-7.687376],[-66.011245,-7.688869],[-66.014528,-7.69408],[-66.01717,-7.699291],[-66.019382,-7.703217],[-66.022523,-7.7075],[-66.026949,-7.710499],[-66.03059,-7.713068],[-66.035444,-7.71471],[-66.039156,-7.71571],[-66.042868,-7.716066],[-66.046508,-7.716138],[-66.050363,-7.716423],[-66.054432,-7.715424],[-66.057144,-7.714853],[-66.059714,-7.714139],[-66.061856,-7.713854],[-66.063712,-7.713925],[-66.065068,-7.713925],[-66.067281,-7.713068],[-66.06828,-7.711569],[-66.069494,-7.709428],[-66.070422,-7.705644],[-66.071136,-7.70179],[-66.071564,-7.698363],[-66.073063,-7.694794],[-66.073349,-7.691725],[-66.073848,-7.687941],[-66.074705,-7.681588],[-66.07599,-7.677234],[-66.077132,-7.67238],[-66.078631,-7.668311],[-66.081201,-7.665384],[-66.085127,-7.662243],[-66.089767,-7.660673],[-66.09355,-7.660601],[-66.096406,-7.660958],[-66.100189,-7.662314],[-66.103258,-7.664242],[-66.106399,-7.666312],[-66.110754,-7.66881],[-66.113466,-7.669881],[-66.120105,-7.673093],[-66.124388,-7.674236],[-66.129885,-7.675092],[-66.135238,-7.675235],[-66.146089,-7.675306],[-66.150943,-7.675021],[-66.153227,-7.674521],[-66.154226,-7.673736],[-66.155012,-7.672736],[-66.15544,-7.66981],[-66.155083,-7.666526],[-66.155226,-7.663814],[-66.154798,-7.660887],[-66.154012,-7.658031],[-66.152228,-7.655676],[-66.150515,-7.654462],[-66.148516,-7.653249],[-66.143519,-7.652892],[-66.140449,-7.654319],[-66.136737,-7.655819],[-66.133525,-7.658674],[-66.1281,-7.661244],[-66.123317,-7.662886],[-66.118606,-7.663671],[-66.113395,-7.663528],[-66.1059,-7.66103],[-66.102616,-7.658888],[-66.101402,-7.655604],[-66.100617,-7.652392],[-66.10076,-7.649465],[-66.102616,-7.645396],[-66.104758,-7.642897],[-66.106899,-7.640899],[-66.110254,-7.640328],[-66.114252,-7.640542],[-66.118535,-7.641185],[-66.122389,-7.641042],[-66.12503,-7.640542],[-66.1276,-7.639329],[-66.129099,-7.637544],[-66.130813,-7.634903],[-66.131479,-7.630338],[-66.131526,-7.626908],[-66.132169,-7.622268],[-66.13431,-7.617271],[-66.136095,-7.61513],[-66.139164,-7.614559],[-66.140878,-7.615915],[-66.143019,-7.619341],[-66.144304,-7.622911],[-66.145446,-7.625837],[-66.147017,-7.628693],[-66.148944,-7.631548],[-66.15415,-7.635681],[-66.157082,-7.636545],[-66.159723,-7.636902],[-66.163292,-7.636616],[-66.165005,-7.636045],[-66.167718,-7.635046],[-66.169788,-7.633333],[-66.172786,-7.630691],[-66.175071,-7.627408],[-66.177997,-7.622411],[-66.179778,-7.6184],[-66.181424,-7.615344],[-66.183494,-7.611775],[-66.185493,-7.610276],[-66.188062,-7.606278],[-66.190418,-7.601567],[-66.191489,-7.597712],[-66.191917,-7.593929],[-66.191632,-7.589646],[-66.190561,-7.583864],[-66.189133,-7.579224],[-66.18899,-7.575298],[-66.18949,-7.571371],[-66.190775,-7.568873],[-66.192417,-7.566446],[-66.194558,-7.564519],[-66.197137,-7.562707],[-66.200697,-7.562234],[-66.204623,-7.562734],[-66.207051,-7.564233],[-66.209263,-7.567017],[-66.209049,-7.570229],[-66.207265,-7.573513],[-66.205123,-7.575797],[-66.202839,-7.578653],[-66.200555,-7.582579],[-66.198056,-7.585862],[-66.196985,-7.589646],[-66.196486,-7.594428],[-66.195843,-7.598926],[-66.196343,-7.60328],[-66.197128,-7.606849],[-66.198342,-7.610276],[-66.200697,-7.612774],[-66.20341,-7.613988],[-66.205623,-7.614487],[-66.206908,-7.614559],[-66.209049,-7.614273],[-66.210905,-7.613559],[-66.212904,-7.612631],[-66.214617,-7.611132],[-66.217401,-7.607563],[-66.219828,-7.603994],[-66.222255,-7.599639],[-66.225039,-7.595],[-66.228537,-7.58886],[-66.232392,-7.583578],[-66.236318,-7.577582],[-66.240458,-7.571229],[-66.243171,-7.566589],[-66.246026,-7.562734],[-66.248739,-7.560664],[-66.252165,-7.559593],[-66.255163,-7.559807],[-66.256948,-7.560378],[-66.259018,-7.562163],[-66.260303,-7.564376],[-66.261445,-7.567374],[-66.260231,-7.569658],[-66.25809,-7.570943],[-66.254735,-7.572442],[-66.251594,-7.573227],[-66.249167,-7.57437],[-66.246383,-7.575583],[-66.24461,-7.578082],[-66.243146,-7.580723],[-66.241921,-7.584135],[-66.24201,-7.587347],[-66.242409,-7.590785],[-66.243384,-7.593802],[-66.244848,-7.595804],[-66.246669,-7.597427],[-66.248382,-7.598283],[-66.25088,-7.599354],[-66.254378,-7.599639],[-66.258019,-7.597569],[-66.261516,-7.595142],[-66.267441,-7.591002],[-66.271153,-7.588361],[-66.276578,-7.585648],[-66.280861,-7.582936],[-66.285501,-7.583007],[-66.289213,-7.583435],[-66.292426,-7.584292],[-66.294638,-7.585577],[-66.295638,-7.586862],[-66.297422,-7.58886],[-66.299064,-7.590645],[-66.299921,-7.591716],[-66.302776,-7.595214],[-66.304418,-7.596998],[-66.306774,-7.598069],[-66.309915,-7.599996],[-66.312913,-7.60121],[-66.316125,-7.601281],[-66.317481,-7.60121],[-66.318409,-7.600425],[-66.319195,-7.598426],[-66.319837,-7.596641],[-66.320194,-7.594785],[-66.321193,-7.592001],[-66.322264,-7.589503],[-66.323335,-7.586933],[-66.324762,-7.584934],[-66.325833,-7.583007],[-66.326975,-7.581936],[-66.327975,-7.580794],[-66.329045,-7.579509],[-66.33083,-7.578082],[-66.331829,-7.576939],[-66.333471,-7.575726],[-66.335113,-7.573656],[-66.336398,-7.571657],[-66.336969,-7.569016],[-66.335684,-7.56716],[-66.333114,-7.566018],[-66.329545,-7.565661],[-66.326047,-7.56616],[-66.321122,-7.566089],[-66.316125,-7.566517],[-66.313412,-7.566803],[-66.309843,-7.567659],[-66.30606,-7.568802],[-66.300421,-7.570372],[-66.295709,-7.572299],[-66.291141,-7.57337],[-66.287786,-7.573941],[-66.283574,-7.57387],[-66.278791,-7.573799],[-66.273866,-7.573085],[-66.271239,-7.571771],[-66.269461,-7.569604],[-66.269154,-7.566232],[-66.269654,-7.562805],[-66.270745,-7.56113],[-66.272514,-7.560067],[-66.274651,-7.559879],[-66.279005,-7.56045],[-66.282503,-7.561491],[-66.286429,-7.564233],[-66.290927,-7.565447],[-66.295575,-7.565827],[-66.299278,-7.565804],[-66.301634,-7.564376],[-66.303419,-7.563305],[-66.304989,-7.56202],[-66.307273,-7.557452],[-66.307416,-7.554382],[-66.306845,-7.551598],[-66.304989,-7.542104],[-66.303847,-7.535894],[-66.301634,-7.528327],[-66.300421,-7.521831],[-66.300992,-7.514336],[-66.302348,-7.51041],[-66.303633,-7.510267],[-66.305203,-7.510338],[-66.306274,-7.511552],[-66.308844,-7.51612],[-66.311628,-7.519904],[-66.314483,-7.523758],[-66.319266,-7.526542],[-66.324406,-7.528613],[-66.330188,-7.529469],[-66.3339,-7.529398],[-66.33704,-7.528256],[-66.339111,-7.526043],[-66.340895,-7.523187],[-66.343893,-7.517976],[-66.34839,-7.514479],[-66.352245,-7.512051],[-66.357742,-7.510267],[-66.363667,-7.509624],[-66.368592,-7.509981],[-66.37209,-7.511124],[-66.374231,-7.513551],[-66.374949,-7.516914],[-66.374303,-7.519832],[-66.37209,-7.524829],[-66.369092,-7.529326],[-66.366022,-7.53518],[-66.36438,-7.539891],[-66.363881,-7.543389],[-66.364737,-7.548671],[-66.366736,-7.553169],[-66.369377,-7.557809],[-66.373161,-7.561092],[-66.378086,-7.564162],[-66.384154,-7.566732],[-66.389508,-7.568587],[-66.392077,-7.570015],[-66.39893,-7.571943],[-66.405069,-7.573013],[-66.409781,-7.571728],[-66.415349,-7.570515],[-66.41956,-7.568873],[-66.423272,-7.567088],[-66.429126,-7.565304],[-66.434337,-7.565232],[-66.440404,-7.565518],[-66.448185,-7.566018],[-66.456037,-7.566018],[-66.460107,-7.565858],[-66.465745,-7.565626],[-66.468575,-7.567664],[-66.468765,-7.572142],[-66.46936,-7.577316],[-66.469624,-7.580841],[-66.472313,-7.584489],[-66.47474,-7.586077],[-66.477595,-7.586648],[-66.48195,-7.586648],[-66.488588,-7.586719],[-66.493444,-7.588356],[-66.49794,-7.590716],[-66.500509,-7.594643],[-66.502365,-7.598212],[-66.503436,-7.603494],[-66.504507,-7.608348],[-66.505149,-7.610847],[-66.506863,-7.614059],[-66.507291,-7.6172],[-66.507791,-7.62184],[-66.506817,-7.624968],[-66.505007,-7.627479],[-66.502508,-7.630763],[-66.498368,-7.635688],[-66.494727,-7.640828],[-66.492657,-7.646039],[-66.492871,-7.650608],[-66.494656,-7.656104],[-66.497226,-7.660744],[-66.499796,-7.664599],[-66.503151,-7.666812],[-66.506292,-7.668168],[-66.509861,-7.668168],[-66.513002,-7.667097],[-66.514786,-7.665241],[-66.515571,-7.6626],[-66.515143,-7.660173],[-66.513359,-7.657817],[-66.510003,-7.653606],[-66.506791,-7.648252],[-66.504578,-7.643041],[-66.505364,-7.638829],[-66.506292,-7.636117],[-66.507933,-7.634332],[-66.510289,-7.633832],[-66.513715,-7.634046],[-66.517356,-7.634618],[-66.521354,-7.634832],[-66.524566,-7.634189],[-66.527635,-7.632833],[-66.529063,-7.630406],[-66.529348,-7.627836],[-66.528135,-7.623981],[-66.526921,-7.616629],[-66.526636,-7.613417],[-66.527564,-7.610704],[-66.529206,-7.607206],[-66.532132,-7.603494],[-66.535131,-7.600567],[-66.5387,-7.598569],[-66.543268,-7.59814],[-66.547551,-7.597926],[-66.551406,-7.598711],[-66.554476,-7.600782],[-66.55626,-7.60278],[-66.556974,-7.605707],[-66.557474,-7.609133],[-66.557045,-7.612346],[-66.556189,-7.616914],[-66.555618,-7.620769],[-66.556546,-7.622768],[-66.557688,-7.625552],[-66.561614,-7.630977],[-66.567896,-7.637116],[-66.572678,-7.641899],[-66.574606,-7.644968],[-66.577818,-7.646681],[-66.581102,-7.647538],[-66.584528,-7.647252],[-66.588026,-7.645968],[-66.590667,-7.643826],[-66.592951,-7.641827],[-66.59495,-7.639472],[-66.598163,-7.634546],[-66.601018,-7.629835],[-66.603516,-7.624909],[-66.606586,-7.620626],[-66.609727,-7.616557],[-66.613581,-7.614345],[-66.616437,-7.614416],[-66.618935,-7.615344],[-66.620506,-7.617057],[-66.620506,-7.619413],[-66.619578,-7.62184],[-66.617864,-7.62341],[-66.615794,-7.624267],[-66.61301,-7.625837],[-66.610012,-7.627693],[-66.608513,-7.629192],[-66.607657,-7.630977],[-66.606871,-7.633547],[-66.606157,-7.636545],[-66.6068,-7.640257],[-66.607728,-7.642184],[-66.609584,-7.643112],[-66.612154,-7.64404],[-66.618293,-7.645396],[-66.623218,-7.646467],[-66.627144,-7.648609],[-66.631642,-7.65282],[-66.633426,-7.655604],[-66.633783,-7.659031],[-66.633214,-7.661627],[-66.631142,-7.664813],[-66.626216,-7.666597],[-66.619221,-7.668382],[-66.61301,-7.670024],[-66.60887,-7.672165],[-66.604658,-7.675092],[-66.603088,-7.677733],[-66.603159,-7.681445],[-66.604801,-7.684015],[-66.607371,-7.6858],[-66.610512,-7.685728],[-66.612439,-7.685229],[-66.61401,-7.684301],[-66.616223,-7.681588],[-66.618935,-7.678733],[-66.621862,-7.676448],[-66.625503,-7.674878],[-66.629143,-7.673664],[-66.633498,-7.673879],[-66.636139,-7.674521],[-66.639708,-7.675949],[-66.642706,-7.677876],[-66.645847,-7.681088],[-66.648203,-7.685086],[-66.648702,-7.687513],[-66.649131,-7.690154],[-66.64963,-7.693438],[-66.650772,-7.697507],[-66.653271,-7.70336],[-66.656269,-7.7085],[-66.659481,-7.709927],[-66.663764,-7.710356],[-66.667976,-7.708714],[-66.669903,-7.707857],[-66.670546,-7.706715],[-66.671045,-7.705644],[-66.67126,-7.703432],[-66.671188,-7.700648],[-66.669903,-7.696721],[-66.669832,-7.693152],[-66.670332,-7.690511],[-66.670403,-7.687085],[-66.670587,-7.683361],[-66.671474,-7.680755],[-66.67214,-7.67671],[-66.673092,-7.674283],[-66.67371,-7.671333],[-66.674377,-7.668287],[-66.674995,-7.66605],[-66.67509,-7.663623],[-66.67585,-7.660243],[-66.676328,-7.659293],[-66.677327,-7.658008],[-66.678945,-7.657389],[-66.680849,-7.656961],[-66.682859,-7.657137],[-66.686371,-7.657613],[-66.68913,-7.658604],[-66.692879,-7.66156],[-66.695226,-7.665713],[-66.696129,-7.671129],[-66.696851,-7.676997],[-66.698566,-7.680518],[-66.701004,-7.684219],[-66.705066,-7.687198],[-66.70958,-7.691802],[-66.71292,-7.696676],[-66.720413,-7.706065],[-66.728266,-7.713287],[-66.735308,-7.716988],[-66.742078,-7.719606],[-66.745779,-7.720599],[-66.748848,-7.720418],[-66.751647,-7.719786],[-66.754175,-7.718342],[-66.756251,-7.716536],[-66.758508,-7.713467],[-66.761487,-7.708683],[-66.763834,-7.703447],[-66.765729,-7.697399],[-66.766361,-7.691892],[-66.766553,-7.68097],[-66.765596,-7.673109],[-66.765639,-7.670407],[-66.765549,-7.66463],[-66.766722,-7.659574],[-66.768438,-7.657408],[-66.770514,-7.656595],[-66.772319,-7.656505],[-66.774065,-7.657328],[-66.778548,-7.658672],[-66.782249,-7.659845],[-66.786221,-7.660477],[-66.792179,-7.660477],[-66.796964,-7.659394],[-66.800936,-7.657949],[-66.804727,-7.656505],[-66.808519,-7.655693],[-66.813394,-7.655241],[-66.817004,-7.655783],[-66.81899,-7.657949],[-66.819983,-7.661921],[-66.82224,-7.666345],[-66.824768,-7.668692],[-66.827115,-7.670046],[-66.829733,-7.670407],[-66.832712,-7.670317],[-66.835962,-7.669504],[-66.839753,-7.668511],[-66.841378,-7.66806],[-66.843906,-7.668241],[-66.84526,-7.669324],[-66.846163,-7.67149],[-66.846433,-7.67456],[-66.847607,-7.680247],[-66.849593,-7.685212],[-66.85194,-7.689725],[-66.854919,-7.692795],[-66.860426,-7.695683],[-66.865932,-7.698662],[-66.871981,-7.700739],[-66.875592,-7.7011],[-66.878029,-7.700197],[-66.881008,-7.698662],[-66.883716,-7.697128],[-66.88498,-7.694871],[-66.884709,-7.692795],[-66.883806,-7.690177],[-66.881279,-7.687108],[-66.877848,-7.683767],[-66.874328,-7.681059],[-66.872522,-7.678351],[-66.871439,-7.675282],[-66.87162,-7.67149],[-66.873876,-7.667699],[-66.876223,-7.666164],[-66.879383,-7.665532],[-66.88155,-7.666886],[-66.88277,-7.670876],[-66.884438,-7.674921],[-66.887869,-7.681511],[-66.892021,-7.685031],[-66.897076,-7.686656],[-66.902944,-7.687288],[-66.909895,-7.687288],[-66.916124,-7.687017],[-66.920908,-7.687559],[-66.924068,-7.686656],[-66.925964,-7.685573],[-66.92795,-7.684309],[-66.930658,-7.682504],[-66.934088,-7.679344],[-66.938512,-7.675372],[-66.942754,-7.672844],[-66.947178,-7.67122],[-66.953046,-7.670678],[-66.958101,-7.671039],[-66.962257,-7.671654],[-66.965323,-7.673386],[-66.969927,-7.676726],[-66.973267,-7.680427],[-66.974621,-7.683767],[-66.974531,-7.687288],[-66.973357,-7.689455],[-66.971552,-7.691802],[-66.969746,-7.694329],[-66.967941,-7.696586],[-66.965955,-7.699565],[-66.963184,-7.704194],[-66.961892,-7.707238],[-66.959906,-7.715724],[-66.960809,-7.720689],[-66.962344,-7.725473],[-66.96451,-7.729897],[-66.966677,-7.732244],[-66.970596,-7.733749],[-66.973538,-7.733417],[-66.977419,-7.731612],[-66.981662,-7.728723],[-66.987349,-7.723397],[-66.992766,-7.720779],[-66.99737,-7.718974],[-67.0008,-7.719877],[-67.001793,-7.722314],[-67.001973,-7.725564],[-67.001973,-7.728452],[-67.001342,-7.731973],[-67.0008,-7.736306],[-66.998994,-7.739556],[-66.995654,-7.743889],[-66.99105,-7.746958],[-66.986356,-7.749396],[-66.981662,-7.75075],[-66.976607,-7.751472],[-66.973628,-7.752916],[-66.971913,-7.755083],[-66.971281,-7.757791],[-66.972906,-7.762576],[-66.974711,-7.766187],[-66.978593,-7.772867],[-66.982023,-7.777741],[-66.986808,-7.779998],[-66.991682,-7.779547],[-66.995022,-7.778554],[-66.998633,-7.7772],[-67.001883,-7.775665],[-67.004591,-7.775124],[-67.008654,-7.774672],[-67.012174,-7.773769],[-67.014251,-7.772145],[-67.016327,-7.769436],[-67.018945,-7.764832],[-67.02084,-7.76077],[-67.022646,-7.757701],[-67.025354,-7.755805],[-67.02743,-7.75418],[-67.031222,-7.752736],[-67.036548,-7.75066],[-67.041603,-7.749847],[-67.045304,-7.749757],[-67.047785,-7.750963],[-67.049908,-7.752555],[-67.051262,-7.754902],[-67.051894,-7.757791],[-67.052707,-7.761402],[-67.05361,-7.76411],[-67.055866,-7.77052],[-67.058494,-7.780417],[-67.059026,-7.781984],[-67.058936,-7.786317],[-67.057591,-7.789455],[-67.055505,-7.792005],[-67.052617,-7.793449],[-67.047381,-7.795074],[-67.043228,-7.796247],[-67.039076,-7.798414],[-67.036006,-7.800671],[-67.034381,-7.804733],[-67.032937,-7.808163],[-67.033388,-7.811503],[-67.036187,-7.815385],[-67.040339,-7.818454],[-67.044763,-7.820892],[-67.05036,-7.821614],[-67.053971,-7.821072],[-67.056318,-7.819809],[-67.057491,-7.818093],[-67.058575,-7.815656],[-67.059658,-7.812948],[-67.060019,-7.810781],[-67.061102,-7.806538],[-67.061824,-7.802928],[-67.063359,-7.798504],[-67.064894,-7.794622],[-67.067331,-7.791553],[-67.070671,-7.788574],[-67.073921,-7.786678],[-67.077351,-7.786317],[-67.080872,-7.786408],[-67.084212,-7.78722],[-67.08724,-7.789002],[-67.089628,-7.792095],[-67.090351,-7.795706],[-67.091344,-7.798324],[-67.094052,-7.801212],[-67.096038,-7.805275],[-67.096128,-7.80717],[-67.095496,-7.809427],[-67.093961,-7.811233],[-67.090685,-7.814019],[-67.089177,-7.814934],[-67.087191,-7.817823],[-67.087733,-7.821163],[-67.089538,-7.825586],[-67.09333,-7.83028],[-67.097933,-7.83696],[-67.102808,-7.840932],[-67.107051,-7.844453],[-67.112106,-7.847974],[-67.114848,-7.850743],[-67.118245,-7.852578],[-67.121134,-7.851946],[-67.122939,-7.849689],[-67.12321,-7.847432],[-67.122217,-7.843821],[-67.11978,-7.839398],[-67.117613,-7.834884],[-67.116078,-7.830822],[-67.115266,-7.825947],[-67.115446,-7.822427],[-67.116801,-7.819086],[-67.120863,-7.818184],[-67.125647,-7.818906],[-67.129439,-7.821704],[-67.132418,-7.825135],[-67.134133,-7.829107],[-67.133952,-7.832898],[-67.131064,-7.837592],[-67.129348,-7.841835],[-67.127994,-7.845807],[-67.130973,-7.852939],[-67.133682,-7.854383],[-67.136751,-7.855196],[-67.141896,-7.854834],[-67.146861,-7.855015],[-67.152187,-7.85682],[-67.154625,-7.860522],[-67.157965,-7.868195],[-67.157694,-7.874333],[-67.156972,-7.879479],[-67.153812,-7.882819],[-67.150021,-7.884444],[-67.147403,-7.884083],[-67.145056,-7.882819],[-67.141806,-7.878757],[-67.139549,-7.875056],[-67.135577,-7.870903],[-67.131605,-7.868285],[-67.128175,-7.868105],[-67.125738,-7.870091],[-67.125376,-7.872979],[-67.125828,-7.874875],[-67.127362,-7.876771],[-67.12971,-7.880472],[-67.131786,-7.883993],[-67.13332,-7.888145],[-67.133501,-7.892117],[-67.13332,-7.895728],[-67.133952,-7.899429],[-67.135938,-7.903221],[-67.139278,-7.905116],[-67.142257,-7.905116],[-67.146139,-7.904304],[-67.14966,-7.901957],[-67.153542,-7.899158],[-67.157243,-7.89627],[-67.161486,-7.8932],[-67.164284,-7.891846],[-67.166721,-7.892749],[-67.167353,-7.894374],[-67.166812,-7.89645],[-67.165006,-7.898888],[-67.161756,-7.900603],[-67.159048,-7.90286],[-67.156882,-7.905568],[-67.153993,-7.908637],[-67.151465,-7.911797],[-67.14975,-7.915137],[-67.149299,-7.918748],[-67.149931,-7.921997],[-67.151826,-7.923532],[-67.154625,-7.923983],[-67.157333,-7.923081],[-67.160493,-7.921366],[-67.16293,-7.920643],[-67.165367,-7.920192],[-67.167444,-7.919018],[-67.168707,-7.918116],[-67.170152,-7.91613],[-67.171054,-7.914505],[-67.171686,-7.911616],[-67.173672,-7.908998],[-67.175568,-7.90629],[-67.177825,-7.90295],[-67.181165,-7.89979],[-67.184686,-7.896902],[-67.189651,-7.894645],[-67.193893,-7.894284],[-67.197504,-7.894554],[-67.201747,-7.896089],[-67.205358,-7.89961],[-67.210143,-7.905929],[-67.21249,-7.909901],[-67.21635,-7.914191],[-67.220163,-7.917394],[-67.221968,-7.919741],[-67.221427,-7.922088],[-67.220073,-7.924976],[-67.218538,-7.9294],[-67.21908,-7.933282],[-67.220343,-7.937163],[-67.223864,-7.94267],[-67.228197,-7.946552],[-67.232079,-7.947996],[-67.236322,-7.94944],[-67.239572,-7.950704],[-67.240926,-7.95278],[-67.240926,-7.955579],[-67.23921,-7.958648],[-67.236593,-7.960815],[-67.232079,-7.962169],[-67.228378,-7.964065],[-67.223413,-7.967675],[-67.220343,-7.970654],[-67.217906,-7.973633],[-67.216191,-7.976071],[-67.211768,-7.983563],[-67.209782,-7.989883],[-67.209511,-7.995931],[-67.211948,-7.997646],[-67.214656,-7.998729],[-67.218628,-7.998549],[-67.223322,-7.997104],[-67.227656,-7.994125],[-67.233433,-7.989251],[-67.236231,-7.987084],[-67.238759,-7.986272],[-67.242009,-7.986994],[-67.243273,-7.988619],[-67.243634,-7.990424],[-67.242708,-7.992852],[-67.240384,-7.99566],[-67.23903,-7.999271],[-67.238398,-8.003153],[-67.23912,-8.00875],[-67.241663,-8.011718],[-67.244807,-8.016603],[-67.249682,-8.022291],[-67.2523,-8.028249],[-67.253112,-8.034116],[-67.252932,-8.040165],[-67.251074,-8.043964],[-67.248147,-8.04531],[-67.246161,-8.043595],[-67.245496,-8.040511],[-67.243995,-8.036915],[-67.241648,-8.033936],[-67.237044,-8.029693],[-67.233343,-8.027797],[-67.228468,-8.02536],[-67.224767,-8.024457],[-67.221466,-8.023981],[-67.218087,-8.024908],[-67.215288,-8.026443],[-67.214115,-8.027797],[-67.213122,-8.030054],[-67.212309,-8.031679],[-67.211677,-8.033665],[-67.211768,-8.037456],[-67.213392,-8.041158],[-67.21574,-8.044317],[-67.218989,-8.047296],[-67.222329,-8.050726],[-67.226843,-8.054247],[-67.232169,-8.057768],[-67.238308,-8.061108],[-67.243814,-8.064177],[-67.248509,-8.067607],[-67.253835,-8.072934],[-67.259793,-8.079253],[-67.262772,-8.083405],[-67.263855,-8.086745],[-67.263765,-8.089092],[-67.263042,-8.090717],[-67.261598,-8.09153],[-67.259612,-8.09171],[-67.256453,-8.091259],[-67.253654,-8.09153],[-67.251488,-8.092162],[-67.249953,-8.093516],[-67.248779,-8.095863],[-67.249035,-8.098157],[-67.25221,-8.102633],[-67.254286,-8.108862],[-67.254286,-8.114279],[-67.253835,-8.123396],[-67.253293,-8.130798],[-67.255098,-8.136666],[-67.259612,-8.144069],[-67.264758,-8.150388],[-67.268642,-8.153872],[-67.276222,-8.157519],[-67.284979,-8.161401],[-67.294999,-8.16447],[-67.302492,-8.16781],[-67.30529,-8.170428],[-67.308179,-8.174671],[-67.308901,-8.178192],[-67.307818,-8.180539],[-67.3052,-8.181171],[-67.301499,-8.180358],[-67.299152,-8.178914],[-67.294999,-8.176296],[-67.290847,-8.172595],[-67.286694,-8.168984],[-67.282361,-8.166456],[-67.279472,-8.166366],[-67.276944,-8.167269],[-67.275279,-8.169923],[-67.273153,-8.173678],[-67.271979,-8.178101],[-67.270174,-8.183518],[-67.270535,-8.186136],[-67.271979,-8.188844],[-67.274597,-8.190649],[-67.277757,-8.192365],[-67.281639,-8.194621],[-67.282993,-8.196698],[-67.284347,-8.199767],[-67.284527,-8.203649],[-67.286152,-8.206537],[-67.28868,-8.208704],[-67.291027,-8.209877],[-67.292923,-8.209968],[-67.294819,-8.209697],[-67.298249,-8.207891],[-67.301047,-8.206537],[-67.304929,-8.205364],[-67.30854,-8.205544],[-67.310977,-8.206267],[-67.316755,-8.208253],[-67.323779,-8.21161],[-67.327046,-8.213218],[-67.332462,-8.216016],[-67.335802,-8.218905],[-67.339955,-8.222245],[-67.340497,-8.22405],[-67.339594,-8.226488],[-67.337518,-8.227661],[-67.334539,-8.229106],[-67.331289,-8.23055],[-67.328219,-8.232175],[-67.326719,-8.234359],[-67.325872,-8.237411],[-67.325872,-8.240661],[-67.326324,-8.245174],[-67.327678,-8.251764],[-67.328129,-8.258173],[-67.328581,-8.263229],[-67.331198,-8.266749],[-67.335441,-8.269187],[-67.340226,-8.272527],[-67.343114,-8.275867],[-67.345191,-8.281012],[-67.34492,-8.284353],[-67.343746,-8.288505],[-67.341038,-8.29329],[-67.338872,-8.298977],[-67.338059,-8.302768],[-67.338059,-8.306921],[-67.340045,-8.310261],[-67.343114,-8.311886],[-67.345913,-8.312518],[-67.348079,-8.312247],[-67.350878,-8.310802],[-67.353406,-8.308636],[-67.358912,-8.305206],[-67.362704,-8.303129],[-67.365773,-8.302588],[-67.371731,-8.303039],[-67.375522,-8.303581],[-67.379133,-8.304935],[-67.381119,-8.30683],[-67.382112,-8.308726],[-67.382022,-8.310351],[-67.380668,-8.311434],[-67.377599,-8.311886],[-67.374981,-8.312337],[-67.37137,-8.312879],[-67.368842,-8.314143],[-67.366947,-8.316851],[-67.366224,-8.319198],[-67.366134,-8.322899],[-67.366495,-8.326149],[-67.367488,-8.32976],[-67.369745,-8.332919],[-67.370828,-8.335898],[-67.37128,-8.340322],[-67.370557,-8.344655],[-67.368662,-8.347273],[-67.363516,-8.348988],[-67.358027,-8.351485],[-67.353649,-8.355817],[-67.350427,-8.362619],[-67.345913,-8.36957],[-67.34158,-8.373723],[-67.337247,-8.376431],[-67.332914,-8.379229],[-67.329122,-8.382389],[-67.326865,-8.386271],[-67.327317,-8.389611],[-67.3284,-8.394756],[-67.330747,-8.397825],[-67.333997,-8.399902],[-67.336795,-8.400624],[-67.340767,-8.400624],[-67.344649,-8.399721],[-67.347538,-8.398187],[-67.348621,-8.395749],[-67.348621,-8.39277],[-67.347718,-8.388527],[-67.346996,-8.384104],[-67.347177,-8.380944],[-67.347448,-8.378327],[-67.349434,-8.376702],[-67.352503,-8.375528],[-67.355572,-8.375528],[-67.35828,-8.375979],[-67.362343,-8.377063],[-67.36812,-8.378327],[-67.370031,-8.379284],[-67.375884,-8.381937],[-67.378231,-8.384736],[-67.379314,-8.388076],[-67.378772,-8.393041],[-67.377057,-8.396562],[-67.372247,-8.401424],[-67.366947,-8.407394],[-67.365322,-8.411637],[-67.365502,-8.416061],[-67.367127,-8.420123],[-67.367308,-8.423463],[-67.36794,-8.427345],[-67.369023,-8.430504],[-67.370919,-8.432129],[-67.373807,-8.433212],[-67.376696,-8.433212],[-67.380668,-8.432039],[-67.385001,-8.43231],[-67.388883,-8.432851],[-67.392494,-8.434747],[-67.395653,-8.439441],[-67.397486,-8.445135],[-67.397549,-8.450274],[-67.395021,-8.457135],[-67.394094,-8.466637],[-67.394625,-8.469854],[-67.397007,-8.47546],[-67.400618,-8.482953],[-67.40459,-8.486835],[-67.408923,-8.490716],[-67.411541,-8.493605],[-67.41323,-8.497664],[-67.413256,-8.499112],[-67.412444,-8.502],[-67.410639,-8.50516],[-67.406667,-8.507778],[-67.403507,-8.51166],[-67.403067,-8.513907],[-67.404229,-8.516895],[-67.405674,-8.51843],[-67.408562,-8.520235],[-67.411814,-8.522195],[-67.415333,-8.527006],[-67.416597,-8.5317],[-67.415874,-8.535853],[-67.41443,-8.540366],[-67.412625,-8.545241],[-67.41127,-8.549935],[-67.409736,-8.554449],[-67.407479,-8.555803],[-67.405042,-8.5549],[-67.402424,-8.552192],[-67.40134,-8.547498],[-67.399806,-8.542984],[-67.400167,-8.537658],[-67.400799,-8.532693],[-67.40116,-8.528541],[-67.399535,-8.525291],[-67.39782,-8.52493],[-67.395473,-8.525291],[-67.392143,-8.527034],[-67.388522,-8.529353],[-67.385091,-8.530346],[-67.380217,-8.531249],[-67.375884,-8.532151],[-67.372453,-8.532874],[-67.369113,-8.534047],[-67.367849,-8.536304],[-67.366947,-8.538741],[-67.366766,-8.541359],[-67.367127,-8.543797],[-67.368842,-8.545873],[-67.373175,-8.547137],[-67.378953,-8.547949],[-67.385452,-8.549303],[-67.39059,-8.551931],[-67.39548,-8.554341],[-67.399896,-8.557969],[-67.40107,-8.560768],[-67.402695,-8.566726],[-67.403507,-8.569705],[-67.40441,-8.574219],[-67.403868,-8.578371],[-67.401702,-8.582704],[-67.398181,-8.583336],[-67.393938,-8.582163],[-67.388793,-8.57783],[-67.382835,-8.572955],[-67.378772,-8.570156],[-67.376245,-8.567629],[-67.373536,-8.564289],[-67.371731,-8.56131],[-67.370016,-8.560226],[-67.36803,-8.560858],[-67.366495,-8.563205],[-67.36487,-8.568893],[-67.363336,-8.573135],[-67.360357,-8.576566],[-67.354669,-8.580628],[-67.350697,-8.584149],[-67.350156,-8.586496],[-67.349524,-8.592544],[-67.350517,-8.59778],[-67.349163,-8.60103],[-67.346545,-8.606356],[-67.346725,-8.608161],[-67.347989,-8.609967],[-67.350427,-8.610689],[-67.355121,-8.61123],[-67.359634,-8.612946],[-67.363693,-8.614884],[-67.367217,-8.618272],[-67.369745,-8.621341],[-67.369926,-8.623959],[-67.369655,-8.626938],[-67.367013,-8.629654],[-67.363065,-8.631452],[-67.358551,-8.633618],[-67.354579,-8.635153],[-67.35169,-8.63741],[-67.350427,-8.640298],[-67.351871,-8.643187],[-67.353857,-8.644541],[-67.356204,-8.645263],[-67.358371,-8.646076],[-67.361711,-8.646347],[-67.365412,-8.647249],[-67.369023,-8.64761],[-67.371641,-8.648333],[-67.375793,-8.649596],[-67.378953,-8.650951],[-67.381119,-8.652756],[-67.38121,-8.654832],[-67.380668,-8.656909],[-67.378321,-8.659346],[-67.375793,-8.663318],[-67.374981,-8.666839],[-67.375522,-8.669908],[-67.377238,-8.672706],[-67.379765,-8.676046],[-67.382203,-8.677942],[-67.384459,-8.679296],[-67.388161,-8.678845],[-67.390869,-8.677039],[-67.393306,-8.675505],[-67.395653,-8.675595],[-67.397459,-8.676588],[-67.398452,-8.678303],[-67.39791,-8.681102],[-67.397639,-8.684261],[-67.396737,-8.688865],[-67.396896,-8.693976],[-67.396827,-8.698976],[-67.394931,-8.702857],[-67.389515,-8.705836],[-67.385904,-8.708906],[-67.382835,-8.712336],[-67.38121,-8.715676],[-67.38063,-8.719363],[-67.380849,-8.722898],[-67.382112,-8.725877],[-67.38464,-8.728495],[-67.389154,-8.729217],[-67.393396,-8.728766],[-67.395473,-8.727412],[-67.399084,-8.725426],[-67.402514,-8.72353],[-67.406125,-8.724342],[-67.407569,-8.726509],[-67.407379,-8.729564],[-67.406937,-8.732467],[-67.405674,-8.735536],[-67.40441,-8.738064],[-67.402514,-8.741133],[-67.401166,-8.745253],[-67.40125,-8.748174],[-67.40125,-8.751063],[-67.401716,-8.752322],[-67.406152,-8.756299],[-67.414262,-8.7595],[-67.418317,-8.761208],[-67.419384,-8.762915],[-67.420878,-8.764836],[-67.424292,-8.76569],[-67.430909,-8.76569],[-67.434537,-8.765903],[-67.436884,-8.765903],[-67.439019,-8.766757],[-67.439019,-8.768251],[-67.436671,-8.770385],[-67.43539,-8.772946],[-67.434537,-8.775294],[-67.434323,-8.777428],[-67.434964,-8.779562],[-67.436244,-8.780843],[-67.44286,-8.782336],[-67.453318,-8.783617],[-67.461428,-8.78383],[-67.465269,-8.784898],[-67.467617,-8.785751],[-67.468684,-8.787885],[-67.466763,-8.792154],[-67.463562,-8.796422],[-67.462495,-8.798343],[-67.461855,-8.800904],[-67.461855,-8.801758],[-67.463562,-8.801971],[-67.466763,-8.801971],[-67.469751,-8.797703],[-67.473593,-8.794715],[-67.479355,-8.792581],[-67.488532,-8.7913],[-67.496215,-8.789806],[-67.501764,-8.788739],[-67.504112,-8.788739],[-67.504325,-8.790233],[-67.503045,-8.793008],[-67.503045,-8.795569],[-67.502191,-8.797276],[-67.502405,-8.799197],[-67.503898,-8.801331],[-67.508807,-8.802185],[-67.519265,-8.801758],[-67.525454,-8.799837],[-67.532497,-8.797489],[-67.534631,-8.795782],[-67.540393,-8.795142],[-67.544875,-8.795142],[-67.549144,-8.795569],[-67.55512,-8.797916],[-67.559388,-8.800264],[-67.562589,-8.803679],[-67.567071,-8.809441],[-67.571553,-8.81499],[-67.575821,-8.819472],[-67.577742,-8.822246],[-67.582224,-8.825874],[-67.586706,-8.829289],[-67.595456,-8.83185],[-67.601645,-8.833558],[-67.604847,-8.834625],[-67.6057,-8.835905],[-67.605914,-8.836759],[-67.6057,-8.837613],[-67.601218,-8.839747],[-67.59631,-8.842521],[-67.592895,-8.84679],[-67.590121,-8.853619],[-67.58756,-8.859595],[-67.586706,-8.863863],[-67.586279,-8.869412],[-67.586919,-8.874107],[-67.589907,-8.878162],[-67.592255,-8.879656],[-67.595029,-8.880297],[-67.598017,-8.880083],[-67.598871,-8.876455],[-67.598444,-8.873894],[-67.598444,-8.869626],[-67.602712,-8.86493],[-67.610396,-8.860662],[-67.614664,-8.857461],[-67.618506,-8.857247],[-67.625762,-8.859168],[-67.62939,-8.859808],[-67.632165,-8.858528],[-67.633872,-8.854473],[-67.636433,-8.847643],[-67.638994,-8.845509],[-67.642409,-8.843802],[-67.644543,-8.843375],[-67.647104,-8.843161],[-67.650732,-8.844442],[-67.65308,-8.846363],[-67.656708,-8.847643],[-67.660336,-8.847643],[-67.662897,-8.84679],[-67.664391,-8.845082],[-67.665885,-8.843375],[-67.666312,-8.840814],[-67.665458,-8.837399],[-67.665885,-8.833558],[-67.666525,-8.83121],[-67.669086,-8.828649],[-67.672715,-8.827368],[-67.67741,-8.827368],[-67.680611,-8.827155],[-67.687654,-8.829503],[-67.693203,-8.831423],[-67.696404,-8.832704],[-67.698112,-8.833558],[-67.699392,-8.835051],[-67.698752,-8.837399],[-67.696618,-8.842094],[-67.696831,-8.844655],[-67.697045,-8.847003],[-67.698538,-8.848284],[-67.7011,-8.848497],[-67.703661,-8.847003],[-67.707929,-8.844015],[-67.711771,-8.843375],[-67.715185,-8.843161],[-67.718387,-8.843588],[-67.720521,-8.845082],[-67.722228,-8.846576],[-67.724149,-8.850631],[-67.725003,-8.85554],[-67.724576,-8.858528],[-67.724789,-8.862583],[-67.725216,-8.865571],[-67.725856,-8.868772],[-67.728844,-8.870906],[-67.73354,-8.870906],[-67.738448,-8.870266],[-67.74293,-8.868985],[-67.745278,-8.868345],[-67.749333,-8.867065],[-67.752107,-8.866211],[-67.755308,-8.867705],[-67.75851,-8.869412],[-67.760644,-8.8724],[-67.762565,-8.874748],[-67.763632,-8.877736],[-67.764272,-8.880937],[-67.764486,-8.885205],[-67.765339,-8.890541],[-67.765339,-8.892889],[-67.765766,-8.895023],[-67.766833,-8.897157],[-67.770248,-8.897584],[-67.773663,-8.898011],[-67.775797,-8.896517],[-67.776224,-8.893102],[-67.777504,-8.888407],[-67.779425,-8.883925],[-67.781346,-8.882217],[-67.787108,-8.880297],[-67.793297,-8.880297],[-67.800127,-8.880937],[-67.804822,-8.882431],[-67.80781,-8.885632],[-67.809731,-8.88734],[-67.810798,-8.889687],[-67.810798,-8.891181],[-67.810585,-8.893102],[-67.809304,-8.894382],[-67.805889,-8.894596],[-67.798846,-8.893956],[-67.795858,-8.893956],[-67.793084,-8.89545],[-67.791803,-8.897584],[-67.791377,-8.900145],[-67.791803,-8.904413],[-67.794365,-8.908468],[-67.797993,-8.91167],[-67.802048,-8.913804],[-67.803755,-8.915298],[-67.805889,-8.915511],[-67.807383,-8.914871],[-67.808877,-8.911243],[-67.809731,-8.905267],[-67.812932,-8.898864],[-67.818054,-8.896517],[-67.824457,-8.894596],[-67.829366,-8.894596],[-67.832567,-8.894596],[-67.834274,-8.895876],[-67.834274,-8.898224],[-67.832994,-8.899931],[-67.829579,-8.903773],[-67.826805,-8.906334],[-67.824243,-8.911029],[-67.823817,-8.914657],[-67.822536,-8.919139],[-67.822963,-8.921487],[-67.823817,-8.923835],[-67.825737,-8.924902],[-67.827658,-8.925329],[-67.830433,-8.924688],[-67.833634,-8.921274],[-67.838543,-8.914444],[-67.841744,-8.911243],[-67.843665,-8.909535],[-67.846653,-8.909322],[-67.850494,-8.908682],[-67.852628,-8.909322],[-67.855616,-8.911029],[-67.857324,-8.912737],[-67.858177,-8.914657],[-67.858818,-8.917005],[-67.859031,-8.921914],[-67.858818,-8.928316],[-67.859245,-8.938347],[-67.858818,-8.942616],[-67.858391,-8.946457],[-67.85711,-8.950939],[-67.856257,-8.953927],[-67.85519,-8.955848],[-67.854763,-8.957982],[-67.85519,-8.96097],[-67.85711,-8.964598],[-67.859245,-8.966946],[-67.862873,-8.96844],[-67.864367,-8.96844],[-67.865647,-8.967586],[-67.866928,-8.962037],[-67.867781,-8.955634],[-67.869916,-8.948378],[-67.872903,-8.943469],[-67.874824,-8.937707],[-67.876318,-8.930024],[-67.877812,-8.924048],[-67.8808,-8.920206],[-67.884855,-8.917219],[-67.888056,-8.915725],[-67.892965,-8.914871],[-67.898514,-8.915298],[-67.902782,-8.915511],[-67.906837,-8.915298],[-67.912386,-8.915511],[-67.916655,-8.917005],[-67.918362,-8.918499],[-67.919002,-8.921914],[-67.917295,-8.925329],[-67.914307,-8.927463],[-67.909612,-8.928957],[-67.904703,-8.930024],[-67.900862,-8.930024],[-67.894672,-8.930451],[-67.892325,-8.932585],[-67.892325,-8.934719],[-67.893178,-8.93664],[-67.895313,-8.938774],[-67.899581,-8.940695],[-67.908118,-8.94411],[-67.911746,-8.946457],[-67.914094,-8.948165],[-67.917082,-8.950085],[-67.917082,-8.95286],[-67.919429,-8.955848],[-67.922204,-8.958409],[-67.925405,-8.959476],[-67.930314,-8.958836],[-67.934155,-8.958195],[-67.936503,-8.959049],[-67.93821,-8.96033],[-67.938424,-8.962037],[-67.93821,-8.965025],[-67.935863,-8.970787],[-67.933515,-8.975909],[-67.932235,-8.980605],[-67.932021,-8.985727],[-67.931381,-8.989568],[-67.932235,-8.992343],[-67.932875,-8.994477],[-67.935863,-8.996184],[-67.939491,-8.996398],[-67.943546,-8.993837],[-67.947174,-8.991062],[-67.950162,-8.987221],[-67.954217,-8.981458],[-67.956565,-8.972921],[-67.957632,-8.968013],[-67.959766,-8.962891],[-67.963394,-8.960543],[-67.965955,-8.96033],[-67.968516,-8.96033],[-67.969583,-8.96097],[-67.97001,-8.963104],[-67.967236,-8.969934],[-67.964888,-8.975056],[-67.963394,-8.980818],[-67.961473,-8.991702],[-67.961473,-8.997892],[-67.962967,-9.0028],[-67.964675,-9.005361],[-67.966168,-9.005788],[-67.972571,-9.004508],[-67.97748,-9.003654],[-67.980468,-9.004081],[-67.982175,-9.004721],[-67.986443,-9.006002],[-67.990285,-9.006002],[-67.995194,-9.003441],[-68.000529,-8.997678],[-68.006292,-8.993623],[-68.0112,-8.990849],[-68.016536,-8.988501],[-68.023365,-8.98658],[-68.028914,-8.98594],[-68.031689,-8.985727],[-68.032969,-8.987007],[-68.032969,-8.988928],[-68.031048,-9.000453],[-68.029981,-9.006215],[-68.030408,-9.010484],[-68.032756,-9.016673],[-68.03489,-9.020941],[-68.035744,-9.026063],[-68.035103,-9.030972],[-68.036171,-9.032893],[-68.038945,-9.033533],[-68.043854,-9.032039],[-68.048122,-9.031399],[-68.055592,-9.030545],[-68.062208,-9.029051],[-68.072025,-9.024569],[-68.080135,-9.01838],[-68.085044,-9.013471],[-68.089526,-9.012831],[-68.0923,-9.013685],[-68.093367,-9.014539],[-68.092727,-9.01774],[-68.089526,-9.023289],[-68.088459,-9.027557],[-68.089526,-9.032679],[-68.091447,-9.03396],[-68.094435,-9.0346],[-68.097209,-9.0346],[-68.101477,-9.033746],[-68.103185,-9.030759],[-68.107453,-9.026917],[-68.110441,-9.023289],[-68.11535,-9.020728],[-68.120258,-9.020514],[-68.123033,-9.020301],[-68.126661,-9.022222],[-68.128582,-9.025423],[-68.131783,-9.035027],[-68.132423,-9.046338],[-68.13285,-9.054235],[-68.133491,-9.062985],[-68.134131,-9.068961],[-68.136265,-9.07515],[-68.138399,-9.078565],[-68.142027,-9.082833],[-68.146723,-9.086461],[-68.151631,-9.089663],[-68.155686,-9.090943],[-68.161449,-9.091157],[-68.168918,-9.089449],[-68.1734,-9.088382],[-68.175108,-9.087529],[-68.175108,-9.085821],[-68.174254,-9.083474],[-68.171693,-9.078351],[-68.170626,-9.074296],[-68.170199,-9.070028],[-68.169559,-9.067467],[-68.169559,-9.06576],[-68.17148,-9.064692],[-68.173827,-9.064692],[-68.177242,-9.06704],[-68.183004,-9.071095],[-68.191328,-9.078138],[-68.198157,-9.081553],[-68.203493,-9.083047],[-68.205627,-9.083047],[-68.207761,-9.083047],[-68.210109,-9.08198],[-68.210109,-9.078992],[-68.208401,-9.07515],[-68.207121,-9.071735],[-68.205413,-9.069601],[-68.204773,-9.066186],[-68.20456,-9.061278],[-68.204987,-9.057863],[-68.207334,-9.055302],[-68.210962,-9.053595],[-68.217948,-9.051713],[-68.221104,-9.05138],[-68.225258,-9.05271],[-68.227584,-9.055036],[-68.232236,-9.057196],[-68.236556,-9.057029],[-68.243036,-9.055202],[-68.246359,-9.05487],[-68.248353,-9.054537],[-68.250679,-9.054703],[-68.252174,-9.057029],[-68.254002,-9.061183],[-68.254666,-9.064838],[-68.255829,-9.069324],[-68.256494,-9.071152],[-68.258322,-9.072315],[-68.261146,-9.072647],[-68.264469,-9.072647],[-68.268623,-9.070155],[-68.273109,-9.065171],[-68.275601,-9.059356],[-68.279921,-9.05487],[-68.284407,-9.053042],[-68.287398,-9.05271],[-68.291551,-9.053707],[-68.293047,-9.054205],[-68.292881,-9.056033],[-68.290222,-9.058193],[-68.286567,-9.060519],[-68.284573,-9.062845],[-68.28341,-9.064506],[-68.282413,-9.0665],[-68.282413,-9.06866],[-68.283244,-9.071817],[-68.284075,-9.073811],[-68.285072,-9.0773],[-68.286235,-9.081952],[-68.287564,-9.087269],[-68.288561,-9.090924],[-68.289225,-9.093748],[-68.290555,-9.095078],[-68.293047,-9.09541],[-68.295207,-9.09541],[-68.297699,-9.094579],[-68.298862,-9.092419],[-68.299527,-9.088598],[-68.299693,-9.083115],[-68.301686,-9.076801],[-68.303016,-9.072315],[-68.304179,-9.069657],[-68.305508,-9.068494],[-68.307834,-9.068328],[-68.312652,-9.069491],[-68.317969,-9.071983],[-68.32179,-9.075472],[-68.324615,-9.07813],[-68.325944,-9.080623],[-68.328603,-9.083281],[-68.331261,-9.086105],[-68.333919,-9.087933],[-68.336412,-9.087933],[-68.340399,-9.086936],[-68.342559,-9.085275],[-68.344719,-9.083115],[-68.34638,-9.076801],[-68.34771,-9.068161],[-68.349703,-9.064008],[-68.351365,-9.06218],[-68.353026,-9.060519],[-68.353857,-9.060519],[-68.35502,-9.061183],[-68.356516,-9.062512],[-68.358842,-9.064008],[-68.362165,-9.064672],[-68.365155,-9.065337],[-68.372134,-9.067497],[-68.379776,-9.071318],[-68.382933,-9.074309],[-68.384595,-9.077133],[-68.385592,-9.079626],[-68.384761,-9.083447],[-68.38177,-9.087767],[-68.379943,-9.090592],[-68.378613,-9.092087],[-68.377783,-9.094081],[-68.378779,-9.09541],[-68.384429,-9.096074],[-68.394065,-9.096573],[-68.399548,-9.096407],[-68.403868,-9.09541],[-68.405696,-9.094081],[-68.406526,-9.091755],[-68.406859,-9.08893],[-68.405529,-9.085275],[-68.401874,-9.082118],[-68.396557,-9.078961],[-68.395228,-9.075472],[-68.39473,-9.072814],[-68.39473,-9.070321],[-68.396225,-9.067331],[-68.399382,-9.065835],[-68.402206,-9.065337],[-68.405529,-9.0665],[-68.40852,-9.069324],[-68.410514,-9.072149],[-68.413006,-9.074309],[-68.415,-9.07597],[-68.416495,-9.077133],[-68.419652,-9.078463],[-68.423972,-9.079626],[-68.429621,-9.079958],[-68.435104,-9.079127],[-68.439258,-9.078795],[-68.445073,-9.077466],[-68.452217,-9.074641],[-68.457202,-9.071484],[-68.45986,-9.069823],[-68.461023,-9.06866],[-68.460358,-9.066832],[-68.458863,-9.065669],[-68.452716,-9.063675],[-68.44906,-9.061183],[-68.446568,-9.056863],[-68.445737,-9.053042],[-68.445737,-9.048057],[-68.445737,-9.044402],[-68.4469,-9.042741],[-68.449226,-9.041412],[-68.451386,-9.041578],[-68.45554,-9.044402],[-68.461189,-9.04623],[-68.466506,-9.047227],[-68.472487,-9.047725],[-68.474813,-9.047725],[-68.478967,-9.04623],[-68.481625,-9.044236],[-68.482456,-9.042741],[-68.482955,-9.041245],[-68.481958,-9.039252],[-68.479632,-9.037258],[-68.477139,-9.034433],[-68.476143,-9.031775],[-68.475478,-9.029117],[-68.475478,-9.027123],[-68.475644,-9.024797],[-68.478635,-9.021141],[-68.480629,-9.017486],[-68.482622,-9.013],[-68.483785,-9.010674],[-68.484782,-9.00652],[-68.486278,-9.000373],[-68.488271,-8.995056],[-68.490597,-8.990238],[-68.492259,-8.986915],[-68.494253,-8.985253],[-68.496911,-8.985087],[-68.500234,-8.985253],[-68.504222,-8.987413],[-68.506215,-8.988576],[-68.508874,-8.991068],[-68.510535,-8.996551],[-68.51336,-9.0022],[-68.516184,-9.00569],[-68.519175,-9.007683],[-68.521335,-9.008846],[-68.522996,-9.009345],[-68.524824,-9.009511],[-68.526486,-9.009511],[-68.529809,-9.008182],[-68.532135,-9.005191],[-68.535125,-9.001204],[-68.537451,-8.998213],[-68.539279,-8.996219],[-68.540941,-8.99489],[-68.542768,-8.99489],[-68.545759,-8.995056],[-68.548085,-8.99705],[-68.548251,-8.999708],[-68.548251,-9.001702],[-68.547586,-9.003862],[-68.545593,-9.006853],[-68.544097,-9.010508],[-68.541107,-9.014662],[-68.539279,-9.018649],[-68.538282,-9.023634],[-68.537451,-9.030113],[-68.536953,-9.034101],[-68.536787,-9.036593],[-68.536621,-9.038089],[-68.536787,-9.039916],[-68.538116,-9.041245],[-68.539777,-9.042076],[-68.542104,-9.041578],[-68.547254,-9.040747],[-68.553069,-9.040415],[-68.561211,-9.041245],[-68.568023,-9.042408],[-68.575167,-9.043405],[-68.580484,-9.043405],[-68.582644,-9.043405],[-68.584471,-9.043405],[-68.586798,-9.042408],[-68.58929,-9.040415],[-68.590121,-9.036095],[-68.591117,-9.033769],[-68.590619,-9.030612],[-68.589622,-9.027953]]]}},{"type":"Feature","properties":{"folders":"vw_snv_aqa","altitude":0.0,"CD_UF":"13","NM_UF":"Amazonas","SIGLA_UF":"AM","NM_REGIAO":"Norte","AREA_KM2":1559255.881,"extensao":1187.9,"NOME":"Rio Negro","CODIGO":"HF-129","BACIA":"Amazônica","TRECHO":"Da confluencia com o rio Solimoes ate a cidade de Cucui (AM)."},"geometry":{"type":"MultiLineString","coordinates":[[[-59.896719,-3.125834],[-59.922833,-3.139472],[-59.94078,-3.15534],[-59.966086,-3.167983],[-59.986406,-3.173501],[-60.000057,-3.166749],[-60.002211,-3.165809],[-60.032859,-3.150009],[-60.107898,-3.101538],[-60.147766,-3.082171],[-60.172473,-3.074344],[-60.217412,-3.068897],[-60.266621,-3.070003],[-60.294698,-3.067623],[-60.33555,-3.061139],[-60.439466,-3.057586],[-60.495577,-3.03914],[-60.5642,-2.987811],[-60.654878,-2.893352],[-60.687684,-2.863024],[-60.699586,-2.85735],[-60.746366,-2.817138],[-60.769952,-2.76935],[-60.819441,-2.710214],[-60.824658,-2.702636],[-60.869073,-2.676308],[-60.888136,-2.665019],[-60.927635,-2.626471],[-60.950954,-2.604104],[-60.965706,-2.588876],[-60.977128,-2.570792],[-60.985218,-2.554612],[-60.989977,-2.544142],[-60.99188,-2.531293],[-60.992356,-2.50845],[-60.992809,-2.498931],[-61.015675,-2.452295],[-61.019006,-2.442777],[-61.021386,-2.434211],[-61.018342,-2.392277],[-61.023765,-2.359972],[-61.030428,-2.333322],[-61.04518,-2.299533],[-61.058029,-2.2686],[-61.073258,-2.236716],[-61.078493,-2.21768],[-61.078969,-2.202451],[-61.088486,-2.181036],[-61.113233,-2.157242],[-61.142738,-2.133923],[-61.163202,-2.116315],[-61.198893,-2.093948],[-61.214598,-2.069202],[-61.226285,-2.028608],[-61.247692,-1.996976],[-61.284339,-1.96],[-61.329764,-1.933096],[-61.361173,-1.905019],[-61.38354,-1.880272],[-61.39163,-1.861237],[-61.402792,-1.822247],[-61.41903,-1.792406],[-61.421811,-1.782207],[-61.422165,-1.780897],[-61.429701,-1.738932],[-61.433032,-1.712758],[-61.445882,-1.686108],[-61.464917,-1.669928],[-61.481573,-1.656127],[-61.495374,-1.638995],[-61.508223,-1.620911],[-61.518217,-1.603303],[-61.525356,-1.589026],[-61.532018,-1.571894],[-61.539156,-1.556666],[-61.546771,-1.536678],[-61.551431,-1.514833]],[[-61.566696,-1.485562],[-61.598945,-1.453042]],[[-61.635355,-1.434032],[-61.652894,-1.430504]],[[-61.72748,-1.403421],[-61.738266,-1.397028],[-61.747426,-1.389808]],[[-61.778306,-1.381222],[-61.783289,-1.381062],[-61.795662,-1.382013],[-61.806608,-1.389152],[-61.807184,-1.389431]],[[-61.837621,-1.401181],[-61.838049,-1.40131],[-61.849914,-1.401525],[-61.853931,-1.40098]],[[-61.898447,-1.392623],[-61.98364,-1.369164],[-62.026946,-1.345845],[-62.048361,-1.332045],[-62.066445,-1.320623],[-62.078342,-1.315864],[-62.096426,-1.314437],[-62.110703,-1.310154],[-62.127528,-1.306739],[-62.158873,-1.286677],[-62.181135,-1.261613],[-62.209896,-1.244851],[-62.227772,-1.225445],[-62.250139,-1.20974],[-62.275362,-1.195464],[-62.292018,-1.18547],[-62.304391,-1.181663],[-62.31415,-1.178195],[-62.323869,-1.17664],[-62.32996,-1.174826],[-62.33929,-1.171975],[-62.354727,-1.170299],[-62.394811,-1.159296],[-62.396593,-1.15885],[-62.408492,-1.154351],[-62.417653,-1.153585],[-62.43489,-1.154602],[-62.45346,-1.148649],[-62.462142,-1.148649],[-62.475906,-1.151278],[-62.495051,-1.151869],[-62.515793,-1.146575],[-62.531992,-1.139059],[-62.552035,-1.130569],[-62.560445,-1.128659],[-62.582768,-1.126796],[-62.617392,-1.122471],[-62.630351,-1.117288],[-62.644606,-1.110031],[-62.664351,-1.102487],[-62.696183,-1.101089],[-62.712917,-1.098224],[-62.727782,-1.090501],[-62.740114,-1.07867],[-62.748279,-1.067914],[-62.756702,-1.061434],[-62.767976,-1.055214],[-62.783268,-1.05003],[-62.805947,-1.042514],[-62.820331,-1.038367],[-62.838992,-1.022686],[-62.854154,-1.005062],[-62.85869,-0.998453],[-62.865391,-0.988941],[-62.87548,-0.982431],[-62.883635,-0.978165],[-62.897432,-0.977128],[-62.921121,-0.96571],[-62.930438,-0.962426],[-62.940265,-0.94758],[-62.950301,-0.925208],[-62.958874,-0.908272],[-62.963892,-0.89949],[-62.969328,-0.891545],[-62.972882,-0.882554],[-62.974346,-0.874609],[-62.974346,-0.8652],[-62.974973,-0.859136],[-62.974764,-0.854118],[-62.976228,-0.848682],[-62.9779,-0.843873],[-62.978737,-0.836346],[-62.977273,-0.822128],[-62.979155,-0.814182],[-62.980828,-0.804773],[-62.984382,-0.79411],[-62.991282,-0.780937],[-63.004455,-0.771947],[-63.025572,-0.753129],[-63.048572,-0.732638],[-63.062581,-0.721138],[-63.073244,-0.71842],[-63.092481,-0.714029],[-63.111507,-0.698975],[-63.130116,-0.689984],[-63.148516,-0.677021],[-63.158552,-0.662594],[-63.171934,-0.650258],[-63.188034,-0.634994],[-63.198697,-0.624331],[-63.211033,-0.614922],[-63.23236,-0.606349],[-63.263514,-0.598822],[-63.275043,-0.597367],[-63.294074,-0.598395],[-63.315471,-0.593663],[-63.330284,-0.585537],[-63.347669,-0.573604],[-63.367008,-0.560231],[-63.373695,-0.554367],[-63.382336,-0.549327],[-63.401675,-0.539451],[-63.415459,-0.533793],[-63.423998,-0.531428],[-63.436342,-0.524741],[-63.443748,-0.518569],[-63.452904,-0.51322],[-63.463499,-0.507973],[-63.475124,-0.502933],[-63.491068,-0.494395],[-63.501252,-0.479067],[-63.509379,-0.469192],[-63.529439,-0.450469],[-63.544413,-0.426996],[-63.55545,-0.419692],[-63.607193,-0.379515],[-63.628296,-0.368586],[-63.645944,-0.359435],[-63.655453,-0.358196],[-63.665535,-0.356653],[-63.674073,-0.355521],[-63.704213,-0.342354],[-63.716866,-0.335565],[-63.735043,-0.331815],[-63.747521,-0.327026],[-63.759557,-0.323323],[-63.775913,-0.319723],[-63.786612,-0.318488],[-63.79875,-0.317254],[-63.807711,-0.317791],[-63.82025,-0.321163],[-63.835269,-0.328775],[-63.849259,-0.334639],[-63.865615,-0.340708],[-63.879605,-0.345028],[-63.883685,-0.345664],[-63.904911,-0.358401],[-63.94071,-0.358607],[-63.976611,-0.351818],[-64.007677,-0.347703],[-64.030916,-0.349775],[-64.045225,-0.352229],[-64.061684,-0.352641],[-64.070531,-0.352949],[-64.079583,-0.354904],[-64.085858,-0.355521],[-64.096042,-0.353772],[-64.107255,-0.351304],[-64.122994,-0.351406],[-64.143156,-0.353052],[-64.167742,-0.357064],[-64.171857,-0.359842],[-64.187493,-0.374038],[-64.21105,-0.38453],[-64.233578,-0.388542],[-64.262279,-0.390085],[-64.293037,-0.391731],[-64.312067,-0.391423],[-64.343134,-0.388748],[-64.368028,-0.387102],[-64.386236,-0.388645],[-64.39858,-0.389777],[-64.424195,-0.389982],[-64.448163,-0.392554],[-64.479508,-0.401248],[-64.503637,-0.40872],[-64.521303,-0.419506],[-64.532825,-0.42753],[-64.545478,-0.439051],[-64.563994,-0.448001],[-64.590226,-0.449852],[-64.623247,-0.451601],[-64.643305,-0.450438],[-64.665732,-0.456127],[-64.684866,-0.461991],[-64.694844,-0.466106],[-64.702662,-0.466929],[-64.709554,-0.468163],[-64.720561,-0.472895],[-64.731362,-0.475981],[-64.753582,-0.475158],[-64.766647,-0.473409],[-64.780328,-0.474026],[-64.789175,-0.47557],[-64.800668,-0.480994],[-64.822792,-0.487269],[-64.841181,-0.488194],[-64.85641,-0.474869],[-64.870211,-0.464399],[-64.886867,-0.45964],[-64.903047,-0.452502],[-64.932553,-0.448694],[-64.971785,-0.441001],[-64.993467,-0.435845],[-65.006316,-0.428231],[-65.015761,-0.425655],[-65.022497,-0.4249],[-65.032039,-0.426667],[-65.040021,-0.427435],[-65.04902,-0.425753],[-65.05771,-0.425181],[-65.068001,-0.424952],[-65.078292,-0.426667],[-65.089287,-0.426926],[-65.113167,-0.426667],[-65.133178,-0.423466],[-65.146442,-0.421636],[-65.176286,-0.424152],[-65.184176,-0.423008],[-65.20876,-0.416376],[-65.224539,-0.412489],[-65.235859,-0.407457],[-65.24455,-0.40357],[-65.259757,-0.400597],[-65.273593,-0.398767],[-65.287543,-0.396595],[-65.305152,-0.387561],[-65.320017,-0.377842],[-65.329622,-0.37121],[-65.337512,-0.363435],[-65.343229,-0.359318],[-65.359352,-0.350056],[-65.381535,-0.338279],[-65.391826,-0.333133],[-65.401202,-0.321699],[-65.428759,-0.310607],[-65.442709,-0.309693],[-65.458946,-0.311865],[-65.473811,-0.309121],[-65.481472,-0.303747],[-65.489591,-0.299402],[-65.498052,-0.293456],[-65.504112,-0.292198],[-65.509715,-0.292427],[-65.525037,-0.295971],[-65.536701,-0.297686],[-65.547335,-0.302146],[-65.559798,-0.309007],[-65.578779,-0.314609],[-65.587012,-0.315639],[-65.614097,-0.314369],[-65.66774,-0.309693],[-65.692553,-0.306148],[-65.715993,-0.307406],[-65.739091,-0.303404],[-65.750297,-0.293341],[-65.753384,-0.28488],[-65.757615,-0.271959],[-65.761159,-0.26121],[-65.764247,-0.251605],[-65.770993,-0.242572],[-65.780026,-0.237998],[-65.795463,-0.235368],[-65.814444,-0.236055],[-65.840515,-0.241772],[-65.862355,-0.250348],[-65.866185,-0.25333],[-65.867843,-0.268757],[-65.871731,-0.28305],[-65.877905,-0.2962],[-65.883851,-0.303632],[-65.89197,-0.308435],[-65.902947,-0.312666],[-65.910036,-0.314038],[-65.916554,-0.315067],[-65.925473,-0.317239],[-65.932451,-0.320502],[-65.936183,-0.321021],[-65.942739,-0.319869],[-65.947846,-0.319221],[-65.951162,-0.319425],[-65.960005,-0.322842],[-65.970868,-0.324443],[-65.979022,-0.326235],[-65.987481,-0.326838],[-65.999999,-0.328498]],[[-65.999998,-0.3285],[-66.007344,-0.329474],[-66.04119,-0.324329],[-66.071949,-0.319869],[-66.09436,-0.314038],[-66.119745,-0.306491],[-66.140441,-0.304661],[-66.149932,-0.300659],[-66.16331,-0.297229],[-66.173601,-0.295743],[-66.189495,-0.29883],[-66.203331,-0.309121],[-66.219796,-0.326844],[-66.23306,-0.34251],[-66.243008,-0.356002],[-66.251127,-0.366065],[-66.263019,-0.376584],[-66.275254,-0.384017],[-66.294349,-0.390077],[-66.309328,-0.397052],[-66.316376,-0.40171],[-66.332998,-0.411002],[-66.361127,-0.415576],[-66.388798,-0.416376],[-66.398289,-0.414089],[-66.413382,-0.406428],[-66.42859,-0.392707],[-66.438081,-0.386304],[-66.449058,-0.376699],[-66.480731,-0.369724],[-66.515378,-0.364006],[-66.542478,-0.356615],[-66.562717,-0.356231],[-66.57824,-0.352324],[-66.603309,-0.341938],[-66.636419,-0.318157],[-66.646437,-0.312013],[-66.662883,-0.295285],[-66.676147,-0.277562],[-66.685866,-0.265327],[-66.694785,-0.25515],[-66.702332,-0.247146],[-66.71308,-0.239942],[-66.728517,-0.231709],[-66.739494,-0.224849],[-66.751729,-0.21856],[-66.764078,-0.211928],[-66.788205,-0.201408],[-66.819078,-0.188487],[-66.836813,-0.17791],[-66.853495,-0.167219],[-66.868475,-0.157957],[-66.880023,-0.154069],[-66.888714,-0.150067],[-66.898433,-0.147552],[-66.90678,-0.144922],[-66.913869,-0.144807],[-66.921874,-0.147552],[-66.928048,-0.14961],[-66.933651,-0.154069],[-66.939025,-0.157957],[-66.943142,-0.162073],[-66.94863,-0.166076],[-66.952175,-0.169048],[-66.954119,-0.171107],[-66.95915,-0.174308],[-66.961894,-0.176138],[-66.968755,-0.180369],[-66.977674,-0.182541],[-66.983333,-0.183768],[-66.992539,-0.186086],[-67.004202,-0.187115],[-67.013006,-0.184256],[-67.021354,-0.17934],[-67.027757,-0.171678],[-67.036218,-0.163331],[-67.041826,-0.159556],[-67.055072,-0.151457],[-67.066374,-0.148422],[-67.08058,-0.142988],[-67.08766,-0.139985],[-67.093881,-0.135587],[-67.099888,-0.131511],[-67.111473,-0.126791],[-67.120698,-0.118424],[-67.126598,-0.111345],[-67.133355,-0.099545],[-67.133463,-0.094182],[-67.136144,-0.088497],[-67.136895,-0.083026],[-67.136895,-0.07895],[-67.137861,-0.072085],[-67.142473,-0.064577],[-67.150733,-0.05267],[-67.155989,-0.044196],[-67.161459,-0.036902],[-67.165428,-0.032182],[-67.17358,-0.027784],[-67.176369,-0.023946],[-67.181303,-0.013732],[-67.193639,-0.005366],[-67.209514,-0.005687],[-67.219061,-0.0044],[-67.233757,0.001285],[-67.245127,0.010188],[-67.25167,0.016195],[-67.25639,0.021022],[-67.262826,0.023275],[-67.268833,0.028423],[-67.269691,0.031641],[-67.270764,0.037434],[-67.27248,0.043762],[-67.273552,0.049984],[-67.269905,0.05524],[-67.266687,0.06189],[-67.267009,0.068541],[-67.270549,0.074548],[-67.274732,0.078624],[-67.27913,0.082378],[-67.282563,0.084953],[-67.287926,0.086884],[-67.29286,0.090209],[-67.303802,0.098897],[-67.306912,0.104368],[-67.311918,0.10979],[-67.316459,0.116167],[-67.320535,0.122174],[-67.327078,0.133223],[-67.328366,0.138693],[-67.32976,0.146095],[-67.33094,0.151565],[-67.332763,0.158859],[-67.33759,0.169371],[-67.339629,0.178703],[-67.340701,0.185569],[-67.339843,0.192326],[-67.335981,0.201766],[-67.332013,0.211312],[-67.331798,0.21925],[-67.333622,0.227188],[-67.335552,0.240596],[-67.337805,0.250786],[-67.335445,0.261191],[-67.331047,0.269665],[-67.328473,0.277603],[-67.326006,0.285219],[-67.321608,0.290797],[-67.317961,0.306779],[-67.315279,0.321475],[-67.316244,0.335849],[-67.316674,0.343786],[-67.316434,0.349504],[-67.314454,0.356466],[-67.311393,0.363068],[-67.310073,0.368469],[-67.309053,0.37453],[-67.306071,0.385702],[-67.306412,0.395356],[-67.309293,0.4121],[-67.311993,0.419422],[-67.313854,0.422963],[-67.315774,0.428784],[-67.320095,0.435506],[-67.322436,0.441987],[-67.323396,0.448049],[-67.323396,0.45309],[-67.323036,0.456391],[-67.321656,0.461192],[-67.320696,0.464313],[-67.320696,0.467734],[-67.322316,0.471575],[-67.322856,0.474516],[-67.321296,0.478297],[-67.318595,0.480397],[-67.314214,0.484298],[-67.308032,0.488979],[-67.305032,0.4933],[-67.302211,0.497381],[-67.301131,0.500862],[-67.301071,0.504703],[-67.301371,0.508424],[-67.301371,0.511005],[-67.301251,0.513405],[-67.30053,0.516286],[-67.29987,0.518267],[-67.29855,0.521147],[-67.294889,0.523908],[-67.289368,0.526069],[-67.284146,0.527749],[-67.282166,0.528649],[-67.276945,0.529309],[-67.271963,0.528829],[-67.267522,0.528889],[-67.263681,0.53057],[-67.261341,0.53285],[-67.2587,0.535371],[-67.25768,0.538552],[-67.25768,0.542753],[-67.2575,0.546894],[-67.25894,0.552235],[-67.26038,0.557217],[-67.261821,0.562738],[-67.262721,0.568139],[-67.263681,0.57132],[-67.264641,0.574081],[-67.264581,0.578582],[-67.262721,0.583443],[-67.259893,0.586576],[-67.257079,0.591305],[-67.255099,0.599947],[-67.253779,0.606669],[-67.252818,0.612971],[-67.251858,0.619932],[-67.251138,0.624734],[-67.250658,0.627914],[-67.249398,0.631755],[-67.248617,0.636136],[-67.246817,0.640097],[-67.241115,0.644839],[-67.233434,0.6491],[-67.227367,0.652542],[-67.224011,0.656241],[-67.221611,0.662063],[-67.22065,0.668605],[-67.22119,0.673166],[-67.222511,0.676527],[-67.223411,0.679887],[-67.224011,0.685109],[-67.225271,0.69009],[-67.227672,0.696392],[-67.230313,0.702153],[-67.233434,0.709235],[-67.236854,0.718057],[-67.238134,0.722796],[-67.238725,0.727846],[-67.23901,0.733176],[-67.238725,0.737935],[-67.238106,0.742123],[-67.237868,0.746739],[-67.237963,0.750499],[-67.238677,0.756923],[-67.239239,0.760615],[-67.241342,0.766584],[-67.242246,0.771581],[-67.242532,0.775768],[-67.242151,0.781051],[-67.241152,0.788475],[-67.240961,0.794138],[-67.241675,0.798516],[-67.241788,0.799113],[-67.243959,0.804132],[-67.248385,0.80851],[-67.252288,0.812031],[-67.254715,0.815981],[-67.255381,0.81917],[-67.254096,0.824595],[-67.252763,0.830782],[-67.251574,0.836254],[-67.252002,0.843012],[-67.252002,0.848342],[-67.25067,0.853815],[-67.246624,0.859145],[-67.242199,0.862048],[-67.236488,0.868853],[-67.234584,0.872946],[-67.229968,0.883225],[-67.227779,0.889792],[-67.223353,0.897216],[-67.219737,0.903355],[-67.217357,0.906877],[-67.215263,0.909066],[-67.210409,0.91235],[-67.206031,0.914491],[-67.199654,0.916537],[-67.191373,0.917917],[-67.185805,0.918631],[-67.179191,0.919107],[-67.172195,0.91944],[-67.166627,0.919583],[-67.161345,0.919821],[-67.156919,0.921154],[-67.150447,0.922676],[-67.145355,0.922676],[-67.141785,0.921867],[-67.137978,0.920011],[-67.134837,0.918108],[-67.131934,0.915538],[-67.130269,0.913159],[-67.129507,0.90978],[-67.127604,0.905354],[-67.125795,0.902261],[-67.120799,0.899167],[-67.115516,0.896835],[-67.109663,0.893933],[-67.106665,0.89241],[-67.103095,0.889602],[-67.100573,0.887318],[-67.097956,0.883748],[-67.094434,0.881892],[-67.089247,0.880608],[-67.084202,0.879656],[-67.078539,0.879465],[-67.071401,0.880512],[-67.067356,0.881607],[-67.061638,0.884199],[-67.058451,0.88866],[-67.055173,0.893695],[-67.050033,0.899929],[-67.043085,0.905116],[-67.035709,0.90702],[-67.026715,0.90721],[-67.023241,0.906734],[-67.013057,0.907638],[-67.005347,0.907448],[-66.995306,0.90464],[-66.986502,0.900072],[-66.979125,0.894884],[-66.973605,0.889126],[-66.968275,0.883748],[-66.964266,0.880296],[-66.957006,0.877246],[-66.946241,0.874849],[-66.928871,0.872184],[-66.913262,0.870947],[-66.901603,0.871851],[-66.896035,0.872755],[-66.885517,0.87385],[-66.877665,0.874849],[-66.868956,0.877705],[-66.862865,0.881179],[-66.857821,0.885414],[-66.853014,0.890982],[-66.849397,0.894742],[-66.847351,0.897026],[-66.841878,0.902118],[-66.837452,0.905306],[-66.832884,0.908876],[-66.828934,0.911874],[-66.826031,0.914348],[-66.822747,0.91668],[-66.817655,0.917727],[-66.810184,0.918346],[-66.80709,0.918822],[-66.804759,0.920154],[-66.800999,0.922676],[-66.799714,0.92577],[-66.799524,0.929101],[-66.799762,0.931528],[-66.800951,0.934621],[-66.803854,0.938286],[-66.806043,0.940951],[-66.807328,0.943949],[-66.807566,0.946233],[-66.806139,0.951278],[-66.803331,0.954561],[-66.799619,0.957226],[-66.79743,0.960986],[-66.795669,0.967553],[-66.794574,0.974691],[-66.794955,0.982353],[-66.795717,0.988635],[-66.796288,0.993251],[-66.796526,0.996249],[-66.79743,0.999438],[-66.798096,1.003293],[-66.797287,1.008527],[-66.797144,1.013144],[-66.798048,1.016142],[-66.800095,1.020044],[-66.80276,1.022804],[-66.80395,1.025279],[-66.804521,1.027991],[-66.804949,1.030847],[-66.805568,1.033369],[-66.806805,1.036605],[-66.809042,1.039698],[-66.812373,1.04203],[-66.817703,1.044314],[-66.824746,1.048693],[-66.831409,1.052405],[-66.838647,1.05711],[-66.842334,1.060939],[-66.8454,1.067586],[-66.847541,1.0752],[-66.848493,1.081006],[-66.849254,1.089096],[-66.849826,1.094521],[-66.851253,1.097472],[-66.854965,1.104229],[-66.859677,1.113462],[-66.861532,1.120695],[-66.861866,1.128024],[-66.860343,1.135638],[-66.858915,1.14468],[-66.856068,1.153909],[-66.855211,1.156312],[-66.848636,1.166381],[-66.84578,1.17271],[-66.843544,1.181371],[-66.842354,1.189081]]]}},{"type":"Feature","properties":{"folders":"vw_snv_aqa","altitude":0.0,"CD_UF":"13","NM_UF":"Amazonas","SIGLA_UF":"AM","NM_REGIAO":"Norte","AREA_KM2":1559255.881,"extensao":2436.6,"NOME":"Rio Juruá","CODIGO":"HF-143","BACIA":"Amazônica","TRECHO":"Da foz no rio Solimoes ate a cidade de Cruzeiro do Sul (AC)."},"geometry":{"type":"MultiLineString","coordinates":[[[-72.000004,-7.202687],[-72.002523,-7.202639],[-72.00527,-7.201489],[-72.007419,-7.199466],[-72.008185,-7.197302],[-72.008561,-7.194343],[-72.008879,-7.190256],[-72.009865,-7.185669],[-72.011129,-7.182572],[-72.012796,-7.179904],[-72.015057,-7.178236],[-72.017483,-7.177715],[-72.019551,-7.178131],[-72.020953,-7.179433],[-72.020977,-7.181443],[-72.019803,-7.183225],[-72.018107,-7.184929],[-72.015782,-7.189124],[-72.015086,-7.192372],[-72.015618,-7.195299],[-72.016992,-7.198057],[-72.018771,-7.199697],[-72.021393,-7.200551],[-72.023967,-7.199832],[-72.026009,-7.198176],[-72.02827,-7.195846],[-72.030098,-7.19516],[-72.031826,-7.196008],[-72.032741,-7.197365],[-72.032696,-7.199637],[-72.032581,-7.202473],[-72.032297,-7.206012],[-72.032706,-7.209218],[-72.033976,-7.211558],[-72.035908,-7.212876],[-72.037997,-7.21342],[-72.040576,-7.212892],[-72.042647,-7.211466],[-72.044529,-7.208957],[-72.046011,-7.204823],[-72.046816,-7.202171],[-72.048264,-7.19963],[-72.050088,-7.198101],[-72.052739,-7.197896],[-72.054548,-7.19857],[-72.055383,-7.200243],[-72.055626,-7.202339],[-72.054122,-7.204693],[-72.051181,-7.206714],[-72.048122,-7.209324],[-72.046972,-7.211293],[-72.047705,-7.213347],[-72.049552,-7.21456],[-72.051772,-7.21452],[-72.054091,-7.213775],[-72.059063,-7.211989],[-72.063889,-7.210926],[-72.067338,-7.211059],[-72.069519,-7.211513],[-72.07159,-7.212291],[-72.073549,-7.212321],[-72.075293,-7.211196],[-72.075929,-7.209564],[-72.075664,-7.207345],[-72.074575,-7.205535],[-72.072523,-7.203643],[-72.070252,-7.202471],[-72.068498,-7.202823],[-72.06689,-7.203385],[-72.064471,-7.204071],[-72.062069,-7.202669],[-72.061384,-7.200235],[-72.062338,-7.19692],[-72.063559,-7.192898],[-72.06533,-7.1901],[-72.068354,-7.189126],[-72.071131,-7.189489],[-72.073809,-7.191317],[-72.075293,-7.193119],[-72.076559,-7.195845],[-72.078729,-7.198374],[-72.082879,-7.201175],[-72.084482,-7.202945],[-72.086616,-7.20674],[-72.087551,-7.208826],[-72.088024,-7.210837],[-72.088264,-7.213002],[-72.088155,-7.215672],[-72.088106,-7.215863],[-72.088052,-7.216084],[-72.087992,-7.216303],[-72.087624,-7.217567],[-72.087576,-7.217746],[-72.087534,-7.217926],[-72.087498,-7.218108],[-72.087469,-7.218291],[-72.087447,-7.218476],[-72.087432,-7.21866],[-72.087423,-7.218846],[-72.087422,-7.219031],[-72.087427,-7.219216],[-72.087438,-7.219401],[-72.087457,-7.219586],[-72.087482,-7.21977],[-72.087514,-7.219952],[-72.087552,-7.220134],[-72.087597,-7.220314],[-72.087649,-7.220492],[-72.087707,-7.220668],[-72.087771,-7.220842],[-72.087842,-7.221013],[-72.088705,-7.223003],[-72.088753,-7.223108],[-72.088808,-7.223209],[-72.088868,-7.223307],[-72.088933,-7.223402],[-72.089004,-7.223493],[-72.089079,-7.22358],[-72.08916,-7.223662],[-72.089244,-7.22374],[-72.089333,-7.223813],[-72.089426,-7.223881],[-72.089523,-7.223944],[-72.089623,-7.224001],[-72.091536,-7.225029],[-72.091645,-7.225084],[-72.091757,-7.225133],[-72.091872,-7.225175],[-72.091989,-7.225212],[-72.092108,-7.225242],[-72.092228,-7.225266],[-72.09235,-7.225283],[-72.092472,-7.225293],[-72.092594,-7.225297],[-72.092717,-7.225294],[-72.092839,-7.225285],[-72.092961,-7.225269],[-72.093081,-7.225246],[-72.0932,-7.225217],[-72.093318,-7.225182],[-72.093433,-7.22514],[-72.093546,-7.225092],[-72.093656,-7.225037],[-72.093762,-7.224977],[-72.093866,-7.224912],[-72.093966,-7.224841],[-72.095143,-7.22395],[-72.095249,-7.223866],[-72.09535,-7.223777],[-72.095447,-7.223683],[-72.09554,-7.223585],[-72.095627,-7.223482],[-72.09571,-7.223375],[-72.095787,-7.223264],[-72.095859,-7.22315],[-72.095925,-7.223032],[-72.095985,-7.222911],[-72.09604,-7.222788],[-72.096088,-7.222662],[-72.09613,-7.222533],[-72.096166,-7.222403],[-72.096602,-7.220656],[-72.096602,-7.220656],[-72.096602,-7.220656],[-72.096628,-7.220538],[-72.096647,-7.220418],[-72.096659,-7.220297],[-72.096665,-7.220176],[-72.096663,-7.220055],[-72.096654,-7.219934],[-72.096639,-7.219814],[-72.096616,-7.219695],[-72.096587,-7.219577],[-72.096551,-7.219461],[-72.096508,-7.219348],[-72.096459,-7.219237],[-72.096404,-7.219129],[-72.096342,-7.219024],[-72.096275,-7.218923],[-72.096202,-7.218827],[-72.096123,-7.218734],[-72.09604,-7.218646],[-72.094155,-7.216779],[-72.093999,-7.21662],[-72.093847,-7.216457],[-72.0937,-7.21629],[-72.093557,-7.216119],[-72.09342,-7.215944],[-72.093287,-7.215765],[-72.093159,-7.215583],[-72.089798,-7.210653],[-72.089665,-7.210452],[-72.089539,-7.210248],[-72.089419,-7.21004],[-72.089305,-7.209829],[-72.089197,-7.209614],[-72.089096,-7.209397],[-72.089001,-7.209176],[-72.088912,-7.208953],[-72.088831,-7.208727],[-72.088756,-7.208499],[-72.088687,-7.208269],[-72.088626,-7.208037],[-72.088572,-7.207803],[-72.088524,-7.207567],[-72.088524,-7.207567],[-72.088524,-7.207567],[-72.088045,-7.205],[-72.088045,-7.205],[-72.088008,-7.204785],[-72.087979,-7.20457],[-72.087956,-7.204353],[-72.08794,-7.204136],[-72.087931,-7.203919],[-72.087929,-7.203702],[-72.087934,-7.203484],[-72.087946,-7.203267],[-72.087965,-7.20305],[-72.087991,-7.202834],[-72.088024,-7.202619],[-72.088063,-7.202405],[-72.08811,-7.202193],[-72.088163,-7.201982],[-72.088222,-7.201773],[-72.088289,-7.201566],[-72.088362,-7.201361],[-72.088441,-7.201158],[-72.088527,-7.200958],[-72.088619,-7.200761],[-72.088718,-7.200567],[-72.088823,-7.200377],[-72.088933,-7.200189],[-72.08905,-7.200005],[-72.089172,-7.199826],[-72.0893,-7.19965],[-72.089434,-7.199478],[-72.089573,-7.199311],[-72.089717,-7.199148],[-72.089867,-7.198989],[-72.090021,-7.198836],[-72.09018,-7.198688],[-72.090783,-7.198144],[-72.090922,-7.198024],[-72.091065,-7.197909],[-72.091213,-7.197799],[-72.091365,-7.197696],[-72.091521,-7.197599],[-72.091681,-7.197507],[-72.091845,-7.197423],[-72.092011,-7.197344],[-72.092181,-7.197273],[-72.092353,-7.197207],[-72.092527,-7.197149],[-72.092704,-7.197098],[-72.092883,-7.197053],[-72.093063,-7.197016],[-72.093244,-7.196986],[-72.093427,-7.196963],[-72.09361,-7.196947],[-72.093794,-7.196938],[-72.093978,-7.196936],[-72.094162,-7.196942],[-72.094346,-7.196955],[-72.094529,-7.196975],[-72.094711,-7.197002],[-72.094891,-7.197037],[-72.095071,-7.197078],[-72.095248,-7.197127],[-72.095424,-7.197182],[-72.095597,-7.197244],[-72.095768,-7.197313],[-72.095935,-7.197389],[-72.0961,-7.197471],[-72.096261,-7.197559],[-72.096419,-7.197654],[-72.096573,-7.197755],[-72.096723,-7.197862],[-72.096868,-7.197974],[-72.097009,-7.198092],[-72.097145,-7.198216],[-72.097277,-7.198345],[-72.097403,-7.198479],[-72.097523,-7.198618],[-72.097638,-7.198761],[-72.097748,-7.198909],[-72.097851,-7.199061],[-72.097949,-7.199217],[-72.09804,-7.199376],[-72.098125,-7.199539],[-72.098203,-7.199706],[-72.098275,-7.199875],[-72.09834,-7.200047],[-72.098399,-7.200221],[-72.09845,-7.200398],[-72.098495,-7.200576],[-72.098532,-7.200756],[-72.098562,-7.200937],[-72.098585,-7.20112],[-72.098601,-7.201303],[-72.09861,-7.201486],[-72.098612,-7.20167],[-72.098584,-7.204092],[-72.098583,-7.204148],[-72.098467,-7.210515],[-72.098466,-7.210735],[-72.098471,-7.210955],[-72.098482,-7.211175],[-72.098499,-7.211395],[-72.098521,-7.211614],[-72.09855,-7.211832],[-72.098585,-7.21205],[-72.098585,-7.21205],[-72.098585,-7.21205],[-72.099347,-7.216445],[-72.099391,-7.216676],[-72.099441,-7.216906],[-72.099498,-7.217134],[-72.099561,-7.21736],[-72.099631,-7.217585],[-72.099708,-7.217808],[-72.099791,-7.218028],[-72.09988,-7.218246],[-72.099975,-7.218461],[-72.100077,-7.218673],[-72.100185,-7.218882],[-72.100299,-7.219088],[-72.100418,-7.219291],[-72.100544,-7.21949],[-72.100675,-7.219685],[-72.100812,-7.219876],[-72.100955,-7.220064],[-72.101102,-7.220247],[-72.101255,-7.220426],[-72.101413,-7.2206],[-72.101577,-7.22077],[-72.101745,-7.220935],[-72.101917,-7.221095],[-72.102094,-7.22125],[-72.104383,-7.223193],[-72.104514,-7.223301],[-72.10465,-7.223402],[-72.10479,-7.223498],[-72.104934,-7.223589],[-72.105082,-7.223673],[-72.105233,-7.223751],[-72.105387,-7.223822],[-72.105544,-7.223888],[-72.105703,-7.223947],[-72.105865,-7.223999],[-72.106029,-7.224044],[-72.106194,-7.224083],[-72.106361,-7.224115],[-72.106529,-7.22414],[-72.106698,-7.224158],[-72.106868,-7.224169],[-72.107038,-7.224173],[-72.107208,-7.22417],[-72.107377,-7.22416],[-72.107546,-7.224143],[-72.107715,-7.224119],[-72.107882,-7.224088],[-72.108047,-7.22405],[-72.108211,-7.224006],[-72.108373,-7.223955],[-72.108533,-7.223897],[-72.10869,-7.223832],[-72.108845,-7.223762],[-72.108996,-7.223685],[-72.109144,-7.223601],[-72.109289,-7.223512],[-72.10943,-7.223417],[-72.109566,-7.223316],[-72.109699,-7.223209],[-72.109826,-7.223098],[-72.109949,-7.222981],[-72.110068,-7.222859],[-72.110181,-7.222732],[-72.110288,-7.222601],[-72.110391,-7.222465],[-72.110487,-7.222325],[-72.110578,-7.222182],[-72.110662,-7.222035],[-72.110741,-7.221884],[-72.110813,-7.22173],[-72.110879,-7.221574],[-72.110938,-7.221415],[-72.110991,-7.221254],[-72.111037,-7.22109],[-72.111076,-7.220925],[-72.111108,-7.220758],[-72.111805,-7.216715],[-72.111844,-7.216507],[-72.111891,-7.216302],[-72.111944,-7.216097],[-72.112004,-7.215895],[-72.11207,-7.215695],[-72.112144,-7.215497],[-72.112224,-7.215302],[-72.11231,-7.215109],[-72.112403,-7.21492],[-72.112502,-7.214734],[-72.112608,-7.214551],[-72.112719,-7.214372],[-72.112837,-7.214196],[-72.11296,-7.214025],[-72.113089,-7.213858],[-72.113223,-7.213695],[-72.113363,-7.213537],[-72.113508,-7.213384],[-72.113659,-7.213235],[-72.113814,-7.213092],[-72.113973,-7.212954],[-72.114138,-7.212821],[-72.114306,-7.212694],[-72.114479,-7.212573],[-72.114656,-7.212458],[-72.11546,-7.211952],[-72.115634,-7.211846],[-72.115812,-7.211747],[-72.115993,-7.211654],[-72.116177,-7.211567],[-72.116364,-7.211487],[-72.116554,-7.211413],[-72.116746,-7.211346],[-72.116941,-7.211285],[-72.117137,-7.211232],[-72.117335,-7.211185],[-72.117535,-7.211145],[-72.117736,-7.211112],[-72.117938,-7.211086],[-72.118141,-7.211067],[-72.118344,-7.211055],[-72.118547,-7.21105],[-72.118751,-7.211052],[-72.118954,-7.211061],[-72.119157,-7.211077],[-72.11936,-7.211101],[-72.119561,-7.211131],[-72.119761,-7.211168],[-72.11996,-7.211212],[-72.120157,-7.211263],[-72.120352,-7.211321],[-72.120546,-7.211386],[-72.120736,-7.211457],[-72.120925,-7.211534],[-72.12111,-7.211619],[-72.121292,-7.211709],[-72.121471,-7.211806],[-72.121647,-7.211909],[-72.121819,-7.212018],[-72.121987,-7.212133],[-72.122151,-7.212254],[-72.12231,-7.21238],[-72.122465,-7.212512],[-72.122616,-7.212649],[-72.122761,-7.212791],[-72.122902,-7.212938],[-72.123037,-7.21309],[-72.123167,-7.213247],[-72.123292,-7.213408],[-72.123411,-7.213573],[-72.123524,-7.213742],[-72.126386,-7.218192],[-72.126518,-7.218391],[-72.126655,-7.218585],[-72.126799,-7.218776],[-72.126948,-7.218962],[-72.127102,-7.219144],[-72.127262,-7.219321],[-72.127426,-7.219494],[-72.127596,-7.219662],[-72.127771,-7.219824],[-72.12795,-7.219981],[-72.128134,-7.220134],[-72.128322,-7.22028],[-72.128514,-7.220421],[-72.128711,-7.220557],[-72.128911,-7.220686],[-72.129115,-7.22081],[-72.129323,-7.220927],[-72.129534,-7.221039],[-72.129748,-7.221144],[-72.129965,-7.221243],[-72.130185,-7.221336],[-72.130408,-7.221422],[-72.130633,-7.221501],[-72.13086,-7.221574],[-72.131089,-7.22164],[-72.13132,-7.2217],[-72.131553,-7.221752],[-72.131787,-7.221798],[-72.132023,-7.221837],[-72.132259,-7.221869],[-72.132497,-7.221894],[-72.132735,-7.221912],[-72.132973,-7.221924],[-72.133212,-7.221928],[-72.13345,-7.221925],[-72.133689,-7.221915],[-72.133927,-7.221898],[-72.134164,-7.221875],[-72.134401,-7.221844],[-72.144278,-7.220416],[-72.144498,-7.220381],[-72.144716,-7.22034],[-72.144933,-7.220293],[-72.145149,-7.220241],[-72.150272,-7.218918],[-72.150496,-7.218864],[-72.150722,-7.218816],[-72.150948,-7.218774],[-72.151176,-7.218739],[-72.151405,-7.21871],[-72.151634,-7.218687],[-72.151864,-7.218672],[-72.152095,-7.218662],[-72.152325,-7.218659],[-72.152555,-7.218663],[-72.152786,-7.218673],[-72.153016,-7.21869],[-72.153245,-7.218713],[-72.153474,-7.218743],[-72.153701,-7.218779],[-72.153928,-7.218822],[-72.154153,-7.218871],[-72.154377,-7.218926],[-72.159631,-7.220303],[-72.159631,-7.220303],[-72.159631,-7.220303],[-72.159855,-7.220358],[-72.16008,-7.220407],[-72.160307,-7.22045],[-72.160534,-7.220486],[-72.160763,-7.220516],[-72.160993,-7.220539],[-72.161223,-7.220556],[-72.161453,-7.220566],[-72.161684,-7.220569],[-72.161914,-7.220567],[-72.162145,-7.220557],[-72.162375,-7.220541],[-72.162604,-7.220519],[-72.162833,-7.22049],[-72.162833,-7.22049],[-72.162833,-7.22049],[-72.166818,-7.219929],[-72.167049,-7.2199],[-72.167281,-7.219878],[-72.167514,-7.219862],[-72.167747,-7.219852],[-72.16798,-7.21985],[-72.168213,-7.219854],[-72.168446,-7.219865],[-72.168679,-7.219882],[-72.168911,-7.219906],[-72.169142,-7.219937],[-72.169372,-7.219974],[-72.169601,-7.220018],[-72.169829,-7.220069],[-72.170055,-7.220126],[-72.17028,-7.220189],[-72.170502,-7.220259],[-72.170723,-7.220335],[-72.170941,-7.220417],[-72.174681,-7.221891],[-72.174681,-7.221891],[-72.174901,-7.221981],[-72.175119,-7.222078],[-72.175334,-7.222182],[-72.175546,-7.222292],[-72.175754,-7.222407],[-72.175959,-7.222529],[-72.176161,-7.222657],[-72.176358,-7.222791],[-72.176552,-7.22293],[-72.176741,-7.223075],[-72.176926,-7.223225],[-72.177106,-7.223381],[-72.177282,-7.223542],[-72.177453,-7.223708],[-72.177619,-7.223879],[-72.17778,-7.224055],[-72.177936,-7.224235],[-72.178086,-7.22442],[-72.178231,-7.22461],[-72.178371,-7.224803],[-72.178504,-7.225],[-72.178632,-7.225202],[-72.178754,-7.225406],[-72.178869,-7.225615],[-72.178979,-7.225826],[-72.178979,-7.225826],[-72.180469,-7.228813],[-72.180528,-7.228938],[-72.18058,-7.229066],[-72.180625,-7.229197],[-72.180664,-7.229329],[-72.180696,-7.229463],[-72.180722,-7.229599],[-72.18074,-7.229736],[-72.180751,-7.229874],[-72.180755,-7.230012],[-72.180752,-7.23015],[-72.180743,-7.230288],[-72.180726,-7.230425],[-72.180702,-7.230561],[-72.180671,-7.230695],[-72.180634,-7.230828],[-72.18059,-7.230959],[-72.180539,-7.231088],[-72.180482,-7.231213],[-72.180418,-7.231336],[-72.180349,-7.231455],[-72.180273,-7.231571],[-72.180192,-7.231683],[-72.180105,-7.23179],[-72.180012,-7.231893],[-72.179915,-7.231991],[-72.179813,-7.232084],[-72.179706,-7.232171],[-72.179706,-7.232171],[-72.179706,-7.232171],[-72.1745,-7.236221],[-72.174356,-7.236337],[-72.174217,-7.236459],[-72.174082,-7.236585],[-72.173952,-7.236717],[-72.173828,-7.236854],[-72.173708,-7.236995],[-72.173594,-7.237141],[-72.173486,-7.23729],[-72.173383,-7.237444],[-72.173287,-7.237602],[-72.173196,-7.237763],[-72.173111,-7.237927],[-72.173033,-7.238095],[-72.172961,-7.238265],[-72.172896,-7.238438],[-72.172837,-7.238613],[-72.172785,-7.238791],[-72.172739,-7.23897],[-72.172701,-7.23915],[-72.172669,-7.239333],[-72.172644,-7.239516],[-72.172626,-7.2397],[-72.172616,-7.239884],[-72.172612,-7.240069],[-72.172615,-7.240254],[-72.172625,-7.240438],[-72.172642,-7.240622],[-72.172666,-7.240806],[-72.172697,-7.240988],[-72.172735,-7.241169],[-72.172779,-7.241348],[-72.17283,-7.241526],[-72.172889,-7.241701],[-72.172953,-7.241874],[-72.173024,-7.242045],[-72.173102,-7.242213],[-72.173186,-7.242377],[-72.173276,-7.242539],[-72.173372,-7.242697],[-72.173474,-7.242851],[-72.173581,-7.243001],[-72.173695,-7.243148],[-72.173813,-7.243289],[-72.173938,-7.243426],[-72.174067,-7.243559],[-72.174201,-7.243686],[-72.17434,-7.243808],[-72.174483,-7.243925],[-72.17463,-7.244037],[-72.174782,-7.244143],[-72.174938,-7.244243],[-72.175097,-7.244337],[-72.17526,-7.244425],[-72.175426,-7.244506],[-72.175595,-7.244582],[-72.175767,-7.244651],[-72.175941,-7.244713],[-72.178259,-7.245496],[-72.178483,-7.245576],[-72.178704,-7.245661],[-72.178922,-7.245753],[-72.179138,-7.245851],[-72.17935,-7.245956],[-72.17956,-7.246066],[-72.179766,-7.246183],[-72.179969,-7.246306],[-72.180168,-7.246434],[-72.180363,-7.246568],[-72.180554,-7.246708],[-72.180742,-7.246853],[-72.180924,-7.247004],[-72.181103,-7.24716],[-72.181276,-7.247321],[-72.181445,-7.247487],[-72.181609,-7.247658],[-72.181768,-7.247833],[-72.181922,-7.248014],[-72.182071,-7.248198],[-72.183441,-7.249952],[-72.183441,-7.249952],[-72.183441,-7.249952],[-72.183588,-7.250135],[-72.18374,-7.250313],[-72.183897,-7.250487],[-72.184059,-7.250656],[-72.184226,-7.250821],[-72.184398,-7.250981],[-72.184574,-7.251135],[-72.184754,-7.251285],[-72.184939,-7.251429],[-72.185128,-7.251568],[-72.185321,-7.251701],[-72.185517,-7.251829],[-72.185718,-7.251951],[-72.185921,-7.252068],[-72.186128,-7.252178],[-72.186338,-7.252282],[-72.186551,-7.252381],[-72.188872,-7.253412],[-72.189015,-7.253471],[-72.189161,-7.253524],[-72.189308,-7.25357],[-72.189458,-7.25361],[-72.189609,-7.253642],[-72.189762,-7.253667],[-72.189916,-7.253686],[-72.19007,-7.253697],[-72.190225,-7.253701],[-72.190379,-7.253698],[-72.190534,-7.253688],[-72.190687,-7.253671],[-72.19084,-7.253646],[-72.190992,-7.253615],[-72.191142,-7.253577],[-72.19129,-7.253532],[-72.191435,-7.25348],[-72.191579,-7.253421],[-72.191719,-7.253356],[-72.191856,-7.253285],[-72.19199,-7.253207],[-72.19212,-7.253123],[-72.192246,-7.253034],[-72.192368,-7.252938],[-72.192485,-7.252838],[-72.192598,-7.252731],[-72.192705,-7.25262],[-72.192807,-7.252504],[-72.192904,-7.252384],[-72.192995,-7.252259],[-72.19308,-7.25213],[-72.193159,-7.251997],[-72.193232,-7.251861],[-72.193299,-7.251721],[-72.193359,-7.251579],[-72.193412,-7.251434],[-72.193459,-7.251286],[-72.193499,-7.251137],[-72.193532,-7.250986],[-72.193557,-7.250834],[-72.193576,-7.25068],[-72.193588,-7.250526],[-72.193593,-7.250372],[-72.19359,-7.250217],[-72.19358,-7.250063],[-72.193564,-7.24991],[-72.19354,-7.249757],[-72.193509,-7.249605],[-72.193471,-7.249456],[-72.193426,-7.249308],[-72.192086,-7.245216],[-72.192019,-7.245],[-72.191959,-7.244783],[-72.191906,-7.244563],[-72.19186,-7.244343],[-72.191821,-7.24412],[-72.191789,-7.243897],[-72.191764,-7.243673],[-72.191746,-7.243448],[-72.191736,-7.243223],[-72.191732,-7.242997],[-72.191736,-7.242771],[-72.191747,-7.242546],[-72.191765,-7.242321],[-72.19179,-7.242097],[-72.191822,-7.241874],[-72.191862,-7.241651],[-72.191908,-7.241431],[-72.191961,-7.241211],[-72.192022,-7.240994],[-72.192089,-7.240778],[-72.192163,-7.240565],[-72.192243,-7.240355],[-72.192331,-7.240146],[-72.192424,-7.239941],[-72.192525,-7.239739],[-72.192631,-7.23954],[-72.192744,-7.239345],[-72.192863,-7.239153],[-72.192988,-7.238965],[-72.193119,-7.238781],[-72.193256,-7.238602],[-72.193398,-7.238426],[-72.193546,-7.238256],[-72.1937,-7.23809],[-72.193858,-7.237929],[-72.194021,-7.237773],[-72.19419,-7.237623],[-72.194362,-7.237478],[-72.19454,-7.237338],[-72.194722,-7.237204],[-72.194908,-7.237076],[-72.195098,-7.236954],[-72.195291,-7.236838],[-72.195489,-7.236728],[-72.195689,-7.236624],[-72.195893,-7.236527],[-72.1961,-7.236436],[-72.200984,-7.234385],[-72.200984,-7.234385],[-72.200984,-7.234385],[-72.201112,-7.234335],[-72.201243,-7.234292],[-72.201375,-7.234255],[-72.20151,-7.234226],[-72.201645,-7.234203],[-72.201782,-7.234187],[-72.201919,-7.234178],[-72.202057,-7.234176],[-72.202194,-7.234182],[-72.202331,-7.234194],[-72.202467,-7.234214],[-72.202602,-7.23424],[-72.202736,-7.234273],[-72.202867,-7.234313],[-72.202997,-7.23436],[-72.203123,-7.234413],[-72.203247,-7.234473],[-72.203368,-7.234539],[-72.203485,-7.234611],[-72.203598,-7.234689],[-72.203707,-7.234773],[-72.203812,-7.234862],[-72.203912,-7.234957],[-72.204007,-7.235056],[-72.204096,-7.23516],[-72.20418,-7.235269],[-72.204259,-7.235382],[-72.204331,-7.235498],[-72.204398,-7.235619],[-72.204458,-7.235742],[-72.204512,-7.235869],[-72.204559,-7.235998],[-72.208424,-7.247484],[-72.208484,-7.247653],[-72.208551,-7.247819],[-72.208625,-7.247983],[-72.208705,-7.248143],[-72.208792,-7.248301],[-72.208884,-7.248454],[-72.208983,-7.248604],[-72.209087,-7.24875],[-72.209197,-7.248892],[-72.209313,-7.249029],[-72.209433,-7.249162],[-72.20956,-7.249289],[-72.209691,-7.249412],[-72.209826,-7.24953],[-72.209967,-7.249642],[-72.210111,-7.249748],[-72.21026,-7.249848],[-72.210412,-7.249943],[-72.210569,-7.250032],[-72.210728,-7.250114],[-72.210891,-7.25019],[-72.211056,-7.250259],[-72.211225,-7.250322],[-72.211395,-7.250379],[-72.211568,-7.250428],[-72.211742,-7.250471],[-72.211918,-7.250507],[-72.212095,-7.250535],[-72.212274,-7.250557],[-72.212453,-7.250572],[-72.212632,-7.25058],[-72.212812,-7.25058],[-72.212991,-7.250574],[-72.21317,-7.25056],[-72.213349,-7.25054],[-72.213526,-7.250512],[-72.213702,-7.250477],[-72.213877,-7.250436],[-72.21405,-7.250388],[-72.214221,-7.250333],[-72.214389,-7.250271],[-72.214555,-7.250202],[-72.214719,-7.250127],[-72.214879,-7.250046],[-72.215035,-7.249959],[-72.215189,-7.249865],[-72.215338,-7.249766],[-72.215483,-7.24966],[-72.215624,-7.249549],[-72.215761,-7.249433],[-72.215893,-7.249311],[-72.21602,-7.249184],[-72.216141,-7.249052],[-72.216258,-7.248916],[-72.216369,-7.248775],[-72.216474,-7.248629],[-72.216574,-7.24848],[-72.216667,-7.248327],[-72.216755,-7.24817],[-72.216836,-7.24801],[-72.216911,-7.247847],[-72.216979,-7.247682],[-72.218872,-7.242815],[-72.218961,-7.242595],[-72.219056,-7.242378],[-72.219158,-7.242165],[-72.219266,-7.241954],[-72.21938,-7.241746],[-72.2195,-7.241542],[-72.219625,-7.241341],[-72.219757,-7.241145],[-72.219894,-7.240952],[-72.220037,-7.240763],[-72.220186,-7.240578],[-72.220339,-7.240398],[-72.220498,-7.240222],[-72.220662,-7.240051],[-72.220831,-7.239885],[-72.221005,-7.239724],[-72.221183,-7.239568],[-72.221366,-7.239417],[-72.221553,-7.239271],[-72.221744,-7.239131],[-72.221939,-7.238997],[-72.222138,-7.238869],[-72.222341,-7.238746],[-72.222547,-7.238629],[-72.222757,-7.238518],[-72.222969,-7.238414],[-72.223185,-7.238315],[-72.223403,-7.238223],[-72.230663,-7.235286],[-72.230864,-7.235208],[-72.231066,-7.235135],[-72.231271,-7.235068],[-72.24548,-7.230591],[-72.24548,-7.230591],[-72.24548,-7.230591],[-72.24561,-7.230554],[-72.245741,-7.230524],[-72.245873,-7.230501],[-72.246007,-7.230485],[-72.246141,-7.230476],[-72.246276,-7.230474],[-72.24641,-7.230479],[-72.246544,-7.230491],[-72.246678,-7.23051],[-72.24681,-7.230537],[-72.24694,-7.23057],[-72.247069,-7.23061],[-72.247195,-7.230657],[-72.247318,-7.23071],[-72.247439,-7.23077],[-72.247556,-7.230836],[-72.247669,-7.230909],[-72.247779,-7.230987],[-72.247884,-7.231071],[-72.247985,-7.23116],[-72.248081,-7.231254],[-72.248171,-7.231354],[-72.248256,-7.231458],[-72.248336,-7.231566],[-72.24841,-7.231679],[-72.248477,-7.231795],[-72.248539,-7.231915],[-72.248594,-7.232037],[-72.248642,-7.232163],[-72.248684,-7.23229],[-72.248719,-7.23242],[-72.248747,-7.232552],[-72.248768,-7.232684],[-72.248782,-7.232818],[-72.248789,-7.232952],[-72.248788,-7.233087],[-72.248781,-7.233221],[-72.248766,-7.233355],[-72.248097,-7.238291],[-72.248075,-7.238477],[-72.248061,-7.238664],[-72.248054,-7.238852],[-72.248054,-7.239039],[-72.248061,-7.239226],[-72.248076,-7.239413],[-72.248097,-7.2396],[-72.248126,-7.239785],[-72.248162,-7.239969],[-72.248205,-7.240151],[-72.248255,-7.240332],[-72.248312,-7.240511],[-72.248376,-7.240687],[-72.248446,-7.240861],[-72.248524,-7.241032],[-72.248607,-7.241199],[-72.248698,-7.241364],[-72.248794,-7.241525],[-72.248897,-7.241682],[-72.249005,-7.241835],[-72.249119,-7.241984],[-72.249239,-7.242128],[-72.249365,-7.242267],[-72.249496,-7.242402],[-72.249632,-7.242531],[-72.249772,-7.242655],[-72.249918,-7.242774],[-72.250068,-7.242887],[-72.250222,-7.242994],[-72.25038,-7.243095],[-72.250542,-7.24319],[-72.250707,-7.243278],[-72.250876,-7.243361],[-72.251048,-7.243436],[-72.251222,-7.243505],[-72.2514,-7.243567],[-72.251579,-7.243623],[-72.25176,-7.243671],[-72.251943,-7.243712],[-72.252128,-7.243747],[-72.252314,-7.243774],[-72.252501,-7.243794],[-72.252688,-7.243807],[-72.252876,-7.243813],[-72.253063,-7.243811],[-72.253251,-7.243802],[-72.253438,-7.243786],[-72.253624,-7.243763],[-72.253809,-7.243733],[-72.253993,-7.243695],[-72.254176,-7.243651],[-72.254356,-7.243599],[-72.264152,-7.240602],[-72.264365,-7.24054],[-72.264579,-7.240484],[-72.264796,-7.240434],[-72.265013,-7.240389],[-72.265232,-7.240351],[-72.265451,-7.240318],[-72.265672,-7.240291],[-72.273282,-7.239479],[-72.273509,-7.239452],[-72.273735,-7.239418],[-72.273961,-7.239378],[-72.274185,-7.239331],[-72.274408,-7.239279],[-72.274629,-7.23922],[-72.274848,-7.239154],[-72.287065,-7.235336],[-72.287065,-7.235336],[-72.287065,-7.235336],[-72.287268,-7.235275],[-72.287473,-7.23522],[-72.287679,-7.23517],[-72.287886,-7.235125],[-72.288094,-7.235086],[-72.288303,-7.235052],[-72.294107,-7.234194],[-72.294317,-7.23416],[-72.294525,-7.234121],[-72.294732,-7.234076],[-72.294939,-7.234026],[-72.295143,-7.233971],[-72.299713,-7.232671],[-72.299818,-7.232645],[-72.299924,-7.232625],[-72.300031,-7.232613],[-72.300139,-7.232607],[-72.300247,-7.232607],[-72.300354,-7.232615],[-72.300461,-7.23263],[-72.300567,-7.232651],[-72.300671,-7.232679],[-72.300774,-7.232713],[-72.300873,-7.232754],[-72.30097,-7.232801],[-72.301064,-7.232854],[-72.301155,-7.232913],[-72.301241,-7.232977],[-72.301323,-7.233047],[-72.301401,-7.233122],[-72.301473,-7.233202],[-72.301541,-7.233286],[-72.301603,-7.233374],[-72.301659,-7.233466],[-72.301709,-7.233561],[-72.301753,-7.233659],[-72.301791,-7.23376],[-72.301823,-7.233863],[-72.301847,-7.233968],[-72.301865,-7.234074],[-72.301877,-7.234182],[-72.301881,-7.234289],[-72.301879,-7.234397],[-72.301869,-7.234504],[-72.301853,-7.234611],[-72.301831,-7.234716],[-72.301801,-7.23482],[-72.300749,-7.238128],[-72.300704,-7.238281],[-72.300666,-7.238437],[-72.300634,-7.238594],[-72.300609,-7.238752],[-72.300592,-7.238911],[-72.300581,-7.23907],[-72.300578,-7.23923],[-72.300581,-7.23939],[-72.300591,-7.23955],[-72.300609,-7.239709],[-72.300633,-7.239867],[-72.300665,-7.240024],[-72.300703,-7.24018],[-72.300748,-7.240333],[-72.3008,-7.240485],[-72.300858,-7.240634],[-72.300923,-7.24078],[-72.300994,-7.240924],[-72.301071,-7.241064],[-72.301155,-7.2412],[-72.301244,-7.241333],[-72.301339,-7.241462],[-72.30144,-7.241587],[-72.301546,-7.241707],[-72.301657,-7.241822],[-72.301773,-7.241932],[-72.301894,-7.242037],[-72.302019,-7.242137],[-72.302149,-7.242231],[-72.302283,-7.242319],[-72.30242,-7.242401],[-72.302561,-7.242478],[-72.302705,-7.242548],[-72.302852,-7.242611],[-72.303002,-7.242669],[-72.303154,-7.242719],[-72.303308,-7.242763],[-72.303464,-7.2428],[-72.308319,-7.243842],[-72.308474,-7.243879],[-72.308627,-7.243923],[-72.308779,-7.243973],[-72.308927,-7.244031],[-72.309074,-7.244094],[-72.309217,-7.244164],[-72.309357,-7.24424],[-72.309493,-7.244323],[-72.309626,-7.244411],[-72.309755,-7.244505],[-72.309879,-7.244605],[-72.309999,-7.24471],[-72.310114,-7.24482],[-72.310224,-7.244935],[-72.310329,-7.245055],[-72.310428,-7.245179],[-72.310522,-7.245308],[-72.31061,-7.245441],[-72.310692,-7.245577],[-72.310768,-7.245717],[-72.310838,-7.24586],[-72.310901,-7.246007],[-72.310958,-7.246155],[-72.311008,-7.246307],[-72.311051,-7.24646],[-72.311088,-7.246615],[-72.311117,-7.246771],[-72.31114,-7.246929],[-72.311156,-7.247087],[-72.311164,-7.247246],[-72.311166,-7.247405],[-72.311161,-7.247564],[-72.311148,-7.247723],[-72.310833,-7.250841],[-72.310815,-7.251048],[-72.310804,-7.251255],[-72.310799,-7.251463],[-72.3108,-7.251671],[-72.310808,-7.251879],[-72.310822,-7.252086],[-72.310842,-7.252293],[-72.310869,-7.252499],[-72.310902,-7.252704],[-72.310941,-7.252908],[-72.310987,-7.253111],[-72.311038,-7.253312],[-72.311096,-7.253512],[-72.31116,-7.25371],[-72.31116,-7.25371],[-72.311743,-7.255424],[-72.311801,-7.255585],[-72.311867,-7.255744],[-72.311938,-7.255901],[-72.312016,-7.256054],[-72.3121,-7.256204],[-72.312189,-7.25635],[-72.312285,-7.256493],[-72.312387,-7.256632],[-72.312494,-7.256766],[-72.312606,-7.256896],[-72.312723,-7.257022],[-72.312846,-7.257142],[-72.312973,-7.257258],[-72.313105,-7.257368],[-72.313241,-7.257473],[-72.313382,-7.257572],[-72.313526,-7.257666],[-72.313674,-7.257753],[-72.313825,-7.257835],[-72.31398,-7.25791],[-72.314137,-7.25798],[-72.314297,-7.258042],[-72.31446,-7.258098],[-72.314625,-7.258148],[-72.314791,-7.258191],[-72.314959,-7.258227],[-72.315129,-7.258256],[-72.315299,-7.258279],[-72.315471,-7.258294],[-72.315642,-7.258303],[-72.315814,-7.258304],[-72.315986,-7.258299],[-72.316158,-7.258287],[-72.316329,-7.258268],[-72.316499,-7.258242],[-72.316668,-7.258209],[-72.316835,-7.258169],[-72.317001,-7.258123],[-72.317164,-7.258069],[-72.317325,-7.25801],[-72.317484,-7.257944],[-72.31764,-7.257871],[-72.317793,-7.257793],[-72.317943,-7.257708],[-72.318089,-7.257617],[-72.318231,-7.25752],[-72.318369,-7.257418],[-72.318503,-7.25731],[-72.318632,-7.257197],[-72.318757,-7.257079],[-72.318877,-7.256956],[-72.325309,-7.250073],[-72.325459,-7.249918],[-72.325612,-7.249766],[-72.32577,-7.249618],[-72.325931,-7.249475],[-72.326096,-7.249336],[-72.326265,-7.249201],[-72.326437,-7.249071],[-72.326612,-7.248946],[-72.326791,-7.248825],[-72.328194,-7.247905],[-72.32831,-7.247833],[-72.32843,-7.247767],[-72.328553,-7.247707],[-72.328679,-7.247653],[-72.328808,-7.247606],[-72.328939,-7.247566],[-72.329072,-7.247532],[-72.329206,-7.247505],[-72.329341,-7.247485],[-72.329478,-7.247472],[-72.329615,-7.247466],[-72.329751,-7.247467],[-72.329888,-7.247475],[-72.330024,-7.247489],[-72.33016,-7.247511],[-72.330293,-7.24754],[-72.330426,-7.247575],[-72.330556,-7.247617],[-72.330684,-7.247666],[-72.330809,-7.247721],[-72.330932,-7.247782],[-72.331051,-7.24785],[-72.331166,-7.247924],[-72.331278,-7.248003],[-72.331385,-7.248088],[-72.331488,-7.248178],[-72.331586,-7.248274],[-72.331679,-7.248374],[-72.331767,-7.248479],[-72.331849,-7.248588],[-72.331926,-7.248702],[-72.331997,-7.248819],[-72.332061,-7.248939],[-72.33212,-7.249063],[-72.332172,-7.24919],[-72.332217,-7.249319],[-72.332256,-7.24945],[-72.332854,-7.251676],[-72.332894,-7.251814],[-72.332941,-7.251951],[-72.332994,-7.252085],[-72.333053,-7.252217],[-72.333118,-7.252346],[-72.333188,-7.252472],[-72.333264,-7.252594],[-72.333346,-7.252713],[-72.333433,-7.252829],[-72.333525,-7.25294],[-72.333622,-7.253047],[-72.333723,-7.253149],[-72.33383,-7.253247],[-72.337104,-7.256128],[-72.337274,-7.256282],[-72.33744,-7.256441],[-72.3376,-7.256604],[-72.337757,-7.256771],[-72.337908,-7.256943],[-72.338055,-7.257119],[-72.338197,-7.2573],[-72.338333,-7.257484],[-72.338464,-7.257672],[-72.33859,-7.257863],[-72.33871,-7.258058],[-72.338825,-7.258256],[-72.338934,-7.258458],[-72.339038,-7.258662],[-72.339136,-7.258869],[-72.339227,-7.259079],[-72.340691,-7.262559],[-72.340782,-7.262767],[-72.340879,-7.262973],[-72.340982,-7.263176],[-72.34109,-7.263376],[-72.341204,-7.263573],[-72.341323,-7.263767],[-72.341448,-7.263957],[-72.341578,-7.264144],[-72.341713,-7.264327],[-72.341854,-7.264507],[-72.341999,-7.264682],[-72.342149,-7.264853],[-72.345268,-7.268307],[-72.345424,-7.268486],[-72.345576,-7.268669],[-72.345721,-7.268857],[-72.345862,-7.269048],[-72.345996,-7.269244],[-72.346125,-7.269443],[-72.346248,-7.269646],[-72.346365,-7.269853],[-72.346476,-7.270063],[-72.346581,-7.270276],[-72.346679,-7.270492],[-72.346771,-7.270711],[-72.346857,-7.270933],[-72.346936,-7.271156],[-72.347009,-7.271383],[-72.347075,-7.271611],[-72.347134,-7.271841],[-72.347282,-7.272455],[-72.347326,-7.272651],[-72.347363,-7.272849],[-72.347392,-7.273047],[-72.347415,-7.273247],[-72.34743,-7.273448],[-72.347438,-7.273648],[-72.347438,-7.273849],[-72.347432,-7.27405],[-72.347418,-7.27425],[-72.347397,-7.27445],[-72.347369,-7.274649],[-72.347334,-7.274847],[-72.347291,-7.275043],[-72.347242,-7.275238],[-72.347186,-7.275431],[-72.347122,-7.275622],[-72.347052,-7.27581],[-72.346975,-7.275996],[-72.346892,-7.276179],[-72.346802,-7.276358],[-72.346705,-7.276535],[-72.346603,-7.276707],[-72.346494,-7.276876],[-72.346379,-7.277041],[-72.346258,-7.277202],[-72.346132,-7.277358],[-72.346,-7.27751],[-72.345862,-7.277657],[-72.34572,-7.277799],[-72.345572,-7.277935],[-72.345388,-7.2781],[-72.345281,-7.278191],[-72.34517,-7.278276],[-72.345054,-7.278356],[-72.344935,-7.278429],[-72.344812,-7.278497],[-72.344686,-7.278558],[-72.344557,-7.278613],[-72.344425,-7.278662],[-72.344291,-7.278704],[-72.344155,-7.278739],[-72.344018,-7.278767],[-72.343879,-7.278788],[-72.343739,-7.278803],[-72.343599,-7.27881],[-72.343459,-7.27881],[-72.343319,-7.278803],[-72.343179,-7.27879],[-72.34304,-7.278769],[-72.342903,-7.278741],[-72.342766,-7.278707],[-72.342632,-7.278666],[-72.3425,-7.278618],[-72.342371,-7.278563],[-72.342245,-7.278502],[-72.342122,-7.278435],[-72.342002,-7.278362],[-72.341886,-7.278283],[-72.341774,-7.278198],[-72.341667,-7.278108],[-72.341564,-7.278012],[-72.341467,-7.277911],[-72.341374,-7.277806],[-72.341287,-7.277696],[-72.341205,-7.277582],[-72.34113,-7.277464],[-72.339848,-7.275349],[-72.339724,-7.275152],[-72.339595,-7.274958],[-72.33946,-7.274768],[-72.33932,-7.274582],[-72.339175,-7.274401],[-72.339025,-7.274223],[-72.338869,-7.27405],[-72.338709,-7.273881],[-72.338544,-7.273717],[-72.338374,-7.273557],[-72.3382,-7.273403],[-72.336137,-7.271627],[-72.33601,-7.271513],[-72.335888,-7.271393],[-72.335771,-7.271269],[-72.335659,-7.27114],[-72.335553,-7.271006],[-72.335452,-7.270868],[-72.335358,-7.270726],[-72.335269,-7.270581],[-72.335187,-7.270431],[-72.33511,-7.270278],[-72.335041,-7.270123],[-72.334978,-7.269964],[-72.334921,-7.269803],[-72.334872,-7.26964],[-72.334829,-7.269475],[-72.334793,-7.269308],[-72.334466,-7.267613],[-72.334443,-7.26751],[-72.334412,-7.267409],[-72.334375,-7.267311],[-72.334331,-7.267215],[-72.334281,-7.267123],[-72.334224,-7.267034],[-72.334161,-7.266949],[-72.334093,-7.266869],[-72.33402,-7.266794],[-72.333941,-7.266724],[-72.333858,-7.266659],[-72.333771,-7.2666],[-72.333679,-7.266547],[-72.333585,-7.266501],[-72.333487,-7.266461],[-72.333387,-7.266428],[-72.333285,-7.266402],[-72.333181,-7.266383],[-72.333077,-7.266371],[-72.332971,-7.266366],[-72.332866,-7.266369],[-72.332761,-7.266378],[-72.332657,-7.266395],[-72.332554,-7.266419],[-72.332454,-7.26645],[-72.332355,-7.266487],[-72.33226,-7.266531],[-72.332167,-7.266582],[-72.332079,-7.266639],[-72.331994,-7.266702],[-72.331914,-7.26677],[-72.331839,-7.266844],[-72.331769,-7.266923],[-72.331704,-7.267006],[-72.331646,-7.267093],[-72.331593,-7.267185],[-72.331547,-7.267279],[-72.331508,-7.267377],[-72.3303,-7.270683],[-72.330214,-7.270909],[-72.330121,-7.271132],[-72.330022,-7.271352],[-72.329916,-7.27157],[-72.329803,-7.271784],[-72.329684,-7.271994],[-72.329559,-7.272201],[-72.329428,-7.272404],[-72.329291,-7.272603],[-72.329148,-7.272798],[-72.328999,-7.272989],[-72.328845,-7.273175],[-72.32635,-7.276094],[-72.326267,-7.276197],[-72.326188,-7.276304],[-72.326116,-7.276416],[-72.326049,-7.276531],[-72.325989,-7.276649],[-72.325934,-7.27677],[-72.325886,-7.276894],[-72.325845,-7.27702],[-72.32581,-7.277148],[-72.325781,-7.277278],[-72.32576,-7.277409],[-72.325745,-7.277541],[-72.325737,-7.277674],[-72.325736,-7.277806],[-72.325742,-7.277939],[-72.325755,-7.278071],[-72.325775,-7.278203],[-72.325801,-7.278333],[-72.325835,-7.278461],[-72.325874,-7.278588],[-72.325921,-7.278713],[-72.325973,-7.278835],[-72.326032,-7.278954],[-72.326097,-7.279069],[-72.326168,-7.279182],[-72.326245,-7.27929],[-72.326327,-7.279395],[-72.326415,-7.279495],[-72.326508,-7.27959],[-72.326605,-7.27968],[-72.326707,-7.279765],[-72.326813,-7.279845],[-72.326924,-7.27992],[-72.328648,-7.281017],[-72.328808,-7.281121],[-72.328964,-7.281229],[-72.329118,-7.281342],[-72.329268,-7.281458],[-72.329416,-7.281578],[-72.330795,-7.282731],[-72.330914,-7.282836],[-72.33103,-7.282946],[-72.331139,-7.283061],[-72.331244,-7.283181],[-72.331343,-7.283306],[-72.331437,-7.283435],[-72.331524,-7.283568],[-72.331606,-7.283705],[-72.331681,-7.283845],[-72.33175,-7.283988],[-72.331813,-7.284135],[-72.331868,-7.284284],[-72.331917,-7.284435],[-72.33196,-7.284589],[-72.331995,-7.284744],[-72.332023,-7.284901],[-72.332044,-7.285058],[-72.332058,-7.285217],[-72.332065,-7.285376],[-72.332065,-7.285535],[-72.332057,-7.285694],[-72.332043,-7.285852],[-72.332021,-7.28601],[-72.331993,-7.286167],[-72.331957,-7.286322],[-72.331914,-7.286475],[-72.331865,-7.286626],[-72.331808,-7.286775],[-72.331746,-7.286921],[-72.331676,-7.287065],[-72.331601,-7.287205],[-72.331519,-7.287341],[-72.331431,-7.287474],[-72.331337,-7.287603],[-72.331237,-7.287727],[-72.331132,-7.287847],[-72.331022,-7.287961],[-72.330906,-7.288071],[-72.330786,-7.288176],[-72.330661,-7.288275],[-72.330532,-7.288368],[-72.330399,-7.288456],[-72.327285,-7.290403],[-72.327285,-7.290403],[-72.327285,-7.290403],[-72.327144,-7.290495],[-72.327007,-7.290594],[-72.326874,-7.290698],[-72.326745,-7.290807],[-72.326622,-7.290922],[-72.326503,-7.291042],[-72.326389,-7.291167],[-72.326281,-7.291296],[-72.326179,-7.29143],[-72.326082,-7.291568],[-72.325991,-7.29171],[-72.325906,-7.291856],[-72.325827,-7.292005],[-72.325755,-7.292158],[-72.325689,-7.292313],[-72.32563,-7.292471],[-72.325577,-7.292631],[-72.325531,-7.292794],[-72.325493,-7.292958],[-72.325461,-7.293123],[-72.325436,-7.29329],[-72.325418,-7.293458],[-72.325407,-7.293626],[-72.325404,-7.293795],[-72.325407,-7.293964],[-72.325418,-7.294132],[-72.325436,-7.2943],[-72.325461,-7.294466],[-72.325492,-7.294632],[-72.325531,-7.294796],[-72.325577,-7.294959],[-72.325629,-7.295119],[-72.325688,-7.295277],[-72.325754,-7.295432],[-72.325827,-7.295585],[-72.325905,-7.295734],[-72.32599,-7.29588],[-72.326081,-7.296022],[-72.326178,-7.29616],[-72.32628,-7.296294],[-72.326389,-7.296423],[-72.326502,-7.296548],[-72.326621,-7.296668],[-72.326745,-7.296783],[-72.326873,-7.296893],[-72.327006,-7.296997],[-72.327143,-7.297095],[-72.327284,-7.297188],[-72.327429,-7.297274],[-72.327578,-7.297355],[-72.32773,-7.297429],[-72.327884,-7.297496],[-72.328042,-7.297557],[-72.328202,-7.297611],[-72.328364,-7.297659],[-72.328528,-7.2977],[-72.328693,-7.297734],[-72.32886,-7.29776],[-72.329028,-7.29778],[-72.329196,-7.297793],[-72.329365,-7.297798],[-72.329534,-7.297797],[-72.329702,-7.297788],[-72.329871,-7.297772],[-72.330038,-7.29775],[-72.330204,-7.29772],[-72.330369,-7.297683],[-72.330532,-7.297639],[-72.330693,-7.297589],[-72.330693,-7.297589],[-72.330693,-7.297589],[-72.345204,-7.292706],[-72.345316,-7.292672],[-72.34543,-7.292645],[-72.345546,-7.292624],[-72.345663,-7.292611],[-72.34578,-7.292604],[-72.345897,-7.292604],[-72.346015,-7.292612],[-72.346131,-7.292626],[-72.346247,-7.292648],[-72.346361,-7.292676],[-72.346473,-7.292711],[-72.346583,-7.292752],[-72.34669,-7.2928],[-72.346794,-7.292855],[-72.346895,-7.292915],[-72.346992,-7.292981],[-72.347085,-7.293054],[-72.347173,-7.293131],[-72.347256,-7.293213],[-72.347335,-7.293301],[-72.347408,-7.293393],[-72.347475,-7.293489],[-72.347537,-7.293589],[-72.347592,-7.293692],[-72.347641,-7.293799],[-72.347684,-7.293908],[-72.34772,-7.29402],[-72.347749,-7.294133],[-72.347772,-7.294248],[-72.347787,-7.294365],[-72.347796,-7.294482],[-72.347798,-7.294599],[-72.347792,-7.294716],[-72.34778,-7.294833],[-72.34776,-7.294949],[-72.347734,-7.295063],[-72.347701,-7.295176],[-72.347661,-7.295286],[-72.347615,-7.295394],[-72.347562,-7.295499],[-72.347503,-7.2956],[-72.347439,-7.295698],[-72.347368,-7.295792],[-72.347292,-7.295881],[-72.347211,-7.295966],[-72.34401,-7.299111],[-72.343834,-7.299289],[-72.343663,-7.299472],[-72.343496,-7.29966],[-72.343336,-7.299852],[-72.34318,-7.300048],[-72.34303,-7.300249],[-72.342886,-7.300454],[-72.342747,-7.300662],[-72.342615,-7.300875],[-72.342488,-7.301091],[-72.342367,-7.30131],[-72.342253,-7.301533],[-72.342144,-7.301759],[-72.342042,-7.301987],[-72.341947,-7.302219],[-72.341857,-7.302453],[-72.341775,-7.302689],[-72.341699,-7.302928],[-72.341629,-7.303168],[-72.341566,-7.303411],[-72.34151,-7.303655],[-72.34151,-7.303655],[-72.34151,-7.303655],[-72.340982,-7.306113],[-72.340927,-7.306357],[-72.340864,-7.306599],[-72.340795,-7.306839],[-72.340719,-7.307077],[-72.340637,-7.307312],[-72.340548,-7.307546],[-72.340453,-7.307777],[-72.340351,-7.308005],[-72.340243,-7.30823],[-72.340129,-7.308452],[-72.340009,-7.308671],[-72.339882,-7.308887],[-72.33975,-7.309099],[-72.339612,-7.309307],[-72.339468,-7.309511],[-72.339319,-7.309712],[-72.339164,-7.309908],[-72.337916,-7.311444],[-72.337916,-7.311444],[-72.337916,-7.311445],[-72.337792,-7.311603],[-72.337674,-7.311765],[-72.337562,-7.311932],[-72.337455,-7.312102],[-72.337354,-7.312276],[-72.33726,-7.312453],[-72.337172,-7.312633],[-72.33709,-7.312817],[-72.337014,-7.313003],[-72.336946,-7.313192],[-72.336883,-7.313383],[-72.336828,-7.313576],[-72.336779,-7.313771],[-72.336738,-7.313967],[-72.336703,-7.314165],[-72.336675,-7.314364],[-72.336654,-7.314563],[-72.33664,-7.314764],[-72.336633,-7.314965],[-72.336633,-7.315165],[-72.33664,-7.315366],[-72.336654,-7.315566],[-72.336676,-7.315766],[-72.336704,-7.315965],[-72.336739,-7.316163],[-72.336781,-7.316359],[-72.33683,-7.316554],[-72.336885,-7.316747],[-72.336948,-7.316938],[-72.337017,-7.317126],[-72.337092,-7.317312],[-72.337174,-7.317496],[-72.337263,-7.317676],[-72.337357,-7.317853],[-72.337458,-7.318027],[-72.337565,-7.318197],[-72.337678,-7.318364],[-72.337796,-7.318526],[-72.33792,-7.318684],[-72.33805,-7.318838],[-72.338185,-7.318987],[-72.338325,-7.319131],[-72.33847,-7.31927],[-72.33862,-7.319404],[-72.338774,-7.319533],[-72.338933,-7.319656],[-72.339096,-7.319774],[-72.339263,-7.319886],[-72.339434,-7.319992],[-72.339608,-7.320092],[-72.339786,-7.320186],[-72.348154,-7.324416],[-72.348469,-7.324579],[-72.34878,-7.324748],[-72.349088,-7.324923],[-72.349393,-7.325103],[-72.349694,-7.32529],[-72.349991,-7.325482],[-72.350285,-7.32568],[-72.350575,-7.325884],[-72.350861,-7.326093],[-72.351143,-7.326307],[-72.35142,-7.326527],[-72.351693,-7.326752],[-72.351962,-7.326982],[-72.352227,-7.327218],[-72.352487,-7.327458],[-72.352742,-7.327704],[-72.352992,-7.327954],[-72.353238,-7.328209],[-72.353479,-7.328469],[-72.353714,-7.328733],[-72.353945,-7.329002],[-72.35417,-7.329275],[-72.35439,-7.329552],[-72.354604,-7.329834],[-72.354813,-7.330119],[-72.355017,-7.330409],[-72.355215,-7.330702],[-72.355407,-7.330999],[-72.355594,-7.3313],[-72.355774,-7.331604],[-72.355949,-7.331912],[-72.355949,-7.331912],[-72.355949,-7.331912],[-72.357623,-7.334926],[-72.357747,-7.335142],[-72.357877,-7.335355],[-72.358013,-7.335564],[-72.358154,-7.335769],[-72.358301,-7.33597],[-72.358453,-7.336167],[-72.358611,-7.33636],[-72.358774,-7.336548],[-72.358943,-7.336732],[-72.359116,-7.336911],[-72.359294,-7.337085],[-72.359477,-7.337254],[-72.359665,-7.337418],[-72.359857,-7.337577],[-72.360053,-7.337731],[-72.360253,-7.337879],[-72.360458,-7.338021],[-72.360666,-7.338158],[-72.360878,-7.338289],[-72.361094,-7.338415],[-72.361313,-7.338534],[-72.361535,-7.338647],[-72.36176,-7.338754],[-72.361988,-7.338855],[-72.362219,-7.338949],[-72.362452,-7.339037],[-72.362688,-7.339119],[-72.368633,-7.341086],[-72.368767,-7.341134],[-72.368897,-7.341188],[-72.369025,-7.341249],[-72.36915,-7.341316],[-72.369272,-7.34139],[-72.369389,-7.341469],[-72.369502,-7.341554],[-72.369611,-7.341645],[-72.369716,-7.34174],[-72.369815,-7.341841],[-72.36991,-7.341947],[-72.369998,-7.342057],[-72.370082,-7.342172],[-72.370159,-7.342291],[-72.370231,-7.342413],[-72.370296,-7.342539],[-72.370355,-7.342667],[-72.370407,-7.342799],[-72.370453,-7.342933],[-72.370492,-7.343069],[-72.370524,-7.343207],[-72.370549,-7.343346],[-72.370568,-7.343487],[-72.370579,-7.343628],[-72.370583,-7.343769],[-72.37058,-7.343911],[-72.37057,-7.344052],[-72.370553,-7.344193],[-72.370529,-7.344332],[-72.370498,-7.34447],[-72.37046,-7.344607],[-72.370416,-7.344741],[-72.370365,-7.344873],[-72.370307,-7.345003],[-72.370243,-7.345129],[-72.370172,-7.345252],[-72.370096,-7.345371],[-72.370096,-7.345371],[-72.370096,-7.345371],[-72.368391,-7.347892],[-72.368309,-7.34802],[-72.368232,-7.348152],[-72.368162,-7.348287],[-72.368098,-7.348425],[-72.36804,-7.348566],[-72.367989,-7.34871],[-72.367945,-7.348856],[-72.367908,-7.349003],[-72.367877,-7.349152],[-72.367853,-7.349302],[-72.367836,-7.349454],[-72.367826,-7.349606],[-72.367823,-7.349758],[-72.367827,-7.34991],[-72.367838,-7.350062],[-72.367856,-7.350213],[-72.367881,-7.350363],[-72.367913,-7.350512],[-72.367951,-7.350659],[-72.367997,-7.350805],[-72.368049,-7.350948],[-72.368107,-7.351088],[-72.368172,-7.351226],[-72.368244,-7.351361],[-72.368321,-7.351492],[-72.368321,-7.351492],[-72.370049,-7.354275],[-72.370177,-7.354488],[-72.370299,-7.354705],[-72.370416,-7.354925],[-72.370526,-7.355148],[-72.37063,-7.355373],[-72.370728,-7.355602],[-72.370819,-7.355834],[-72.370904,-7.356067],[-72.370983,-7.356303],[-72.371055,-7.356541],[-72.37112,-7.356781],[-72.371179,-7.357023],[-72.371231,-7.357266],[-72.371276,-7.357511],[-72.371315,-7.357756],[-72.371347,-7.358003],[-72.371372,-7.35825],[-72.37139,-7.358498],[-72.371401,-7.358747],[-72.371406,-7.358995],[-72.371403,-7.359244],[-72.371394,-7.359493],[-72.371378,-7.359741],[-72.371355,-7.359988],[-72.371325,-7.360235],[-72.371289,-7.360481],[-72.371245,-7.360726],[-72.371195,-7.36097],[-72.371138,-7.361212],[-72.371138,-7.361212],[-72.371138,-7.361212],[-72.369987,-7.365834],[-72.369944,-7.365991],[-72.369895,-7.366145],[-72.369838,-7.366298],[-72.369776,-7.366448],[-72.369706,-7.366595],[-72.369631,-7.366739],[-72.369549,-7.36688],[-72.369461,-7.367016],[-72.369367,-7.367149],[-72.369267,-7.367278],[-72.369162,-7.367402],[-72.369052,-7.367522],[-72.368936,-7.367636],[-72.368816,-7.367746],[-72.368691,-7.36785],[-72.368561,-7.367948],[-72.368428,-7.368041],[-72.36829,-7.368128],[-72.368149,-7.368209],[-72.368004,-7.368284],[-72.367857,-7.368352],[-72.367706,-7.368414],[-72.367553,-7.368469],[-72.367397,-7.368518],[-72.36724,-7.36856],[-72.367081,-7.368595],[-72.36692,-7.368622],[-72.366759,-7.368643],[-72.366759,-7.368643],[-72.362771,-7.369071],[-72.362647,-7.369088],[-72.362525,-7.369112],[-72.362404,-7.369142],[-72.362284,-7.369179],[-72.362167,-7.369222],[-72.362053,-7.369272],[-72.361942,-7.369328],[-72.361834,-7.369391],[-72.361729,-7.369459],[-72.361629,-7.369533],[-72.361532,-7.369612],[-72.361441,-7.369696],[-72.361354,-7.369786],[-72.361272,-7.36988],[-72.361195,-7.369978],[-72.361125,-7.370081],[-72.36106,-7.370187],[-72.361001,-7.370297],[-72.360948,-7.37041],[-72.360901,-7.370525],[-72.360861,-7.370643],[-72.360828,-7.370763],[-72.360801,-7.370885],[-72.360781,-7.371008],[-72.360768,-7.371132],[-72.360762,-7.371256],[-72.360763,-7.371381],[-72.360771,-7.371505],[-72.360785,-7.371629],[-72.360807,-7.371752],[-72.360835,-7.371873],[-72.36087,-7.371993],[-72.360911,-7.37211],[-72.360959,-7.372225],[-72.361014,-7.372337],[-72.361074,-7.372446],[-72.361141,-7.372552],[-72.361213,-7.372653],[-72.361291,-7.372751],[-72.361374,-7.372844],[-72.366183,-7.377941],[-72.36636,-7.378124],[-72.366543,-7.378302],[-72.36673,-7.378474],[-72.366922,-7.378642],[-72.367119,-7.378803],[-72.367321,-7.378959],[-72.367526,-7.37911],[-72.367736,-7.379254],[-72.36795,-7.379393],[-72.368168,-7.379525],[-72.368389,-7.379652],[-72.368614,-7.379772],[-72.368842,-7.379885],[-72.369073,-7.379993],[-72.369307,-7.380093],[-72.369544,-7.380187],[-72.369783,-7.380275],[-72.370025,-7.380355],[-72.370269,-7.380429],[-72.370515,-7.380496],[-72.370763,-7.380556],[-72.371012,-7.380608],[-72.371263,-7.380654],[-72.371515,-7.380693],[-72.371768,-7.380725],[-72.372021,-7.380749],[-72.374821,-7.380981],[-72.375007,-7.381],[-72.375193,-7.381026],[-72.375377,-7.381059],[-72.375561,-7.381099],[-72.375742,-7.381147],[-72.375921,-7.381201],[-72.376099,-7.381262],[-72.376273,-7.38133],[-72.376445,-7.381404],[-72.376614,-7.381485],[-72.37678,-7.381573],[-72.376942,-7.381667],[-72.377101,-7.381767],[-72.377255,-7.381872],[-72.377406,-7.381984],[-72.377552,-7.382102],[-72.377693,-7.382225],[-72.37783,-7.382353],[-72.377961,-7.382486],[-72.378087,-7.382625],[-72.378208,-7.382768],[-72.378323,-7.382915],[-72.378433,-7.383067],[-72.378536,-7.383223],[-72.378634,-7.383383],[-72.378725,-7.383547],[-72.37881,-7.383714],[-72.378888,-7.383884],[-72.37896,-7.384057],[-72.379025,-7.384232],[-72.379083,-7.38441],[-72.379135,-7.38459],[-72.379179,-7.384772],[-72.379216,-7.384955],[-72.379247,-7.38514],[-72.37927,-7.385326],[-72.379286,-7.385512],[-72.379294,-7.385699],[-72.379296,-7.385886],[-72.37929,-7.386073],[-72.379277,-7.38626],[-72.379257,-7.386446],[-72.37923,-7.386631],[-72.379196,-7.386815],[-72.379155,-7.386998],[-72.379106,-7.387179],[-72.379051,-7.387358],[-72.378989,-7.387534],[-72.37892,-7.387708],[-72.378845,-7.387879],[-72.378845,-7.38788],[-72.37619,-7.393602],[-72.376089,-7.393828],[-72.375995,-7.394056],[-72.375906,-7.394287],[-72.375824,-7.39452],[-72.375748,-7.394756],[-72.375679,-7.394993],[-72.375617,-7.395232],[-72.375561,-7.395473],[-72.375511,-7.395715],[-72.375468,-7.395958],[-72.375432,-7.396203],[-72.375403,-7.396448],[-72.37538,-7.396694],[-72.375364,-7.396941],[-72.375355,-7.397188],[-72.375353,-7.397435],[-72.375357,-7.397682],[-72.375369,-7.397929],[-72.375387,-7.398176],[-72.375411,-7.398422],[-72.375443,-7.398667],[-72.375481,-7.398911],[-72.376758,-7.406402],[-72.376781,-7.406514],[-72.37681,-7.406625],[-72.376847,-7.406733],[-72.37689,-7.40684],[-72.376939,-7.406943],[-72.376995,-7.407043],[-72.377057,-7.407139],[-72.377125,-7.407231],[-72.377199,-7.407319],[-72.377278,-7.407403],[-72.377362,-7.407481],[-72.37745,-7.407554],[-72.377543,-7.407621],[-72.37764,-7.407682],[-72.37774,-7.407737],[-72.377844,-7.407786],[-72.377951,-7.407829],[-72.37806,-7.407865],[-72.378171,-7.407893],[-72.378283,-7.407915],[-72.378397,-7.40793],[-72.378512,-7.407938],[-72.378626,-7.407939],[-72.378741,-7.407933],[-72.378855,-7.40792],[-72.378968,-7.407899],[-72.379079,-7.407872],[-72.379189,-7.407838],[-72.379296,-7.407797],[-72.3794,-7.40775],[-72.379502,-7.407696],[-72.3796,-7.407636],[-72.379693,-7.40757],[-72.379783,-7.407499],[-72.379868,-7.407422],[-72.379948,-7.40734],[-72.380023,-7.407253],[-72.380092,-7.407161],[-72.380156,-7.407066],[-72.380213,-7.406967],[-72.380264,-7.406864],[-72.380309,-7.406759],[-72.380347,-7.406651],[-72.380378,-7.406541],[-72.380403,-7.406429],[-72.38042,-7.406315],[-72.38043,-7.406201],[-72.380812,-7.399784],[-72.38083,-7.399533],[-72.380856,-7.399284],[-72.380888,-7.399035],[-72.380927,-7.398787],[-72.380973,-7.39854],[-72.381026,-7.398295],[-72.381086,-7.398051],[-72.381152,-7.397809],[-72.381226,-7.397569],[-72.381306,-7.397331],[-72.381392,-7.397095],[-72.381485,-7.396862],[-72.381584,-7.396632],[-72.38169,-7.396404],[-72.381802,-7.39618],[-72.381921,-7.395958],[-72.382045,-7.39574],[-72.382176,-7.395526],[-72.382312,-7.395315],[-72.382454,-7.395108],[-72.382602,-7.394905],[-72.382756,-7.394706],[-72.382915,-7.394512],[-72.383079,-7.394322],[-72.383248,-7.394136],[-72.383423,-7.393956],[-72.383603,-7.39378],[-72.383787,-7.39361],[-72.383976,-7.393444],[-72.388631,-7.389486],[-72.388631,-7.389486],[-72.388631,-7.389486],[-72.388745,-7.389394],[-72.388862,-7.389308],[-72.388984,-7.389228],[-72.389109,-7.389153],[-72.389238,-7.389085],[-72.389371,-7.389024],[-72.389505,-7.388968],[-72.389643,-7.38892],[-72.389783,-7.388878],[-72.389924,-7.388843],[-72.390067,-7.388815],[-72.390212,-7.388794],[-72.390357,-7.38878],[-72.390503,-7.388773],[-72.390648,-7.388773],[-72.390794,-7.38878],[-72.390939,-7.388795],[-72.391084,-7.388816],[-72.391227,-7.388844],[-72.391368,-7.388879],[-72.391508,-7.388921],[-72.391645,-7.38897],[-72.39178,-7.389026],[-72.391912,-7.389088],[-72.392041,-7.389156],[-72.392166,-7.38923],[-72.392288,-7.389311],[-72.392405,-7.389397],[-72.392518,-7.389489],[-72.392627,-7.389586],[-72.392731,-7.389689],[-72.392829,-7.389796],[-72.392922,-7.389908],[-72.39301,-7.390024],[-72.393092,-7.390145],[-72.393168,-7.390269],[-72.393237,-7.390397],[-72.393301,-7.390528],[-72.393358,-7.390662],[-72.393408,-7.390799],[-72.393451,-7.390938],[-72.393488,-7.391079],[-72.393518,-7.391222],[-72.393541,-7.391365],[-72.393557,-7.39151],[-72.393565,-7.391655],[-72.393567,-7.391801],[-72.393561,-7.391947],[-72.393549,-7.392092],[-72.393529,-7.392236],[-72.393502,-7.392379],[-72.393469,-7.392521],[-72.393428,-7.392661],[-72.393381,-7.392798],[-72.393327,-7.392934],[-72.393267,-7.393066],[-72.391461,-7.396781],[-72.391393,-7.396927],[-72.391333,-7.397077],[-72.391279,-7.397228],[-72.391231,-7.397382],[-72.391191,-7.397538],[-72.391157,-7.397696],[-72.391131,-7.397855],[-72.391111,-7.398014],[-72.391099,-7.398175],[-72.391093,-7.398336],[-72.391095,-7.398497],[-72.391104,-7.398658],[-72.39112,-7.398818],[-72.391143,-7.398977],[-72.391173,-7.399136],[-72.39121,-7.399292],[-72.391254,-7.399447],[-72.391305,-7.3996],[-72.391362,-7.399751],[-72.391426,-7.399899],[-72.391496,-7.400044],[-72.391573,-7.400185],[-72.391656,-7.400323],[-72.391745,-7.400458],[-72.39184,-7.400588],[-72.39194,-7.400714],[-72.392046,-7.400836],[-72.392157,-7.400952],[-72.392274,-7.401064],[-72.392395,-7.401171],[-72.39252,-7.401272],[-72.39265,-7.401367],[-72.392784,-7.401457],[-72.392922,-7.40154],[-72.393064,-7.401618],[-72.393208,-7.401689],[-72.393356,-7.401754],[-72.393506,-7.401812],[-72.393659,-7.401863],[-72.393814,-7.401908],[-72.393971,-7.401946],[-72.394129,-7.401977],[-72.394289,-7.402001],[-72.394449,-7.402018],[-72.39461,-7.402028],[-72.394772,-7.402031],[-72.394933,-7.402026],[-72.401965,-7.401682],[-72.402099,-7.401679],[-72.402232,-7.401684],[-72.402366,-7.401695],[-72.402498,-7.401714],[-72.402629,-7.401739],[-72.402759,-7.401772],[-72.402886,-7.401811],[-72.403012,-7.401857],[-72.403134,-7.40191],[-72.403254,-7.40197],[-72.40337,-7.402035],[-72.403483,-7.402107],[-72.403591,-7.402185],[-72.403696,-7.402269],[-72.403795,-7.402358],[-72.40389,-7.402452],[-72.403979,-7.402551],[-72.404063,-7.402655],[-72.404141,-7.402763],[-72.404214,-7.402875],[-72.40428,-7.402991],[-72.40434,-7.40311],[-72.404393,-7.403232],[-72.40444,-7.403357],[-72.40448,-7.403485],[-72.404513,-7.403614],[-72.404539,-7.403745],[-72.404557,-7.403877],[-72.404569,-7.40401],[-72.404574,-7.404143],[-72.404571,-7.404276],[-72.404561,-7.40441],[-72.404545,-7.404542],[-72.404521,-7.404673],[-72.40449,-7.404803],[-72.404452,-7.404931],[-72.404407,-7.405056],[-72.404355,-7.40518],[-72.404297,-7.4053],[-72.404233,-7.405417],[-72.404162,-7.40553],[-72.404086,-7.405639],[-72.399952,-7.411213],[-72.399834,-7.411377],[-72.399722,-7.411546],[-72.399616,-7.411718],[-72.399516,-7.411894],[-72.399422,-7.412073],[-72.399334,-7.412255],[-72.399253,-7.41244],[-72.399178,-7.412628],[-72.399109,-7.412818],[-72.399047,-7.413011],[-72.398992,-7.413205],[-72.398944,-7.413402],[-72.398902,-7.4136],[-72.398867,-7.413799],[-72.398839,-7.413999],[-72.398818,-7.4142],[-72.398804,-7.414402],[-72.398797,-7.414604],[-72.398796,-7.414806],[-72.398803,-7.415008],[-72.398817,-7.41521],[-72.398837,-7.415411],[-72.398865,-7.415612],[-72.398899,-7.415811],[-72.398941,-7.416009],[-72.398989,-7.416205],[-72.399044,-7.4164],[-72.399105,-7.416593],[-72.399173,-7.416783],[-72.399248,-7.416971],[-72.399329,-7.417156],[-72.399416,-7.417339],[-72.39951,-7.417518],[-72.399609,-7.417694],[-72.399715,-7.417867],[-72.399827,-7.418035],[-72.399944,-7.4182],[-72.400067,-7.418361],[-72.400196,-7.418517],[-72.400329,-7.418669],[-72.400468,-7.418816],[-72.400612,-7.418959],[-72.400761,-7.419096],[-72.400914,-7.419228],[-72.401072,-7.419355],[-72.402097,-7.42015],[-72.402097,-7.42015],[-72.402097,-7.42015],[-72.402211,-7.420234],[-72.402329,-7.420313],[-72.40245,-7.420385],[-72.402575,-7.420452],[-72.402704,-7.420512],[-72.402835,-7.420566],[-72.402968,-7.420613],[-72.403104,-7.420654],[-72.403241,-7.420689],[-72.40338,-7.420716],[-72.40352,-7.420737],[-72.403661,-7.420751],[-72.403802,-7.420758],[-72.403944,-7.420758],[-72.404086,-7.420751],[-72.404227,-7.420737],[-72.404367,-7.420716],[-72.404506,-7.420689],[-72.404643,-7.420654],[-72.404779,-7.420613],[-72.404912,-7.420566],[-72.405043,-7.420512],[-72.405171,-7.420452],[-72.405296,-7.420385],[-72.405418,-7.420313],[-72.405536,-7.420234],[-72.40565,-7.42015],[-72.405759,-7.420061],[-72.405864,-7.419966],[-72.405965,-7.419867],[-72.40606,-7.419762],[-72.409504,-7.415798],[-72.409504,-7.415798],[-72.409504,-7.415798],[-72.409601,-7.415692],[-72.409703,-7.415591],[-72.40981,-7.415494],[-72.409922,-7.415404],[-72.410038,-7.415318],[-72.410158,-7.415239],[-72.410281,-7.415166],[-72.410409,-7.415098],[-72.410539,-7.415037],[-72.410672,-7.414983],[-72.410808,-7.414935],[-72.410946,-7.414894],[-72.411086,-7.41486],[-72.411227,-7.414832],[-72.411369,-7.414812],[-72.411513,-7.414799],[-72.411656,-7.414792],[-72.4118,-7.414793],[-72.411944,-7.414801],[-72.412087,-7.414816],[-72.41223,-7.414838],[-72.412371,-7.414867],[-72.41251,-7.414902],[-72.412647,-7.414945],[-72.412783,-7.414994],[-72.412915,-7.41505],[-72.413045,-7.415112],[-72.413171,-7.415181],[-72.413294,-7.415256],[-72.413413,-7.415336],[-72.413528,-7.415423],[-72.413639,-7.415515],[-72.413745,-7.415612],[-72.413846,-7.415714],[-72.413942,-7.415821],[-72.414032,-7.415933],[-72.414117,-7.416049],[-72.414196,-7.416169],[-72.414269,-7.416293],[-72.414336,-7.416421],[-72.414396,-7.416551],[-72.41445,-7.416684],[-72.414497,-7.41682],[-72.414538,-7.416958],[-72.414571,-7.417097],[-72.414598,-7.417239],[-72.414598,-7.417239],[-72.414598,-7.417239],[-72.415218,-7.421019],[-72.415248,-7.421181],[-72.415285,-7.421341],[-72.415329,-7.4215],[-72.41538,-7.421657],[-72.415438,-7.421811],[-72.415502,-7.421962],[-72.415572,-7.422111],[-72.415649,-7.422257],[-72.415733,-7.422399],[-72.415822,-7.422537],[-72.415917,-7.422672],[-72.416018,-7.422802],[-72.416124,-7.422928],[-72.416236,-7.423049],[-72.416353,-7.423165],[-72.416474,-7.423276],[-72.416601,-7.423382],[-72.416732,-7.423482],[-72.416867,-7.423577],[-72.417006,-7.423665],[-72.417148,-7.423748],[-72.417294,-7.423824],[-72.417444,-7.423894],[-72.417596,-7.423957],[-72.417751,-7.424014],[-72.417908,-7.424064],[-72.418067,-7.424108],[-72.418228,-7.424144],[-72.41839,-7.424174],[-72.42702,-7.425553],[-72.427266,-7.425595],[-72.427512,-7.425645],[-72.427755,-7.425702],[-72.427998,-7.425765],[-72.428238,-7.425835],[-72.428477,-7.425911],[-72.428713,-7.425994],[-72.428946,-7.426084],[-72.429178,-7.42618],[-72.429406,-7.426282],[-72.429632,-7.42639],[-72.429854,-7.426505],[-72.430073,-7.426626],[-72.430289,-7.426753],[-72.430501,-7.426886],[-72.43071,-7.427024],[-72.430914,-7.427169],[-72.431114,-7.427318],[-72.431311,-7.427474],[-72.431502,-7.427635],[-72.43169,-7.4278],[-72.431872,-7.427972],[-72.43205,-7.428148],[-72.432223,-7.428328],[-72.43239,-7.428514],[-72.432553,-7.428704],[-72.43271,-7.428899],[-72.432862,-7.429098],[-72.433008,-7.429301],[-72.433148,-7.429507],[-72.433148,-7.429507],[-72.433148,-7.429508],[-72.436454,-7.434524],[-72.436532,-7.434649],[-72.436603,-7.434778],[-72.436669,-7.434909],[-72.436728,-7.435044],[-72.43678,-7.435182],[-72.436826,-7.435321],[-72.436865,-7.435463],[-72.436897,-7.435607],[-72.436922,-7.435752],[-72.43694,-7.435898],[-72.436951,-7.436045],[-72.436955,-7.436192],[-72.436951,-7.436339],[-72.436941,-7.436485],[-72.436923,-7.436631],[-72.436898,-7.436776],[-72.436867,-7.43692],[-72.436828,-7.437062],[-72.436782,-7.437202],[-72.43673,-7.43734],[-72.436672,-7.437474],[-72.436606,-7.437606],[-72.436535,-7.437735],[-72.436457,-7.43786],[-72.436373,-7.437981],[-72.436284,-7.438098],[-72.436189,-7.43821],[-72.436088,-7.438318],[-72.435983,-7.438421],[-72.435873,-7.438518],[-72.435758,-7.43861],[-72.435639,-7.438697],[-72.435515,-7.438777],[-72.435388,-7.438852],[-72.435258,-7.43892],[-72.435124,-7.438982],[-72.434988,-7.439038],[-72.434849,-7.439086],[-72.434707,-7.439128],[-72.434564,-7.439163],[-72.43442,-7.439192],[-72.434274,-7.439213],[-72.434127,-7.439227],[-72.43398,-7.439234],[-72.433832,-7.439234],[-72.433685,-7.439226],[-72.433539,-7.439212],[-72.433393,-7.439191],[-72.433248,-7.439162],[-72.433105,-7.439127],[-72.432964,-7.439085],[-72.432825,-7.439036],[-72.432689,-7.43898],[-72.432555,-7.438918],[-72.432425,-7.438849],[-72.432298,-7.438774],[-72.432175,-7.438694],[-72.432056,-7.438607],[-72.431941,-7.438515],[-72.431831,-7.438417],[-72.428475,-7.435291],[-72.428291,-7.435124],[-72.428102,-7.434962],[-72.427909,-7.434805],[-72.427711,-7.434654],[-72.42751,-7.434508],[-72.427304,-7.434368],[-72.427095,-7.434233],[-72.426882,-7.434104],[-72.426666,-7.433981],[-72.426446,-7.433865],[-72.426223,-7.433754],[-72.425997,-7.433649],[-72.425769,-7.433551],[-72.425538,-7.433459],[-72.425304,-7.433373],[-72.425068,-7.433294],[-72.42483,-7.433221],[-72.42459,-7.433155],[-72.424348,-7.433096],[-72.424105,-7.433043],[-72.42386,-7.432997],[-72.423614,-7.432957],[-72.423368,-7.432924],[-72.420348,-7.432567],[-72.420192,-7.432552],[-72.420036,-7.432544],[-72.419879,-7.432544],[-72.419722,-7.43255],[-72.419566,-7.432564],[-72.41941,-7.432584],[-72.419256,-7.432612],[-72.419103,-7.432647],[-72.418951,-7.432689],[-72.418802,-7.432737],[-72.418655,-7.432792],[-72.418511,-7.432854],[-72.41837,-7.432922],[-72.418232,-7.432997],[-72.418098,-7.433078],[-72.417967,-7.433165],[-72.417841,-7.433257],[-72.417718,-7.433356],[-72.417601,-7.43346],[-72.417488,-7.433569],[-72.417381,-7.433683],[-72.417279,-7.433802],[-72.417182,-7.433925],[-72.417091,-7.434053],[-72.417006,-7.434184],[-72.416927,-7.434319],[-72.416854,-7.434458],[-72.416788,-7.4346],[-72.416728,-7.434745],[-72.416675,-7.434892],[-72.416629,-7.435042],[-72.416589,-7.435194],[-72.416557,-7.435347],[-72.416531,-7.435501],[-72.416513,-7.435657],[-72.416502,-7.435813],[-72.416498,-7.43597],[-72.416501,-7.436126],[-72.416511,-7.436283],[-72.416528,-7.436438],[-72.416553,-7.436593],[-72.416584,-7.436746],[-72.416622,-7.436898],[-72.416668,-7.437048],[-72.41672,-7.437196],[-72.416778,-7.437341],[-72.416844,-7.437484],[-72.416915,-7.437623],[-72.416993,-7.437759],[-72.417077,-7.437891],[-72.417168,-7.438019],[-72.417263,-7.438143],[-72.417365,-7.438263],[-72.417471,-7.438378],[-72.417583,-7.438488],[-72.4177,-7.438592],[-72.417821,-7.438691],[-72.417947,-7.438785],[-72.418077,-7.438873],[-72.418211,-7.438955],[-72.418348,-7.43903],[-72.418489,-7.439099],[-72.418633,-7.439162],[-72.42585,-7.442124],[-72.426086,-7.442216],[-72.426324,-7.442303],[-72.426565,-7.442382],[-72.426807,-7.442455],[-72.427052,-7.442521],[-72.427298,-7.44258],[-72.427546,-7.442632],[-72.427796,-7.442678],[-72.428046,-7.442716],[-72.428297,-7.442747],[-72.42855,-7.442771],[-72.428802,-7.442789],[-72.429056,-7.442799],[-72.429309,-7.442802],[-72.433771,-7.442792],[-72.433883,-7.442795],[-72.433993,-7.442806],[-72.434103,-7.442823],[-72.434211,-7.442848],[-72.434318,-7.442879],[-72.434422,-7.442917],[-72.434524,-7.442962],[-72.434622,-7.443013],[-72.434718,-7.44307],[-72.434809,-7.443133],[-72.434896,-7.443202],[-72.434978,-7.443277],[-72.435056,-7.443356],[-72.435128,-7.443441],[-72.435195,-7.443529],[-72.435255,-7.443622],[-72.43531,-7.443719],[-72.435359,-7.443818],[-72.4354,-7.443921],[-72.435436,-7.444026],[-72.435464,-7.444133],[-72.435486,-7.444242],[-72.4355,-7.444352],[-72.435507,-7.444463],[-72.435508,-7.444574],[-72.435501,-7.444685],[-72.435487,-7.444795],[-72.435466,-7.444903],[-72.435438,-7.445011],[-72.435403,-7.445116],[-72.435361,-7.445219],[-72.435313,-7.445319],[-72.435259,-7.445416],[-72.435199,-7.445509],[-72.435132,-7.445598],[-72.432545,-7.44885],[-72.432436,-7.448993],[-72.432332,-7.44914],[-72.432234,-7.449291],[-72.432142,-7.449446],[-72.432056,-7.449604],[-72.431977,-7.449766],[-72.431903,-7.44993],[-72.431837,-7.450097],[-72.431776,-7.450267],[-72.431723,-7.450439],[-72.431676,-7.450612],[-72.431636,-7.450788],[-72.431603,-7.450965],[-72.431576,-7.451142],[-72.431557,-7.451321],[-72.431545,-7.451501],[-72.431539,-7.451681],[-72.431541,-7.451861],[-72.43155,-7.45204],[-72.431565,-7.452219],[-72.431588,-7.452398],[-72.431618,-7.452575],[-72.431654,-7.452752],[-72.431697,-7.452926],[-72.431747,-7.453099],[-72.431804,-7.45327],[-72.431867,-7.453438],[-72.431937,-7.453604],[-72.432013,-7.453767],[-72.432096,-7.453927],[-72.432185,-7.454084],[-72.432279,-7.454237],[-72.43238,-7.454386],[-72.432486,-7.454531],[-72.432598,-7.454672],[-72.432716,-7.454809],[-72.432838,-7.454941],[-72.432966,-7.455068],[-72.433098,-7.45519],[-72.433235,-7.455307],[-72.433377,-7.455418],[-72.433523,-7.455524],[-72.433672,-7.455624],[-72.436599,-7.457498],[-72.436753,-7.457592],[-72.43691,-7.45768],[-72.437071,-7.457763],[-72.437234,-7.457839],[-72.437401,-7.457909],[-72.43757,-7.457973],[-72.437741,-7.45803],[-72.437914,-7.458081],[-72.438089,-7.458125],[-72.438266,-7.458162],[-72.438444,-7.458192],[-72.438623,-7.458216],[-72.438803,-7.458233],[-72.438983,-7.458243],[-72.439163,-7.458246],[-72.439344,-7.458243],[-72.439524,-7.458232],[-72.443207,-7.457947],[-72.443325,-7.457941],[-72.443444,-7.457943],[-72.443562,-7.457951],[-72.44368,-7.457966],[-72.443796,-7.457988],[-72.443911,-7.458017],[-72.444024,-7.458052],[-72.444135,-7.458094],[-72.444243,-7.458143],[-72.444348,-7.458197],[-72.444449,-7.458258],[-72.444547,-7.458325],[-72.444641,-7.458397],[-72.44473,-7.458475],[-72.444815,-7.458557],[-72.444895,-7.458645],[-72.444969,-7.458737],[-72.445038,-7.458833],[-72.445101,-7.458934],[-72.445158,-7.459037],[-72.445209,-7.459144],[-72.445253,-7.459254],[-72.445291,-7.459366],[-72.445322,-7.45948],[-72.445347,-7.459596],[-72.445364,-7.459713],[-72.445375,-7.45983],[-72.445379,-7.459949],[-72.445375,-7.460067],[-72.445365,-7.460185],[-72.445348,-7.460302],[-72.445324,-7.460417],[-72.445293,-7.460532],[-72.445256,-7.460644],[-72.445212,-7.460754],[-72.445162,-7.460861],[-72.445105,-7.460965],[-72.442409,-7.465589],[-72.442356,-7.465686],[-72.44231,-7.465785],[-72.442271,-7.465888],[-72.442238,-7.465992],[-72.442212,-7.466099],[-72.442192,-7.466206],[-72.442179,-7.466315],[-72.442174,-7.466425],[-72.442175,-7.466534],[-72.442183,-7.466644],[-72.442198,-7.466752],[-72.44222,-7.466859],[-72.442249,-7.466965],[-72.442285,-7.467069],[-72.442326,-7.46717],[-72.442375,-7.467269],[-72.442429,-7.467364],[-72.44249,-7.467455],[-72.442556,-7.467543],[-72.442627,-7.467626],[-72.442704,-7.467705],[-72.442785,-7.467778],[-72.442871,-7.467846],[-72.442961,-7.467909],[-72.443055,-7.467966],[-72.443152,-7.468017],[-72.443253,-7.468061],[-72.443356,-7.468099],[-72.443461,-7.468131],[-72.443568,-7.468156],[-72.443676,-7.468174],[-72.443785,-7.468185],[-72.443895,-7.468189],[-72.444005,-7.468186],[-72.444114,-7.468176],[-72.444223,-7.46816],[-72.44433,-7.468136],[-72.444435,-7.468106],[-72.444435,-7.468106],[-72.450323,-7.466222],[-72.450323,-7.466222],[-72.450487,-7.466173],[-72.450653,-7.466131],[-72.450821,-7.466096],[-72.45099,-7.466068],[-72.45116,-7.466047],[-72.451331,-7.466034],[-72.451502,-7.466027],[-72.451673,-7.466028],[-72.451844,-7.466036],[-72.452014,-7.466051],[-72.452184,-7.466073],[-72.452353,-7.466102],[-72.45252,-7.466138],[-72.452686,-7.466182],[-72.452849,-7.466232],[-72.453011,-7.466289],[-72.45317,-7.466352],[-72.453326,-7.466422],[-72.453479,-7.466499],[-72.453628,-7.466582],[-72.453774,-7.466671],[-72.453917,-7.466766],[-72.454055,-7.466867],[-72.454188,-7.466974],[-72.454317,-7.467086],[-72.454442,-7.467204],[-72.454561,-7.467327],[-72.454675,-7.467454],[-72.454783,-7.467586],[-72.454886,-7.467723],[-72.454983,-7.467864],[-72.455074,-7.468008],[-72.455159,-7.468157],[-72.455238,-7.468308],[-72.45531,-7.468463],[-72.455376,-7.468621],[-72.455434,-7.468782],[-72.455487,-7.468944],[-72.455532,-7.469109],[-72.45557,-7.469276],[-72.455601,-7.469444],[-72.455625,-7.469613],[-72.455642,-7.469783],[-72.455652,-7.469954],[-72.455655,-7.470124],[-72.455651,-7.470295],[-72.455639,-7.470466],[-72.45562,-7.470635],[-72.455594,-7.470804],[-72.455561,-7.470972],[-72.455521,-7.471138],[-72.455474,-7.471302],[-72.455421,-7.471465],[-72.45536,-7.471625],[-72.455293,-7.471782],[-72.453578,-7.475569],[-72.453477,-7.475802],[-72.453382,-7.476038],[-72.453294,-7.476277],[-72.453212,-7.476517],[-72.453137,-7.47676],[-72.45307,-7.477005],[-72.453009,-7.477252],[-72.452955,-7.4775],[-72.452908,-7.47775],[-72.452868,-7.478001],[-72.452835,-7.478253],[-72.45281,-7.478506],[-72.452791,-7.47876],[-72.45278,-7.479014],[-72.452776,-7.479268],[-72.452779,-7.479522],[-72.452789,-7.479776],[-72.452807,-7.480029],[-72.452831,-7.480282],[-72.452863,-7.480534],[-72.452902,-7.480786],[-72.452947,-7.481036],[-72.453,-7.481284],[-72.45306,-7.481531],[-72.453127,-7.481777],[-72.4532,-7.48202],[-72.453281,-7.482261],[-72.453368,-7.4825],[-72.453462,-7.482736],[-72.453563,-7.482969],[-72.45367,-7.4832],[-72.453783,-7.483427],[-72.453903,-7.483652],[-72.45403,-7.483872],[-72.454162,-7.484089],[-72.4543,-7.484303],[-72.454445,-7.484512],[-72.454595,-7.484717],[-72.454751,-7.484918],[-72.454913,-7.485115],[-72.45508,-7.485306],[-72.455252,-7.485493],[-72.45543,-7.485676],[-72.455613,-7.485853],[-72.4558,-7.486024],[-72.455993,-7.486191],[-72.45619,-7.486352],[-72.456391,-7.486507],[-72.456597,-7.486657],[-72.456807,-7.486801],[-72.457021,-7.486939],[-72.457238,-7.487071],[-72.45746,-7.487197],[-72.457684,-7.487316],[-72.457912,-7.487429],[-72.458144,-7.487536],[-72.458378,-7.487636],[-72.458614,-7.487729],[-72.458854,-7.487816],[-72.459095,-7.487896],[-72.459339,-7.487969],[-72.459585,-7.488036],[-72.459833,-7.488095],[-72.460082,-7.488147],[-72.460332,-7.488193],[-72.460584,-7.488231],[-72.460837,-7.488262],[-72.46109,-7.488287],[-72.461344,-7.488304],[-72.477327,-7.489148],[-72.477473,-7.489159],[-72.47762,-7.489178],[-72.477765,-7.489203],[-72.477908,-7.489235],[-72.47805,-7.489275],[-72.47819,-7.489321],[-72.478328,-7.489373],[-72.478462,-7.489432],[-72.478594,-7.489498],[-72.478723,-7.48957],[-72.478847,-7.489648],[-72.478968,-7.489732],[-72.479085,-7.489821],[-72.479197,-7.489916],[-72.479305,-7.490017],[-72.479408,-7.490122],[-72.479505,-7.490232],[-72.479597,-7.490347],[-72.479683,-7.490466],[-72.479764,-7.490589],[-72.479838,-7.490716],[-72.479906,-7.490846],[-72.479968,-7.49098],[-72.480023,-7.491116],[-72.480072,-7.491255],[-72.480114,-7.491396],[-72.480149,-7.491538],[-72.480177,-7.491683],[-72.480198,-7.491828],[-72.480212,-7.491974],[-72.480219,-7.492121],[-72.480219,-7.492268],[-72.480212,-7.492415],[-72.480198,-7.492561],[-72.480176,-7.492707],[-72.480148,-7.492851],[-72.480113,-7.492994],[-72.480071,-7.493135],[-72.480022,-7.493273],[-72.479966,-7.493409],[-72.479905,-7.493543],[-72.479836,-7.493673],[-72.479762,-7.4938],[-72.479681,-7.493923],[-72.479595,-7.494042],[-72.479502,-7.494156],[-72.479405,-7.494266],[-72.479302,-7.494372],[-72.479195,-7.494472],[-72.479082,-7.494567],[-72.478965,-7.494656],[-72.478844,-7.49474],[-72.478719,-7.494818],[-72.478591,-7.49489],[-72.478459,-7.494955],[-72.478324,-7.495014],[-72.478186,-7.495066],[-72.478046,-7.495112],[-72.477905,-7.495151],[-72.477761,-7.495183],[-72.477616,-7.495208],[-72.471994,-7.496045],[-72.47182,-7.496075],[-72.471647,-7.496111],[-72.471475,-7.496155],[-72.471306,-7.496205],[-72.471139,-7.496263],[-72.470974,-7.496327],[-72.470812,-7.496398],[-72.470653,-7.496475],[-72.470498,-7.496559],[-72.470346,-7.496649],[-72.470197,-7.496745],[-72.470053,-7.496847],[-72.469913,-7.496955],[-72.469778,-7.497068],[-72.469647,-7.497187],[-72.469521,-7.497311],[-72.469401,-7.49744],[-72.469286,-7.497574],[-72.469176,-7.497712],[-72.469072,-7.497855],[-72.468974,-7.498002],[-72.468882,-7.498152],[-72.468796,-7.498307],[-72.468717,-7.498464],[-72.468644,-7.498625],[-72.468578,-7.498789],[-72.468519,-7.498955],[-72.468466,-7.499123],[-72.46842,-7.499294],[-72.468382,-7.499466],[-72.46835,-7.49964],[-72.468325,-7.499814],[-72.468308,-7.49999],[-72.468298,-7.500166],[-72.468295,-7.500342],[-72.468299,-7.500519],[-72.46831,-7.500695],[-72.468329,-7.50087],[-72.468355,-7.501045],[-72.468542,-7.502161],[-72.468573,-7.502362],[-72.468596,-7.502563],[-72.468613,-7.502766],[-72.468623,-7.502968],[-72.468627,-7.503171],[-72.468623,-7.503374],[-72.468613,-7.503577],[-72.468596,-7.503779],[-72.468572,-7.503981],[-72.468541,-7.504182],[-72.468504,-7.504381],[-72.46846,-7.504579],[-72.46841,-7.504776],[-72.468353,-7.504971],[-72.468289,-7.505163],[-72.46822,-7.505354],[-72.468143,-7.505542],[-72.468061,-7.505728],[-72.467972,-7.50591],[-72.467877,-7.50609],[-72.467777,-7.506266],[-72.46767,-7.506439],[-72.467558,-7.506609],[-72.46744,-7.506774],[-72.467317,-7.506935],[-72.467189,-7.507093],[-72.467055,-7.507246],[-72.462693,-7.512065],[-72.462566,-7.512211],[-72.462444,-7.512362],[-72.462327,-7.512518],[-72.462217,-7.512677],[-72.462112,-7.512841],[-72.462014,-7.513008],[-72.461922,-7.513179],[-72.461837,-7.513354],[-72.461758,-7.513531],[-72.461685,-7.513711],[-72.46162,-7.513894],[-72.461561,-7.514079],[-72.461509,-7.514266],[-72.461465,-7.514455],[-72.461427,-7.514645],[-72.461397,-7.514837],[-72.461373,-7.515029],[-72.461357,-7.515223],[-72.461348,-7.515417],[-72.461346,-7.515611],[-72.461352,-7.515805],[-72.461365,-7.515998],[-72.461385,-7.516191],[-72.461412,-7.516384],[-72.461446,-7.516575],[-72.461488,-7.516764],[-72.461536,-7.516952],[-72.461592,-7.517138],[-72.461654,-7.517322],[-72.461723,-7.517503],[-72.461799,-7.517682],[-72.461882,-7.517858],[-72.461971,-7.51803],[-72.462066,-7.518199],[-72.462168,-7.518365],[-72.462275,-7.518526],[-72.462389,-7.518684],[-72.462508,-7.518837],[-72.462633,-7.518986],[-72.462764,-7.519129],[-72.4629,-7.519268],[-72.463041,-7.519402],[-72.463186,-7.519531],[-72.463337,-7.519653],[-72.463492,-7.519771],[-72.463651,-7.519882],[-72.463814,-7.519988],[-72.463981,-7.520087],[-72.464152,-7.52018],[-72.464326,-7.520266],[-72.464503,-7.520347],[-72.464683,-7.52042],[-72.464866,-7.520487],[-72.465051,-7.520547],[-72.465238,-7.5206],[-72.465427,-7.520646],[-72.465617,-7.520684],[-72.465809,-7.520716],[-72.466002,-7.520741],[-72.466196,-7.520758],[-72.46639,-7.520769],[-72.466584,-7.520772],[-72.466779,-7.520768],[-72.466973,-7.520756],[-72.467166,-7.520738],[-72.467359,-7.520712],[-72.467551,-7.520679],[-72.467741,-7.520639],[-72.46793,-7.520592],[-72.468116,-7.520538],[-72.468301,-7.520477],[-72.468483,-7.52041],[-72.468663,-7.520335],[-72.46884,-7.520254],[-72.46884,-7.520254],[-72.46884,-7.520254],[-72.473644,-7.517941],[-72.473866,-7.517837],[-72.474092,-7.51774],[-72.47432,-7.517649],[-72.474551,-7.517563],[-72.474784,-7.517485],[-72.475018,-7.517412],[-72.475255,-7.517346],[-72.475494,-7.517286],[-72.475734,-7.517233],[-72.475975,-7.517186],[-72.476218,-7.517146],[-72.476461,-7.517113],[-72.476705,-7.517086],[-72.47695,-7.517066],[-72.477196,-7.517052],[-72.477442,-7.517045],[-72.477688,-7.517045],[-72.477933,-7.517051],[-72.478179,-7.517064],[-72.478424,-7.517084],[-72.478668,-7.51711],[-72.482013,-7.517517],[-72.482148,-7.517536],[-72.482282,-7.517563],[-72.482414,-7.517597],[-72.482544,-7.517637],[-72.482672,-7.517684],[-72.482797,-7.517737],[-72.48292,-7.517797],[-72.483039,-7.517863],[-72.483155,-7.517935],[-72.483267,-7.518013],[-72.483375,-7.518096],[-72.483478,-7.518185],[-72.483577,-7.518279],[-72.48367,-7.518378],[-72.483759,-7.518481],[-72.483842,-7.518589],[-72.483919,-7.518701],[-72.483991,-7.518817],[-72.484056,-7.518936],[-72.484116,-7.519059],[-72.484169,-7.519184],[-72.484215,-7.519312],[-72.484255,-7.519442],[-72.484288,-7.519574],[-72.484314,-7.519708],[-72.484333,-7.519843],[-72.484346,-7.519978],[-72.484351,-7.520114],[-72.48435,-7.52025],[-72.484341,-7.520386],[-72.484325,-7.520521],[-72.484303,-7.520655],[-72.484274,-7.520788],[-72.484238,-7.52092],[-72.484195,-7.521049],[-72.484145,-7.521176],[-72.48409,-7.5213],[-72.484027,-7.521421],[-72.483959,-7.521539],[-72.483885,-7.521653],[-72.483805,-7.521763],[-72.483719,-7.521869],[-72.483719,-7.521869],[-72.480806,-7.525295],[-72.48072,-7.525401],[-72.480639,-7.525513],[-72.480565,-7.525628],[-72.480497,-7.525747],[-72.480435,-7.525869],[-72.48038,-7.525995],[-72.480331,-7.526123],[-72.480289,-7.526254],[-72.480255,-7.526386],[-72.480227,-7.526521],[-72.480206,-7.526656],[-72.480193,-7.526792],[-72.480187,-7.526929],[-72.480188,-7.527067],[-72.480196,-7.527203],[-72.480211,-7.52734],[-72.480234,-7.527475],[-72.480263,-7.527609],[-72.4803,-7.527741],[-72.480344,-7.527871],[-72.480394,-7.527998],[-72.480451,-7.528123],[-72.480515,-7.528244],[-72.480585,-7.528362],[-72.480661,-7.528477],[-72.480743,-7.528587],[-72.48083,-7.528692],[-72.480923,-7.528793],[-72.481022,-7.528889],[-72.481125,-7.528979],[-72.481233,-7.529064],[-72.481345,-7.529143],[-72.481461,-7.529217],[-72.481581,-7.529284],[-72.481704,-7.529344],[-72.48183,-7.529398],[-72.481959,-7.529445],[-72.48209,-7.529486],[-72.485738,-7.530506],[-72.485917,-7.53056],[-72.486094,-7.530621],[-72.486269,-7.530688],[-72.486441,-7.530762],[-72.486611,-7.530842],[-72.486777,-7.530929],[-72.486939,-7.531022],[-72.487098,-7.531121],[-72.487253,-7.531226],[-72.487404,-7.531337],[-72.487551,-7.531453],[-72.487693,-7.531575],[-72.48783,-7.531702],[-72.487963,-7.531835],[-72.48809,-7.531972],[-72.488212,-7.532114],[-72.488329,-7.53226],[-72.48844,-7.532411],[-72.488545,-7.532566],[-72.488644,-7.532725],[-72.488737,-7.532887],[-72.488823,-7.533053],[-72.488904,-7.533222],[-72.488978,-7.533393],[-72.489045,-7.533568],[-72.489106,-7.533745],[-72.48916,-7.533924],[-72.489207,-7.534105],[-72.489247,-7.534288],[-72.48928,-7.534472],[-72.489306,-7.534657],[-72.489325,-7.534843],[-72.489337,-7.53503],[-72.489342,-7.535217],[-72.489339,-7.535404],[-72.48933,-7.53559],[-72.489313,-7.535777],[-72.48929,-7.535962],[-72.488792,-7.539361],[-72.488771,-7.539531],[-72.488757,-7.539701],[-72.48875,-7.539873],[-72.48875,-7.540044],[-72.488758,-7.540215],[-72.488772,-7.540386],[-72.488794,-7.540556],[-72.488823,-7.540725],[-72.488859,-7.540892],[-72.488902,-7.541058],[-72.488952,-7.541222],[-72.489008,-7.541384],[-72.489072,-7.541543],[-72.489142,-7.5417],[-72.489218,-7.541853],[-72.489301,-7.542003],[-72.48939,-7.54215],[-72.489486,-7.542292],[-72.489587,-7.542431],[-72.489693,-7.542565],[-72.489806,-7.542695],[-72.489923,-7.542819],[-72.490046,-7.542939],[-72.490174,-7.543054],[-72.490306,-7.543163],[-72.490443,-7.543266],[-72.490584,-7.543364],[-72.49073,-7.543456],[-72.490878,-7.543541],[-72.491031,-7.54362],[-72.491186,-7.543693],[-72.491344,-7.543759],[-72.491505,-7.543819],[-72.491669,-7.543872],[-72.491834,-7.543918],[-72.492001,-7.543957],[-72.49217,-7.543989],[-72.49234,-7.544014],[-72.492511,-7.544031],[-72.492682,-7.544042],[-72.492854,-7.544045],[-72.493026,-7.544042],[-72.493197,-7.544031],[-72.493368,-7.544013],[-72.493538,-7.543988],[-72.493706,-7.543955],[-72.493873,-7.543916],[-72.508959,-7.540041],[-72.508959,-7.540041],[-72.50896,-7.540041],[-72.509163,-7.539992],[-72.509368,-7.539951],[-72.509575,-7.539916],[-72.509782,-7.539889],[-72.509991,-7.539869],[-72.5102,-7.539856],[-72.510409,-7.53985],[-72.510619,-7.539852],[-72.510828,-7.53986],[-72.511037,-7.539876],[-72.511245,-7.539899],[-72.511452,-7.53993],[-72.511658,-7.539967],[-72.511862,-7.540011],[-72.512065,-7.540063],[-72.512266,-7.540121],[-72.512465,-7.540187],[-72.512662,-7.540259],[-72.512856,-7.540338],[-72.513047,-7.540423],[-72.513235,-7.540515],[-72.513419,-7.540614],[-72.5136,-7.540719],[-72.513778,-7.54083],[-72.513951,-7.540947],[-72.514121,-7.54107],[-72.514286,-7.541198],[-72.514446,-7.541333],[-72.514602,-7.541473],[-72.514752,-7.541618],[-72.514898,-7.541768],[-72.515038,-7.541923],[-72.515173,-7.542083],[-72.515302,-7.542247],[-72.515426,-7.542416],[-72.515543,-7.542589],[-72.515655,-7.542766],[-72.51576,-7.542946],[-72.515859,-7.54313],[-72.515952,-7.543318],[-72.516038,-7.543508],[-72.516117,-7.543702],[-72.51619,-7.543898],[-72.516256,-7.544096],[-72.516315,-7.544296],[-72.516367,-7.544499],[-72.516412,-7.544703],[-72.516449,-7.544909],[-72.51648,-7.545115],[-72.516503,-7.545323],[-72.51652,-7.545531],[-72.516529,-7.54574],[-72.516531,-7.545949],[-72.516525,-7.546158],[-72.516513,-7.546366],[-72.516493,-7.546574],[-72.516466,-7.546782],[-72.516432,-7.546988],[-72.51639,-7.547193],[-72.516342,-7.547396],[-72.516287,-7.547597],[-72.516224,-7.547797],[-72.516155,-7.547994],[-72.516079,-7.548189],[-72.515996,-7.548381],[-72.515907,-7.54857],[-72.515811,-7.548756],[-72.515709,-7.548938],[-72.515601,-7.549117],[-72.515486,-7.549292],[-72.512102,-7.554272],[-72.512102,-7.554272],[-72.512102,-7.554272],[-72.512006,-7.554419],[-72.511917,-7.55457],[-72.511833,-7.554725],[-72.511757,-7.554882],[-72.511686,-7.555043],[-72.511623,-7.555206],[-72.511566,-7.555372],[-72.511516,-7.55554],[-72.511472,-7.55571],[-72.511436,-7.555881],[-72.511407,-7.556054],[-72.511385,-7.556228],[-72.51137,-7.556402],[-72.511362,-7.556577],[-72.511362,-7.556753],[-72.511368,-7.556928],[-72.511382,-7.557102],[-72.511403,-7.557276],[-72.511431,-7.557449],[-72.511466,-7.557621],[-72.511508,-7.557791],[-72.511557,-7.55796],[-72.511613,-7.558126],[-72.511676,-7.558289],[-72.511745,-7.55845],[-72.511821,-7.558609],[-72.511903,-7.558763],[-72.511992,-7.558915],[-72.512086,-7.559062],[-72.512187,-7.559206],[-72.512293,-7.559345],[-72.512405,-7.55948],[-72.512523,-7.559611],[-72.512645,-7.559736],[-72.512773,-7.559856],[-72.512906,-7.559971],[-72.513043,-7.560081],[-72.513184,-7.560185],[-72.51333,-7.560283],[-72.513442,-7.560352]],[[-72.520501,-7.559525],[-72.520582,-7.559469],[-72.520715,-7.559368],[-72.520843,-7.559262],[-72.520966,-7.559151],[-72.521084,-7.559034],[-72.521197,-7.558912],[-72.521305,-7.558786],[-72.521407,-7.558655],[-72.521504,-7.55852],[-72.521595,-7.558381],[-72.521679,-7.558238],[-72.521758,-7.558091],[-72.52183,-7.557942],[-72.521895,-7.557789],[-72.521954,-7.557634],[-72.522006,-7.557476],[-72.522051,-7.557316],[-72.52209,-7.557155],[-72.522121,-7.556992],[-72.522146,-7.556828],[-72.522163,-7.556663],[-72.522173,-7.556497],[-72.522176,-7.556331],[-72.522172,-7.556165],[-72.522161,-7.556],[-72.522142,-7.555835],[-72.522117,-7.555671],[-72.522084,-7.555508],[-72.522045,-7.555346],[-72.521998,-7.555187],[-72.521945,-7.55503],[-72.521885,-7.554875],[-72.521819,-7.554723],[-72.521746,-7.554574],[-72.521666,-7.554428],[-72.520576,-7.552522],[-72.520454,-7.552302],[-72.520337,-7.552078],[-72.520226,-7.551852],[-72.520121,-7.551622],[-72.520021,-7.55139],[-72.519928,-7.551156],[-72.519841,-7.550919],[-72.519759,-7.550681],[-72.519684,-7.55044],[-72.519615,-7.550197],[-72.519553,-7.549953],[-72.519496,-7.549707],[-72.519446,-7.54946],[-72.519402,-7.549212],[-72.519009,-7.54681],[-72.519009,-7.54681],[-72.519009,-7.54681],[-72.518974,-7.546574],[-72.518946,-7.546337],[-72.518924,-7.546099],[-72.518909,-7.545861],[-72.518901,-7.545623],[-72.5189,-7.545384],[-72.518905,-7.545146],[-72.518917,-7.544907],[-72.518936,-7.54467],[-72.518962,-7.544432],[-72.518994,-7.544196],[-72.519033,-7.543961],[-72.519079,-7.543726],[-72.519132,-7.543494],[-72.519191,-7.543263],[-72.519257,-7.543033],[-72.519257,-7.543033],[-72.519257,-7.543033],[-72.522926,-7.530862],[-72.522995,-7.530623],[-72.523057,-7.530382],[-72.523112,-7.530139],[-72.523161,-7.529894],[-72.523202,-7.529649],[-72.523237,-7.529402],[-72.523266,-7.529155],[-72.523287,-7.528907],[-72.523301,-7.528658],[-72.523309,-7.52841],[-72.52331,-7.528161],[-72.523303,-7.527912],[-72.52329,-7.527663],[-72.52327,-7.527415],[-72.523244,-7.527167],[-72.52321,-7.526921],[-72.523169,-7.526675],[-72.523122,-7.52643],[-72.523068,-7.526187],[-72.523008,-7.525946],[-72.52294,-7.525706],[-72.522866,-7.525468],[-72.522786,-7.525232],[-72.522699,-7.524999],[-72.522606,-7.524768],[-72.522506,-7.52454],[-72.5224,-7.524314],[-72.520127,-7.519645],[-72.520078,-7.519538],[-72.520036,-7.519428],[-72.520001,-7.519315],[-72.519973,-7.519201],[-72.519951,-7.519085],[-72.519937,-7.518968],[-72.519929,-7.518851],[-72.519929,-7.518733],[-72.519936,-7.518615],[-72.519949,-7.518498],[-72.51997,-7.518382],[-72.519997,-7.518268],[-72.520032,-7.518155],[-72.520073,-7.518044],[-72.520121,-7.517937],[-72.520175,-7.517832],[-72.520235,-7.51773],[-72.520301,-7.517633],[-72.520373,-7.517539],[-72.52045,-7.51745],[-72.520533,-7.517366],[-72.52062,-7.517287],[-72.520712,-7.517213],[-72.520808,-7.517145],[-72.520908,-7.517083],[-72.521012,-7.517026],[-72.521119,-7.516976],[-72.521229,-7.516933],[-72.521341,-7.516896],[-72.521455,-7.516866],[-72.521571,-7.516843],[-72.521688,-7.516826],[-72.521805,-7.516817],[-72.521923,-7.516815],[-72.522041,-7.51682],[-72.522159,-7.516832],[-72.522275,-7.51685],[-72.522391,-7.516876],[-72.522504,-7.516909],[-72.522615,-7.516948],[-72.522724,-7.516994],[-72.52283,-7.517046],[-72.522932,-7.517105],[-72.523031,-7.517169],[-72.526209,-7.519381],[-72.52642,-7.519524],[-72.526636,-7.519661],[-72.526856,-7.519792],[-72.527079,-7.519917],[-72.527306,-7.520035],[-72.527536,-7.520147],[-72.527769,-7.520252],[-72.528005,-7.520351],[-72.528243,-7.520443],[-72.528484,-7.520528],[-72.528728,-7.520607],[-72.528973,-7.520678],[-72.529221,-7.520743],[-72.52947,-7.5208],[-72.529721,-7.520851],[-72.529973,-7.520894],[-72.530226,-7.520931],[-72.53048,-7.52096],[-72.530735,-7.520982],[-72.530991,-7.520996],[-72.534677,-7.521157],[-72.534841,-7.521167],[-72.535005,-7.521185],[-72.535167,-7.52121],[-72.535328,-7.521243],[-72.535488,-7.521282],[-72.535645,-7.521328],[-72.535801,-7.521381],[-72.535954,-7.521441],[-72.536104,-7.521508],[-72.536251,-7.521581],[-72.536395,-7.52166],[-72.536535,-7.521746],[-72.536671,-7.521837],[-72.536803,-7.521935],[-72.536931,-7.522038],[-72.537054,-7.522147],[-72.537172,-7.522261],[-72.537285,-7.522381],[-72.537392,-7.522505],[-72.537494,-7.522633],[-72.537591,-7.522766],[-72.537681,-7.522903],[-72.537765,-7.523044],[-72.537843,-7.523189],[-72.537914,-7.523336],[-72.537979,-7.523487],[-72.538037,-7.523641],[-72.538088,-7.523796],[-72.538133,-7.523954],[-72.53817,-7.524114],[-72.5382,-7.524275],[-72.538223,-7.524438],[-72.538239,-7.524601],[-72.538248,-7.524765],[-72.53825,-7.524929],[-72.538244,-7.525093],[-72.538231,-7.525256],[-72.538211,-7.525419],[-72.538183,-7.525581],[-72.538149,-7.525741],[-72.538108,-7.5259],[-72.538059,-7.526056],[-72.538004,-7.526211],[-72.537942,-7.526363],[-72.537873,-7.526512],[-72.537798,-7.526658],[-72.537717,-7.5268],[-72.537717,-7.5268],[-72.534932,-7.531426],[-72.534932,-7.531426],[-72.534857,-7.531559],[-72.534787,-7.531695],[-72.534724,-7.531835],[-72.534667,-7.531976],[-72.534616,-7.532121],[-72.534573,-7.532267],[-72.534536,-7.532416],[-72.534506,-7.532566],[-72.534483,-7.532717],[-72.534466,-7.532869],[-72.534457,-7.533022],[-72.534455,-7.533174],[-72.53446,-7.533327],[-72.534472,-7.53348],[-72.53449,-7.533631],[-72.534516,-7.533782],[-72.534549,-7.533931],[-72.534588,-7.534079],[-72.534634,-7.534225],[-72.534687,-7.534368],[-72.534747,-7.534509],[-72.534812,-7.534648],[-72.534884,-7.534782],[-72.534962,-7.534914],[-72.535046,-7.535042],[-72.535136,-7.535166],[-72.535232,-7.535285],[-72.535333,-7.5354],[-72.535439,-7.535511],[-72.535549,-7.535616],[-72.535665,-7.535716],[-72.535785,-7.535811],[-72.53591,-7.535901],[-72.536038,-7.535984],[-72.53617,-7.536062],[-72.536305,-7.536133],[-72.536444,-7.536198],[-72.536585,-7.536257],[-72.536729,-7.536309],[-72.536876,-7.536355],[-72.537024,-7.536394],[-72.537174,-7.536426],[-72.537325,-7.536451],[-72.537477,-7.53647],[-72.53763,-7.536481],[-72.537783,-7.536485],[-72.537936,-7.536483],[-72.538089,-7.536473],[-72.538241,-7.536456],[-72.538392,-7.536433],[-72.538543,-7.536402],[-72.538691,-7.536365],[-72.538838,-7.536321],[-72.538982,-7.536271],[-72.539125,-7.536213],[-72.539264,-7.53615],[-72.5394,-7.53608],[-72.542562,-7.534364],[-72.542689,-7.534299],[-72.542819,-7.534241],[-72.542951,-7.534189],[-72.543086,-7.534144],[-72.543224,-7.534106],[-72.543363,-7.534075],[-72.543503,-7.534051],[-72.543644,-7.534034],[-72.543787,-7.534024],[-72.543929,-7.534022],[-72.544071,-7.534026],[-72.544213,-7.534038],[-72.544354,-7.534056],[-72.544494,-7.534082],[-72.544633,-7.534115],[-72.54477,-7.534155],[-72.544904,-7.534202],[-72.545036,-7.534255],[-72.545166,-7.534315],[-72.545292,-7.534381],[-72.545414,-7.534454],[-72.545533,-7.534532],[-72.545647,-7.534617],[-72.545757,-7.534707],[-72.545863,-7.534802],[-72.545963,-7.534903],[-72.546058,-7.535009],[-72.546148,-7.535119],[-72.546232,-7.535234],[-72.54631,-7.535353],[-72.546382,-7.535475],[-72.546448,-7.535601],[-72.546508,-7.535731],[-72.54656,-7.535863],[-72.546606,-7.535997],[-72.546646,-7.536134],[-72.547042,-7.537664],[-72.54708,-7.537796],[-72.547124,-7.537925],[-72.547175,-7.538053],[-72.547231,-7.538178],[-72.547294,-7.538299],[-72.547363,-7.538418],[-72.547438,-7.538533],[-72.547518,-7.538644],[-72.547604,-7.538751],[-72.547695,-7.538854],[-72.547791,-7.538952],[-72.547891,-7.539045],[-72.547996,-7.539133],[-72.548106,-7.539216],[-72.548219,-7.539293],[-72.548336,-7.539365],[-72.548457,-7.53943],[-72.54858,-7.53949],[-72.548706,-7.539544],[-72.548835,-7.539591],[-72.548966,-7.539632],[-72.549099,-7.539666],[-72.549234,-7.539694],[-72.549369,-7.539715],[-72.549506,-7.539729],[-72.549643,-7.539736],[-72.54978,-7.539737],[-72.549917,-7.539731],[-72.550054,-7.539718],[-72.55019,-7.539699],[-72.558148,-7.538353],[-72.558148,-7.538353],[-72.558148,-7.538353],[-72.5584,-7.538314],[-72.558653,-7.538282],[-72.558907,-7.538257],[-72.559161,-7.538239],[-72.559416,-7.538229],[-72.559671,-7.538226],[-72.559926,-7.53823],[-72.560181,-7.538241],[-72.560435,-7.538259],[-72.560689,-7.538284],[-72.560942,-7.538317],[-72.561194,-7.538356],[-72.561445,-7.538403],[-72.561694,-7.538457],[-72.561942,-7.538517],[-72.562187,-7.538585],[-72.570981,-7.541138],[-72.571113,-7.54118],[-72.571243,-7.541228],[-72.57137,-7.541282],[-72.571495,-7.541342],[-72.571617,-7.541408],[-72.571735,-7.54148],[-72.57185,-7.541557],[-72.571961,-7.54164],[-72.572067,-7.541728],[-72.57217,-7.541821],[-72.572268,-7.541918],[-72.572361,-7.54202],[-72.574717,-7.544735],[-72.574717,-7.544735],[-72.574717,-7.544735],[-72.574868,-7.544904],[-72.575023,-7.54507],[-72.575182,-7.545231],[-72.575345,-7.545389],[-72.575512,-7.545542],[-72.575683,-7.545691],[-72.575857,-7.545836],[-72.576036,-7.545977],[-72.581568,-7.550228],[-72.581725,-7.550353],[-72.581876,-7.550483],[-72.582023,-7.550618],[-72.582165,-7.550759],[-72.582302,-7.550905],[-72.582434,-7.551055],[-72.58256,-7.55121],[-72.58268,-7.55137],[-72.582795,-7.551534],[-72.582903,-7.551701],[-72.583006,-7.551873],[-72.583102,-7.552048],[-72.583174,-7.55219]],[[-72.000002,-7.203182],[-71.999805,-7.203165],[-71.999573,-7.203138],[-71.999342,-7.203105],[-71.999112,-7.203066],[-71.98891,-7.20116],[-71.98868,-7.201114],[-71.988451,-7.201061],[-71.988224,-7.201001],[-71.987999,-7.200935],[-71.987775,-7.200862],[-71.987554,-7.200783],[-71.987336,-7.200698],[-71.98712,-7.200607],[-71.986906,-7.200509],[-71.986696,-7.200405],[-71.986488,-7.200295],[-71.986284,-7.200179],[-71.986083,-7.200058],[-71.9814,-7.197127],[-71.981204,-7.197007],[-71.981004,-7.196894],[-71.980801,-7.196786],[-71.980595,-7.196684],[-71.980386,-7.196587],[-71.980175,-7.196497],[-71.979961,-7.196413],[-71.979745,-7.196334],[-71.979526,-7.196262],[-71.979306,-7.196196],[-71.979084,-7.196136],[-71.97886,-7.196083],[-71.978635,-7.196036],[-71.978409,-7.195995],[-71.978182,-7.195961],[-71.977954,-7.195933],[-71.977725,-7.195911],[-71.977495,-7.195896],[-71.97351,-7.195691],[-71.97327,-7.195675],[-71.97303,-7.195652],[-71.972791,-7.195622],[-71.972553,-7.195585],[-71.972316,-7.195541],[-71.972081,-7.19549],[-71.971847,-7.195432],[-71.971616,-7.195367],[-71.971386,-7.195295],[-71.971158,-7.195217],[-71.970933,-7.195132],[-71.968338,-7.194107],[-71.968221,-7.194064],[-71.968101,-7.194028],[-71.967979,-7.193999],[-71.967856,-7.193976],[-71.967732,-7.193961],[-71.967607,-7.193952],[-71.967482,-7.193951],[-71.967357,-7.193957],[-71.967233,-7.193969],[-71.967109,-7.193989],[-71.966987,-7.194016],[-71.966866,-7.194049],[-71.966748,-7.194089],[-71.966632,-7.194136],[-71.966518,-7.194189],[-71.966408,-7.194248],[-71.966302,-7.194314],[-71.966199,-7.194385],[-71.966101,-7.194462],[-71.966007,-7.194545],[-71.965917,-7.194632],[-71.965833,-7.194725],[-71.965754,-7.194822],[-71.965681,-7.194923],[-71.965614,-7.195029],[-71.965553,-7.195137],[-71.965497,-7.19525],[-71.965449,-7.195365],[-71.965407,-7.195482],[-71.965371,-7.195602],[-71.965342,-7.195724],[-71.965321,-7.195847],[-71.965306,-7.195971],[-71.965298,-7.196096],[-71.965297,-7.196221],[-71.965304,-7.196345],[-71.965317,-7.19647],[-71.965337,-7.196593],[-71.965364,-7.196715],[-71.965398,-7.196835],[-71.965439,-7.196953],[-71.965486,-7.197069],[-71.96554,-7.197182],[-71.9656,-7.197291],[-71.969293,-7.203605],[-71.969367,-7.203739],[-71.969435,-7.203876],[-71.969496,-7.204017],[-71.969551,-7.20416],[-71.969599,-7.204306],[-71.96964,-7.204454],[-71.969674,-7.204603],[-71.969701,-7.204754],[-71.969721,-7.204906],[-71.969734,-7.205059],[-71.96974,-7.205212],[-71.969738,-7.205366],[-71.969729,-7.205519],[-71.969713,-7.205671],[-71.96969,-7.205823],[-71.96966,-7.205973],[-71.969623,-7.206122],[-71.969579,-7.206269],[-71.969528,-7.206413],[-71.96947,-7.206556],[-71.969405,-7.206695],[-71.969335,-7.206831],[-71.969257,-7.206963],[-71.969174,-7.207092],[-71.969085,-7.207217],[-71.96899,-7.207338],[-71.96889,-7.207454],[-71.968784,-7.207565],[-71.968673,-7.207671],[-71.968557,-7.207771],[-71.968437,-7.207867],[-71.968312,-7.207956],[-71.968183,-7.20804],[-71.96805,-7.208117],[-71.967914,-7.208188],[-71.967775,-7.208253],[-71.967633,-7.208311],[-71.967488,-7.208362],[-71.967341,-7.208407],[-71.967193,-7.208444],[-71.967042,-7.208475],[-71.96689,-7.208498],[-71.965163,-7.208725],[-71.964975,-7.208746],[-71.964785,-7.208761],[-71.964595,-7.208769],[-71.964405,-7.20877],[-71.964215,-7.208765],[-71.964025,-7.208753],[-71.963836,-7.208735],[-71.963648,-7.20871],[-71.96346,-7.208678],[-71.963274,-7.20864],[-71.963089,-7.208596],[-71.962906,-7.208545],[-71.962725,-7.208487],[-71.962546,-7.208424],[-71.962369,-7.208354],[-71.962195,-7.208278],[-71.962024,-7.208195],[-71.961856,-7.208107],[-71.956759,-7.205327],[-71.956657,-7.205276],[-71.956552,-7.205231],[-71.956445,-7.205193],[-71.956335,-7.205161],[-71.956224,-7.205137],[-71.956111,-7.205119],[-71.955997,-7.205109],[-71.955883,-7.205106],[-71.955769,-7.20511],[-71.955656,-7.205121],[-71.955543,-7.205139],[-71.955432,-7.205165],[-71.955322,-7.205197],[-71.955215,-7.205236],[-71.955111,-7.205282],[-71.955009,-7.205334],[-71.954911,-7.205393],[-71.954817,-7.205457],[-71.954727,-7.205528],[-71.954642,-7.205603],[-71.954562,-7.205684],[-71.954107,-7.206174],[-71.953996,-7.206299],[-71.953889,-7.206429],[-71.953789,-7.206563],[-71.953694,-7.206702],[-71.953605,-7.206844],[-71.953522,-7.20699],[-71.953445,-7.207139],[-71.953375,-7.207291],[-71.953311,-7.207446],[-71.953254,-7.207604],[-71.953203,-7.207764],[-71.95316,-7.207926],[-71.953123,-7.208089],[-71.953093,-7.208254],[-71.95307,-7.20842],[-71.953054,-7.208587],[-71.953045,-7.208755],[-71.953043,-7.208922],[-71.953048,-7.20909],[-71.95306,-7.209257],[-71.95308,-7.209424],[-71.953106,-7.209589],[-71.953139,-7.209754],[-71.953179,-7.209916],[-71.953226,-7.210077],[-71.95328,-7.210236],[-71.95334,-7.210393],[-71.953407,-7.210547],[-71.953481,-7.210697],[-71.95356,-7.210845],[-71.953646,-7.210989],[-71.953738,-7.21113],[-71.953836,-7.211266],[-71.953939,-7.211398],[-71.954048,-7.211526],[-71.954162,-7.211649],[-71.95841,-7.216042],[-71.958519,-7.21616],[-71.958623,-7.216284],[-71.958722,-7.216411],[-71.958814,-7.216543],[-71.958901,-7.216679],[-71.958981,-7.216818],[-71.959056,-7.216961],[-71.959123,-7.217107],[-71.959185,-7.217256],[-71.959239,-7.217408],[-71.959287,-7.217562],[-71.959327,-7.217717],[-71.959361,-7.217875],[-71.959388,-7.218034],[-71.959408,-7.218194],[-71.95942,-7.218354],[-71.959425,-7.218515],[-71.959423,-7.218676],[-71.959414,-7.218837],[-71.959398,-7.218997],[-71.959375,-7.219156],[-71.959344,-7.219314],[-71.959307,-7.219471],[-71.959262,-7.219626],[-71.95899,-7.220498],[-71.958944,-7.220636],[-71.958893,-7.220772],[-71.958835,-7.220905],[-71.958773,-7.221037],[-71.958704,-7.221165],[-71.958631,-7.221291],[-71.958553,-7.221414],[-71.958469,-7.221533],[-71.958381,-7.221648],[-71.958288,-7.22176],[-71.958191,-7.221869],[-71.957338,-7.222776],[-71.957249,-7.222867],[-71.957154,-7.222952],[-71.957056,-7.223033],[-71.956953,-7.223108],[-71.956846,-7.223177],[-71.956736,-7.223241],[-71.956622,-7.223299],[-71.956506,-7.223351],[-71.956387,-7.223396],[-71.956265,-7.223435],[-71.956142,-7.223467],[-71.956017,-7.223493],[-71.955891,-7.223513],[-71.955765,-7.223525],[-71.953171,-7.223712],[-71.952967,-7.223723],[-71.952763,-7.223728],[-71.952559,-7.223726],[-71.952355,-7.223718],[-71.952151,-7.223703],[-71.951948,-7.223681],[-71.951746,-7.223653],[-71.951544,-7.223618],[-71.951344,-7.223577],[-71.951145,-7.22353],[-71.950948,-7.223476],[-71.950753,-7.223416],[-71.95056,-7.22335],[-71.948669,-7.222665],[-71.948463,-7.222587],[-71.948259,-7.222502],[-71.948059,-7.222411],[-71.947862,-7.222313],[-71.947668,-7.222209],[-71.947477,-7.222098],[-71.94729,-7.221981],[-71.947107,-7.221859],[-71.946928,-7.22173],[-71.946754,-7.221596],[-71.946584,-7.221456],[-71.946418,-7.221311],[-71.946258,-7.22116],[-71.946102,-7.221005],[-71.945951,-7.220844],[-71.945806,-7.220678],[-71.945666,-7.220508],[-71.945532,-7.220334],[-71.945404,-7.220155],[-71.945281,-7.219972],[-71.945164,-7.219785],[-71.945054,-7.219595],[-71.944524,-7.218646],[-71.944419,-7.218452],[-71.944321,-7.218255],[-71.944228,-7.218055],[-71.944142,-7.217852],[-71.944061,-7.217647],[-71.943987,-7.21744],[-71.943919,-7.21723],[-71.943858,-7.217019],[-71.943802,-7.216805],[-71.943754,-7.216591],[-71.943711,-7.216374],[-71.943676,-7.216157],[-71.943647,-7.215939],[-71.943624,-7.21572],[-71.943608,-7.2155],[-71.943599,-7.21528],[-71.943596,-7.21506],[-71.9436,-7.214839],[-71.943611,-7.214619],[-71.943628,-7.2144],[-71.943652,-7.214181],[-71.944039,-7.211064],[-71.944053,-7.210926],[-71.94406,-7.210788],[-71.944061,-7.210649],[-71.944054,-7.210511],[-71.944042,-7.210373],[-71.944022,-7.210236],[-71.943996,-7.210099],[-71.943964,-7.209965],[-71.943925,-7.209832],[-71.94388,-7.209701],[-71.943828,-7.209572],[-71.943771,-7.209446],[-71.943707,-7.209323],[-71.943638,-7.209203],[-71.943563,-7.209086],[-71.943482,-7.208973],[-71.943396,-7.208864],[-71.943305,-7.20876],[-71.943209,-7.20866],[-71.943108,-7.208564],[-71.940312,-7.206038],[-71.940152,-7.205889],[-71.939996,-7.205737],[-71.939844,-7.20558],[-71.935907,-7.201401],[-71.935793,-7.201284],[-71.935673,-7.201173],[-71.935549,-7.201066],[-71.93542,-7.200966],[-71.935288,-7.20087],[-71.935151,-7.200781],[-71.93501,-7.200697],[-71.934867,-7.20062],[-71.934719,-7.200549],[-71.934569,-7.200484],[-71.934417,-7.200426],[-71.934262,-7.200374],[-71.934105,-7.200329],[-71.933946,-7.200291],[-71.933785,-7.200259],[-71.933624,-7.200235],[-71.933461,-7.200217],[-71.933298,-7.200206],[-71.933135,-7.200203],[-71.932971,-7.200206],[-71.932808,-7.200217],[-71.932646,-7.200234],[-71.932484,-7.200258],[-71.932324,-7.200289],[-71.932165,-7.200328],[-71.932007,-7.200372],[-71.931852,-7.200424],[-71.9317,-7.200482],[-71.931549,-7.200547],[-71.931402,-7.200618],[-71.931258,-7.200695],[-71.931118,-7.200778],[-71.930981,-7.200867],[-71.930848,-7.200962],[-71.930719,-7.201063],[-71.930595,-7.201169],[-71.930475,-7.20128],[-71.930361,-7.201397],[-71.930251,-7.201518],[-71.929839,-7.201993],[-71.929708,-7.202149],[-71.929583,-7.202309],[-71.929463,-7.202473],[-71.929348,-7.202641],[-71.929239,-7.202812],[-71.929136,-7.202987],[-71.929038,-7.203166],[-71.928946,-7.203347],[-71.928861,-7.203532],[-71.928781,-7.203719],[-71.928708,-7.203908],[-71.92864,-7.2041],[-71.92858,-7.204294],[-71.928525,-7.20449],[-71.928477,-7.204687],[-71.928436,-7.204886],[-71.928401,-7.205087],[-71.928373,-7.205288],[-71.927822,-7.209738],[-71.927801,-7.209879],[-71.927773,-7.210018],[-71.927739,-7.210156],[-71.927697,-7.210292],[-71.92765,-7.210426],[-71.927595,-7.210558],[-71.927535,-7.210686],[-71.927468,-7.210812],[-71.927395,-7.210934],[-71.927316,-7.211052],[-71.927232,-7.211167],[-71.927142,-7.211277],[-71.927047,-7.211383],[-71.926946,-7.211484],[-71.926841,-7.211579],[-71.926732,-7.21167],[-71.926618,-7.211755],[-71.9265,-7.211835],[-71.926378,-7.211909],[-71.926253,-7.211977],[-71.926125,-7.212038],[-71.925994,-7.212093],[-71.92586,-7.212142],[-71.925724,-7.212184],[-71.925586,-7.21222],[-71.925447,-7.212249],[-71.925306,-7.212271],[-71.925165,-7.212286],[-71.925023,-7.212294],[-71.92488,-7.212295],[-71.924738,-7.21229],[-71.924596,-7.212277],[-71.924455,-7.212258],[-71.924315,-7.212231],[-71.924177,-7.212198],[-71.92404,-7.212159],[-71.922472,-7.21166],[-71.922263,-7.21159],[-71.922056,-7.211514],[-71.921852,-7.211432],[-71.92165,-7.211344],[-71.921451,-7.211249],[-71.921255,-7.211149],[-71.921062,-7.211043],[-71.920872,-7.210931],[-71.920686,-7.210813],[-71.920503,-7.21069],[-71.920325,-7.210562],[-71.92015,-7.210428],[-71.919979,-7.210289],[-71.919812,-7.210145],[-71.91965,-7.209996],[-71.919493,-7.209842],[-71.91934,-7.209683],[-71.915474,-7.205552],[-71.915397,-7.205465],[-71.915327,-7.205373],[-71.915262,-7.205278],[-71.915203,-7.205178],[-71.915151,-7.205075],[-71.915105,-7.204969],[-71.915066,-7.204861],[-71.915033,-7.20475],[-71.915008,-7.204637],[-71.91499,-7.204523],[-71.914979,-7.204408],[-71.914975,-7.204292],[-71.914979,-7.204177],[-71.914989,-7.204062],[-71.915007,-7.203948],[-71.915032,-7.203835],[-71.915064,-7.203724],[-71.915103,-7.203615],[-71.915149,-7.203509],[-71.915201,-7.203406],[-71.915259,-7.203306],[-71.915324,-7.203211],[-71.915395,-7.203119],[-71.915471,-7.203032],[-71.915552,-7.20295],[-71.915638,-7.202873],[-71.915729,-7.202802],[-71.915825,-7.202736],[-71.915924,-7.202677],[-71.916026,-7.202624],[-71.916132,-7.202577],[-71.916241,-7.202537],[-71.916352,-7.202504],[-71.916464,-7.202478],[-71.916578,-7.202459],[-71.916693,-7.202447],[-71.919643,-7.202237],[-71.919819,-7.202227],[-71.919996,-7.202221],[-71.920173,-7.202219],[-71.920349,-7.202221],[-71.923611,-7.202303],[-71.92379,-7.202304],[-71.923969,-7.202299],[-71.924147,-7.202287],[-71.924324,-7.202269],[-71.924501,-7.202245],[-71.924677,-7.202214],[-71.924852,-7.202176],[-71.925025,-7.202133],[-71.925196,-7.202083],[-71.925366,-7.202027],[-71.925533,-7.201965],[-71.925698,-7.201896],[-71.92586,-7.201822],[-71.92602,-7.201742],[-71.926176,-7.201656],[-71.92633,-7.201565],[-71.92648,-7.201468],[-71.926626,-7.201366],[-71.928128,-7.200275],[-71.928314,-7.200136],[-71.928496,-7.199991],[-71.928674,-7.199841],[-71.928848,-7.199687],[-71.929017,-7.199527],[-71.929182,-7.199363],[-71.929341,-7.199193],[-71.929496,-7.19902],[-71.929646,-7.198842],[-71.92979,-7.19866],[-71.92993,-7.198474],[-71.930064,-7.198284],[-71.930192,-7.19809],[-71.930315,-7.197893],[-71.930432,-7.197692],[-71.930544,-7.197488],[-71.930649,-7.19728],[-71.930749,-7.19707],[-71.930842,-7.196857],[-71.930929,-7.196642],[-71.931599,-7.194919],[-71.931651,-7.194775],[-71.931697,-7.19463],[-71.931736,-7.194482],[-71.931768,-7.194333],[-71.931793,-7.194182],[-71.931811,-7.194031],[-71.931823,-7.193879],[-71.931828,-7.193726],[-71.931825,-7.193573],[-71.931816,-7.193421],[-71.9318,-7.193269],[-71.931777,-7.193118],[-71.931747,-7.192969],[-71.931711,-7.192821],[-71.931668,-7.192674],[-71.931618,-7.19253],[-71.931561,-7.192388],[-71.931499,-7.192249],[-71.93143,-7.192113],[-71.931355,-7.19198],[-71.931274,-7.19185],[-71.931187,-7.191725],[-71.931094,-7.191603],[-71.930997,-7.191486],[-71.930893,-7.191373],[-71.930785,-7.191265],[-71.930673,-7.191162],[-71.930555,-7.191064],[-71.930433,-7.190972],[-71.930308,-7.190885],[-71.930178,-7.190804],[-71.930045,-7.190729],[-71.929909,-7.190661],[-71.929769,-7.190598],[-71.929627,-7.190542],[-71.929483,-7.190492],[-71.926552,-7.189556],[-71.922184,-7.189986],[-71.921943,-7.190007],[-71.921702,-7.190019],[-71.921461,-7.190025],[-71.921219,-7.190024],[-71.920978,-7.190015],[-71.920737,-7.19],[-71.920496,-7.189977],[-71.920257,-7.189947],[-71.920018,-7.18991],[-71.91978,-7.189866],[-71.919544,-7.189815],[-71.91931,-7.189757],[-71.919077,-7.189692],[-71.918847,-7.18962],[-71.918618,-7.189542],[-71.918392,-7.189456],[-71.918169,-7.189364],[-71.917949,-7.189266],[-71.917731,-7.189161],[-71.917517,-7.189049],[-71.917306,-7.188932],[-71.917099,-7.188808],[-71.911643,-7.185433],[-71.9115,-7.185349],[-71.911354,-7.185271],[-71.911205,-7.1852],[-71.911054,-7.185134],[-71.910899,-7.185075],[-71.910742,-7.185022],[-71.910583,-7.184976],[-71.910422,-7.184937],[-71.91026,-7.184905],[-71.910097,-7.184879],[-71.909932,-7.18486],[-71.909767,-7.184848],[-71.909602,-7.184843],[-71.909437,-7.184845],[-71.909271,-7.184854],[-71.909107,-7.18487],[-71.908943,-7.184892],[-71.90878,-7.184922],[-71.908618,-7.184958],[-71.908459,-7.185001],[-71.908301,-7.185051],[-71.908145,-7.185107],[-71.907992,-7.185169],[-71.907842,-7.185238],[-71.907694,-7.185314],[-71.90755,-7.185395],[-71.90741,-7.185482],[-71.907273,-7.185575],[-71.907141,-7.185674],[-71.907012,-7.185778],[-71.906888,-7.185888],[-71.906769,-7.186002],[-71.906655,-7.186122],[-71.906545,-7.186246],[-71.906442,-7.186375],[-71.906343,-7.186507],[-71.90625,-7.186644],[-71.906163,-7.186785],[-71.906082,-7.186929],[-71.906008,-7.187076],[-71.905939,-7.187227],[-71.905877,-7.18738],[-71.905821,-7.187535],[-71.905772,-7.187693],[-71.905729,-7.187853],[-71.905694,-7.188014],[-71.905267,-7.190152],[-71.905222,-7.19036],[-71.90517,-7.190566],[-71.905112,-7.19077],[-71.905046,-7.190973],[-71.904975,-7.191173],[-71.904896,-7.191371],[-71.904811,-7.191566],[-71.90472,-7.191759],[-71.904623,-7.191948],[-71.90452,-7.192134],[-71.90441,-7.192316],[-71.904295,-7.192495],[-71.904173,-7.19267],[-71.904047,-7.192841],[-71.903914,-7.193008],[-71.903776,-7.19317],[-71.903633,-7.193328],[-71.903485,-7.193481],[-71.903332,-7.193629],[-71.903175,-7.193772],[-71.903012,-7.19391],[-71.902846,-7.194042],[-71.902675,-7.194169],[-71.902499,-7.19429],[-71.902321,-7.194406],[-71.902138,-7.194515],[-71.901952,-7.194619],[-71.901762,-7.194716],[-71.895421,-7.197848],[-71.895268,-7.19792],[-71.895112,-7.197984],[-71.894954,-7.198043],[-71.894793,-7.198094],[-71.89463,-7.198138],[-71.894466,-7.198176],[-71.8943,-7.198206],[-71.894133,-7.19823],[-71.893965,-7.198246],[-71.893796,-7.198255],[-71.893628,-7.198257],[-71.893459,-7.198251],[-71.893291,-7.198239],[-71.893123,-7.198219],[-71.892956,-7.198192],[-71.892791,-7.198158],[-71.892628,-7.198117],[-71.892466,-7.198069],[-71.892306,-7.198015],[-71.892149,-7.197953],[-71.891995,-7.197885],[-71.891843,-7.19781],[-71.891696,-7.197729],[-71.891551,-7.197642],[-71.891411,-7.197549],[-71.891274,-7.19745],[-71.891142,-7.197345],[-71.891015,-7.197234],[-71.890892,-7.197118],[-71.890775,-7.196997],[-71.890663,-7.196871],[-71.890556,-7.196741],[-71.890455,-7.196606],[-71.89036,-7.196467],[-71.890271,-7.196324],[-71.890188,-7.196177],[-71.890111,-7.196027],[-71.890041,-7.195874],[-71.889977,-7.195717],[-71.889921,-7.195559],[-71.889871,-7.195398],[-71.889828,-7.195235],[-71.889792,-7.19507],[-71.889763,-7.194904],[-71.889741,-7.194737],[-71.889726,-7.194569],[-71.889719,-7.194401],[-71.889719,-7.194232],[-71.889726,-7.194064],[-71.88974,-7.193896],[-71.889761,-7.193729],[-71.889789,-7.193563],[-71.889825,-7.193398],[-71.889868,-7.193235],[-71.889917,-7.193074],[-71.889973,-7.192915],[-71.890036,-7.192759],[-71.893257,-7.18524],[-71.89333,-7.185061],[-71.893396,-7.184879],[-71.893456,-7.184695],[-71.893509,-7.184509],[-71.893555,-7.184321],[-71.893594,-7.184131],[-71.893626,-7.183941],[-71.893652,-7.183749],[-71.89367,-7.183556],[-71.893682,-7.183363],[-71.893686,-7.18317],[-71.893683,-7.182976],[-71.893673,-7.182783],[-71.893657,-7.18259],[-71.893633,-7.182398],[-71.893602,-7.182207],[-71.893564,-7.182018],[-71.89352,-7.181829],[-71.893468,-7.181643],[-71.89341,-7.181458],[-71.893345,-7.181276],[-71.893274,-7.181096],[-71.893196,-7.180919],[-71.893111,-7.180745],[-71.893021,-7.180574],[-71.892924,-7.180407],[-71.892821,-7.180243],[-71.892712,-7.180083],[-71.892598,-7.179927],[-71.892478,-7.179775],[-71.892352,-7.179628],[-71.892221,-7.179485],[-71.892085,-7.179347],[-71.891944,-7.179214],[-71.891799,-7.179087],[-71.891649,-7.178965],[-71.891494,-7.178848],[-71.891335,-7.178737],[-71.891173,-7.178632],[-71.891007,-7.178533],[-71.890837,-7.17844],[-71.890664,-7.178353],[-71.890488,-7.178272],[-71.890309,-7.178198],[-71.890127,-7.178131],[-71.889943,-7.17807],[-71.889757,-7.178016],[-71.889569,-7.177969],[-71.88938,-7.177928],[-71.889189,-7.177894],[-71.888997,-7.177868],[-71.888805,-7.177848],[-71.888611,-7.177836],[-71.888418,-7.17783],[-71.888224,-7.177831],[-71.888031,-7.17784],[-71.887838,-7.177855],[-71.887645,-7.177878],[-71.887454,-7.177907],[-71.887263,-7.177944],[-71.887075,-7.177987],[-71.886888,-7.178037],[-71.886702,-7.178094],[-71.88652,-7.178158],[-71.880998,-7.18019],[-71.880774,-7.180268],[-71.880549,-7.18034],[-71.880321,-7.180406],[-71.880092,-7.180465],[-71.879861,-7.180517],[-71.879629,-7.180562],[-71.879396,-7.180601],[-71.879161,-7.180632],[-71.878926,-7.180657],[-71.87869,-7.180676],[-71.878453,-7.180687],[-71.878217,-7.180691],[-71.87798,-7.180689],[-71.877743,-7.180679],[-71.877507,-7.180663],[-71.877272,-7.18064],[-71.877037,-7.18061],[-71.876803,-7.180574],[-71.876571,-7.18053],[-71.876339,-7.18048],[-71.87611,-7.180423],[-71.875882,-7.18036],[-71.875656,-7.18029],[-71.875432,-7.180213],[-71.87521,-7.18013],[-71.87093,-7.178453],[-71.870709,-7.17837],[-71.870486,-7.178294],[-71.87026,-7.178224],[-71.870033,-7.178161],[-71.869804,-7.178104],[-71.869574,-7.178054],[-71.869342,-7.17801],[-71.869109,-7.177973],[-71.868875,-7.177943],[-71.86864,-7.17792],[-71.868405,-7.177904],[-71.868169,-7.177894],[-71.867934,-7.177892],[-71.867698,-7.177896],[-71.867462,-7.177907],[-71.867227,-7.177924],[-71.866992,-7.177949],[-71.866759,-7.17798],[-71.866526,-7.178018],[-71.866294,-7.178063],[-71.866064,-7.178114],[-71.865835,-7.178172],[-71.865609,-7.178237],[-71.865384,-7.178308],[-71.859555,-7.180247],[-71.859325,-7.18032],[-71.859093,-7.180386],[-71.858859,-7.180445],[-71.858623,-7.180497],[-71.858386,-7.180542],[-71.858147,-7.18058],[-71.857908,-7.180611],[-71.857668,-7.180635],[-71.857427,-7.180652],[-71.857186,-7.180661],[-71.856944,-7.180664],[-71.856703,-7.180659],[-71.856462,-7.180647],[-71.856221,-7.180628],[-71.855981,-7.180602],[-71.855742,-7.180569],[-71.855504,-7.180529],[-71.855267,-7.180481],[-71.855032,-7.180427],[-71.854798,-7.180366],[-71.854567,-7.180298],[-71.854337,-7.180223],[-71.85411,-7.180141],[-71.853885,-7.180053],[-71.853664,-7.179958],[-71.851225,-7.17887],[-71.851011,-7.178779],[-71.850795,-7.178693],[-71.850576,-7.178614],[-71.850355,-7.178541],[-71.850133,-7.178474],[-71.849908,-7.178414],[-71.849682,-7.17836],[-71.849454,-7.178312],[-71.849225,-7.178271],[-71.848995,-7.178237],[-71.848764,-7.178209],[-71.848532,-7.178188],[-71.8483,-7.178173],[-71.848068,-7.178166],[-71.847835,-7.178164],[-71.844628,-7.178192],[-71.844477,-7.17819],[-71.844327,-7.17818],[-71.844178,-7.178164],[-71.844029,-7.17814],[-71.843882,-7.178109],[-71.843736,-7.178072],[-71.843592,-7.178027],[-71.843451,-7.177976],[-71.843312,-7.177917],[-71.843176,-7.177853],[-71.843044,-7.177782],[-71.842915,-7.177705],[-71.842789,-7.177621],[-71.842668,-7.177532],[-71.842551,-7.177437],[-71.842439,-7.177337],[-71.842332,-7.177232],[-71.84223,-7.177121],[-71.842133,-7.177006],[-71.842042,-7.176886],[-71.841957,-7.176762],[-71.841878,-7.176635],[-71.841805,-7.176503],[-71.841738,-7.176368],[-71.841678,-7.176231],[-71.841625,-7.17609],[-71.841578,-7.175947],[-71.841538,-7.175802],[-71.841505,-7.175656],[-71.841479,-7.175508],[-71.841461,-7.175359],[-71.841449,-7.175209],[-71.841444,-7.175058],[-71.841447,-7.174908],[-71.841644,-7.170205],[-71.841646,-7.170061],[-71.841642,-7.169918],[-71.84163,-7.169775],[-71.841611,-7.169633],[-71.841586,-7.169491],[-71.841553,-7.169352],[-71.841514,-7.169214],[-71.841467,-7.169078],[-71.841415,-7.168944],[-71.841355,-7.168813],[-71.841289,-7.168686],[-71.841217,-7.168562],[-71.84114,-7.168441],[-71.841056,-7.168324],[-71.840966,-7.168212],[-71.840871,-7.168104],[-71.840771,-7.168001],[-71.840666,-7.167903],[-71.840556,-7.167811],[-71.840442,-7.167723],[-71.840324,-7.167642],[-71.840202,-7.167566],[-71.840076,-7.167497],[-71.839947,-7.167434],[-71.839815,-7.167377],[-71.83968,-7.167327],[-71.839543,-7.167283],[-71.839405,-7.167246],[-71.839264,-7.167217],[-71.839122,-7.167194],[-71.838979,-7.167178],[-71.838836,-7.167169],[-71.838692,-7.167167],[-71.838549,-7.167172],[-71.838405,-7.167184],[-71.838263,-7.167204],[-71.838122,-7.16723],[-71.837982,-7.167263],[-71.837844,-7.167303],[-71.837708,-7.16735],[-71.837575,-7.167403],[-71.837444,-7.167463],[-71.837316,-7.167529],[-71.837192,-7.167602],[-71.837072,-7.16768],[-71.836955,-7.167764],[-71.836843,-7.167854],[-71.836736,-7.167949],[-71.836633,-7.16805],[-71.836536,-7.168155],[-71.836443,-7.168265],[-71.836356,-7.168379],[-71.836275,-7.168498],[-71.835142,-7.170246],[-71.835026,-7.170431],[-71.834917,-7.17062],[-71.834814,-7.170812],[-71.834717,-7.171007],[-71.834627,-7.171205],[-71.834543,-7.171407],[-71.834466,-7.171611],[-71.834396,-7.171817],[-71.834333,-7.172026],[-71.834277,-7.172236],[-71.834227,-7.172449],[-71.834185,-7.172663],[-71.83415,-7.172878],[-71.834122,-7.173094],[-71.834101,-7.173311],[-71.834087,-7.173528],[-71.83408,-7.173746],[-71.834081,-7.173964],[-71.834089,-7.174182],[-71.834104,-7.174399],[-71.834126,-7.174616],[-71.834156,-7.174832],[-71.834192,-7.175047],[-71.834236,-7.175261],[-71.834286,-7.175473],[-71.834344,-7.175683],[-71.834408,-7.175891],[-71.83448,-7.176097],[-71.834558,-7.176301],[-71.834643,-7.176502],[-71.834734,-7.1767],[-71.834832,-7.176894],[-71.834936,-7.177086],[-71.835047,-7.177274],[-71.835163,-7.177458],[-71.835286,-7.177638],[-71.835415,-7.177814],[-71.835549,-7.177986],[-71.835689,-7.178153],[-71.836456,-7.179039],[-71.836613,-7.179216],[-71.836776,-7.179388],[-71.836943,-7.179556],[-71.837116,-7.179718],[-71.837293,-7.179875],[-71.837474,-7.180028],[-71.83766,-7.180174],[-71.83785,-7.180316],[-71.838045,-7.180451],[-71.838243,-7.180581],[-71.838444,-7.180706],[-71.83865,-7.180824],[-71.838858,-7.180936],[-71.83907,-7.181042],[-71.839285,-7.181142],[-71.842212,-7.182453],[-71.842328,-7.182509],[-71.84244,-7.182571],[-71.842549,-7.18264],[-71.842654,-7.182714],[-71.842755,-7.182794],[-71.842851,-7.18288],[-71.842942,-7.18297],[-71.843027,-7.183066],[-71.843108,-7.183167],[-71.843182,-7.183271],[-71.843251,-7.18338],[-71.843313,-7.183492],[-71.843369,-7.183608],[-71.843419,-7.183727],[-71.843461,-7.183848],[-71.843497,-7.183971],[-71.843526,-7.184096],[-71.843548,-7.184223],[-71.843563,-7.184351],[-71.843571,-7.184479],[-71.843571,-7.184607],[-71.843564,-7.184736],[-71.84355,-7.184863],[-71.843529,-7.18499],[-71.843501,-7.185116],[-71.843466,-7.185239],[-71.843424,-7.185361],[-71.843375,-7.18548],[-71.84332,-7.185596],[-71.843258,-7.185708],[-71.84319,-7.185817],[-71.843117,-7.185923],[-71.843037,-7.186024],[-71.842952,-7.18612],[-71.842861,-7.186211],[-71.842766,-7.186297],[-71.842666,-7.186378],[-71.842561,-7.186453],[-71.842453,-7.186522],[-71.842341,-7.186585],[-71.842225,-7.186642],[-71.842107,-7.186692],[-71.841986,-7.186735],[-71.841862,-7.186772],[-71.841737,-7.186801],[-71.838814,-7.187406],[-71.838576,-7.187451],[-71.838337,-7.18749],[-71.838097,-7.187521],[-71.837857,-7.187545],[-71.837615,-7.187562],[-71.837374,-7.187572],[-71.837132,-7.187575],[-71.83689,-7.18757],[-71.836648,-7.187558],[-71.836407,-7.18754],[-71.836166,-7.187514],[-71.835926,-7.18748],[-71.835688,-7.18744],[-71.835451,-7.187393],[-71.835215,-7.187339],[-71.834981,-7.187277],[-71.834749,-7.187209],[-71.834519,-7.187134],[-71.834291,-7.187052],[-71.834066,-7.186964],[-71.833844,-7.186868],[-71.831917,-7.186009],[-71.831775,-7.185942],[-71.831635,-7.185869],[-71.8315,-7.18579],[-71.831368,-7.185705],[-71.831239,-7.185614],[-71.831115,-7.185518],[-71.830995,-7.185416],[-71.830879,-7.18531],[-71.830769,-7.185198],[-71.830663,-7.185082],[-71.830562,-7.184962],[-71.830467,-7.184837],[-71.830377,-7.184708],[-71.830293,-7.184575],[-71.830215,-7.184439],[-71.830143,-7.1843],[-71.830076,-7.184157],[-71.830017,-7.184012],[-71.828232,-7.179401],[-71.828164,-7.179234],[-71.82809,-7.17907],[-71.828009,-7.178909],[-71.827922,-7.178751],[-71.827829,-7.178597],[-71.82773,-7.178446],[-71.827625,-7.178299],[-71.827515,-7.178157],[-71.8274,-7.178018],[-71.827279,-7.177885],[-71.827153,-7.177755],[-71.827022,-7.177631],[-71.826887,-7.177512],[-71.826747,-7.177398],[-71.826603,-7.17729],[-71.826455,-7.177187],[-71.826303,-7.17709],[-71.826147,-7.176999],[-71.825988,-7.176914],[-71.825826,-7.176835],[-71.825661,-7.176763],[-71.825493,-7.176696],[-71.825323,-7.176637],[-71.825151,-7.176583],[-71.824976,-7.176537],[-71.8248,-7.176497],[-71.824623,-7.176464],[-71.824445,-7.176438],[-71.824265,-7.176418],[-71.824085,-7.176406],[-71.823905,-7.1764],[-71.823725,-7.176402],[-71.823544,-7.17641],[-71.818562,-7.176734],[-71.818437,-7.176739],[-71.818312,-7.176736],[-71.818187,-7.176727],[-71.818063,-7.17671],[-71.81794,-7.176686],[-71.817819,-7.176656],[-71.817699,-7.176619],[-71.817582,-7.176575],[-71.817468,-7.176524],[-71.817356,-7.176467],[-71.817248,-7.176404],[-71.817144,-7.176335],[-71.817044,-7.17626],[-71.816948,-7.17618],[-71.816857,-7.176094],[-71.816771,-7.176003],[-71.81669,-7.175908],[-71.816614,-7.175808],[-71.816545,-7.175704],[-71.816481,-7.175597],[-71.816424,-7.175485],[-71.816373,-7.175371],[-71.816329,-7.175254],[-71.816291,-7.175135],[-71.81626,-7.175014],[-71.816236,-7.174891],[-71.816219,-7.174768],[-71.816209,-7.174643],[-71.816206,-7.174518],[-71.81621,-7.174393],[-71.816221,-7.174268],[-71.816239,-7.174145],[-71.816265,-7.174022],[-71.816297,-7.173902],[-71.816336,-7.173783],[-71.816381,-7.173666],[-71.816433,-7.173553],[-71.816492,-7.173442],[-71.816556,-7.173335],[-71.816627,-7.173232],[-71.816703,-7.173133],[-71.816785,-7.173038],[-71.816872,-7.172948],[-71.816964,-7.172863],[-71.817061,-7.172784],[-71.817162,-7.17271],[-71.817267,-7.172642],[-71.817375,-7.17258],[-71.817487,-7.172524],[-71.819041,-7.171804],[-71.819233,-7.171718],[-71.819428,-7.171638],[-71.819625,-7.171564],[-71.819824,-7.171495],[-71.820025,-7.171431],[-71.820228,-7.171374],[-71.820432,-7.171322],[-71.820638,-7.171277],[-71.820845,-7.171237],[-71.825367,-7.170436],[-71.825496,-7.170409],[-71.825623,-7.170376],[-71.825748,-7.170336],[-71.82587,-7.17029],[-71.825991,-7.170237],[-71.826108,-7.170178],[-71.826221,-7.170113],[-71.826332,-7.170042],[-71.826438,-7.169965],[-71.82654,-7.169882],[-71.826637,-7.169794],[-71.82673,-7.169701],[-71.826817,-7.169604],[-71.826899,-7.169502],[-71.826976,-7.169395],[-71.827047,-7.169285],[-71.827112,-7.169171],[-71.827171,-7.169054],[-71.827223,-7.168934],[-71.827269,-7.168811],[-71.827308,-7.168686],[-71.827341,-7.168559],[-71.827367,-7.168431],[-71.827386,-7.168301],[-71.827398,-7.168171],[-71.827403,-7.16804],[-71.827401,-7.167909],[-71.827392,-7.167778],[-71.827376,-7.167648],[-71.827354,-7.167519],[-71.827324,-7.167391],[-71.827288,-7.167265],[-71.827245,-7.167141],[-71.827195,-7.16702],[-71.82714,-7.166901],[-71.827077,-7.166786],[-71.827009,-7.166674],[-71.826935,-7.166566],[-71.826856,-7.166462],[-71.82677,-7.166362],[-71.82668,-7.166267],[-71.826585,-7.166177],[-71.826485,-7.166092],[-71.826381,-7.166012],[-71.826272,-7.165938],[-71.82616,-7.16587],[-71.826045,-7.165808],[-71.825926,-7.165753],[-71.825804,-7.165703],[-71.82461,-7.165255],[-71.824375,-7.16517],[-71.824138,-7.165092],[-71.823898,-7.165021],[-71.823657,-7.164956],[-71.823414,-7.164898],[-71.82317,-7.164846],[-71.822924,-7.164802],[-71.822677,-7.164764],[-71.822429,-7.164733],[-71.822181,-7.164708],[-71.821931,-7.164691],[-71.821682,-7.164681],[-71.821432,-7.164677],[-71.821182,-7.16468],[-71.820933,-7.16469],[-71.820683,-7.164707],[-71.820435,-7.164731],[-71.820187,-7.164762],[-71.81994,-7.1648],[-71.819694,-7.164844],[-71.81945,-7.164895],[-71.819207,-7.164953],[-71.818965,-7.165018],[-71.818726,-7.165089],[-71.818488,-7.165167],[-71.818253,-7.165251],[-71.818021,-7.165342],[-71.817791,-7.165439],[-71.817563,-7.165542],[-71.817339,-7.165652],[-71.817118,-7.165768],[-71.8169,-7.16589],[-71.816685,-7.166017],[-71.811456,-7.169232],[-71.811302,-7.169322],[-71.811145,-7.169406],[-71.810984,-7.169484],[-71.81082,-7.169555],[-71.810654,-7.16962],[-71.810486,-7.169677],[-71.810315,-7.169728],[-71.810142,-7.169773],[-71.809967,-7.16981],[-71.809791,-7.16984],[-71.809615,-7.169863],[-71.809437,-7.169879],[-71.809259,-7.169887],[-71.80908,-7.169889],[-71.808902,-7.169883],[-71.808724,-7.16987],[-71.808547,-7.16985],[-71.808371,-7.169823],[-71.808196,-7.169789],[-71.808022,-7.169748],[-71.80785,-7.1697],[-71.807681,-7.169645],[-71.807513,-7.169584],[-71.807348,-7.169515],[-71.807187,-7.16944],[-71.807028,-7.169359],[-71.806873,-7.169271],[-71.806721,-7.169178],[-71.806573,-7.169078],[-71.80643,-7.168972],[-71.80629,-7.168861],[-71.806156,-7.168744],[-71.806026,-7.168622],[-71.805901,-7.168494],[-71.805782,-7.168362],[-71.804864,-7.167305],[-71.804727,-7.167142],[-71.804594,-7.166974],[-71.804468,-7.166801],[-71.804347,-7.166625],[-71.804233,-7.166444],[-71.804124,-7.16626],[-71.804021,-7.166073],[-71.803925,-7.165882],[-71.803835,-7.165689],[-71.803751,-7.165492],[-71.803674,-7.165293],[-71.803603,-7.165091],[-71.80354,-7.164887],[-71.803483,-7.164681],[-71.803432,-7.164473],[-71.803389,-7.164264],[-71.803352,-7.164054],[-71.803323,-7.163842],[-71.8033,-7.16363],[-71.803285,-7.163417],[-71.803276,-7.163203],[-71.803275,-7.162989],[-71.803281,-7.162776],[-71.803293,-7.162563],[-71.803313,-7.16235],[-71.803339,-7.162138],[-71.803373,-7.161927],[-71.803414,-7.161717],[-71.803461,-7.161509],[-71.803515,-7.161302],[-71.803576,-7.161097],[-71.803644,-7.160895],[-71.803719,-7.160694],[-71.8038,-7.160497],[-71.803887,-7.160302],[-71.803981,-7.16011],[-71.804081,-7.159921],[-71.804187,-7.159735],[-71.8043,-7.159554],[-71.804418,-7.159375],[-71.804542,-7.159201],[-71.804672,-7.159032],[-71.804807,-7.158866],[-71.804948,-7.158705],[-71.805093,-7.158549],[-71.805244,-7.158397],[-71.8054,-7.158251],[-71.805561,-7.15811],[-71.805726,-7.157974],[-71.805895,-7.157844],[-71.806069,-7.157719],[-71.806247,-7.1576],[-71.811306,-7.154336],[-71.811446,-7.154241],[-71.811583,-7.15414],[-71.811715,-7.154034],[-71.811842,-7.153923],[-71.811965,-7.153806],[-71.812082,-7.153685],[-71.812195,-7.153558],[-71.812302,-7.153427],[-71.812404,-7.153292],[-71.8125,-7.153153],[-71.81259,-7.153009],[-71.812674,-7.152863],[-71.812752,-7.152712],[-71.812824,-7.152559],[-71.812889,-7.152403],[-71.812948,-7.152244],[-71.812999,-7.152083],[-71.813045,-7.15192],[-71.813083,-7.151755],[-71.813115,-7.151589],[-71.813139,-7.151422],[-71.813157,-7.151253],[-71.813167,-7.151084],[-71.813171,-7.150915],[-71.813167,-7.150746],[-71.813157,-7.150577],[-71.813139,-7.150409],[-71.813115,-7.150242],[-71.813083,-7.150075],[-71.813045,-7.149911],[-71.813,-7.149747],[-71.812948,-7.149586],[-71.812889,-7.149428],[-71.812824,-7.149271],[-71.812753,-7.149118],[-71.812675,-7.148968],[-71.812591,-7.148821],[-71.812501,-7.148678],[-71.812405,-7.148538],[-71.812303,-7.148403],[-71.812196,-7.148272],[-71.812084,-7.148145],[-71.811966,-7.148024],[-71.811843,-7.147907],[-71.811716,-7.147796],[-71.811584,-7.14769],[-71.811448,-7.147589],[-71.811307,-7.147494],[-71.811163,-7.147405],[-71.811015,-7.147322],[-71.810864,-7.147246],[-71.81071,-7.147176],[-71.810554,-7.147112],[-71.810394,-7.147054],[-71.810233,-7.147004],[-71.810069,-7.14696],[-71.809904,-7.146923],[-71.809737,-7.146893],[-71.809569,-7.146869],[-71.808764,-7.146775],[-71.808517,-7.146749],[-71.80827,-7.14673],[-71.808022,-7.146718],[-71.807773,-7.146713],[-71.807525,-7.146715],[-71.807277,-7.146723],[-71.807029,-7.146738],[-71.806782,-7.14676],[-71.806535,-7.146789],[-71.806289,-7.146825],[-71.806045,-7.146867],[-71.805801,-7.146916],[-71.805559,-7.146972],[-71.805319,-7.147034],[-71.80508,-7.147103],[-71.804844,-7.147178],[-71.804609,-7.14726],[-71.804377,-7.147348],[-71.804148,-7.147442],[-71.803921,-7.147543],[-71.803697,-7.14765],[-71.803476,-7.147763],[-71.803258,-7.147882],[-71.803043,-7.148007],[-71.802832,-7.148138],[-71.802625,-7.148274],[-71.795631,-7.153019],[-71.795522,-7.153089],[-71.795409,-7.153154],[-71.795293,-7.153212],[-71.795174,-7.153265],[-71.795053,-7.153311],[-71.794929,-7.153351],[-71.794803,-7.153385],[-71.794676,-7.153412],[-71.794548,-7.153432],[-71.794418,-7.153446],[-71.794289,-7.153453],[-71.794159,-7.153454],[-71.794029,-7.153447],[-71.793899,-7.153434],[-71.793771,-7.153415],[-71.793643,-7.153389],[-71.793518,-7.153356],[-71.793394,-7.153317],[-71.793272,-7.153271],[-71.793152,-7.15322],[-71.793036,-7.153162],[-71.792923,-7.153098],[-71.792813,-7.153029],[-71.792706,-7.152954],[-71.792396,-7.152723],[-71.792248,-7.152608],[-71.792105,-7.152489],[-71.791967,-7.152364],[-71.791833,-7.152234],[-71.791704,-7.152099],[-71.79158,-7.15196],[-71.791461,-7.151816],[-71.791348,-7.151667],[-71.79124,-7.151515],[-71.791139,-7.151358],[-71.791043,-7.151199],[-71.790953,-7.151035],[-71.790869,-7.150868],[-71.790791,-7.150699],[-71.79072,-7.150526],[-71.790655,-7.150352],[-71.790597,-7.150174],[-71.790546,-7.149995],[-71.790501,-7.149814],[-71.790463,-7.149632],[-71.790431,-7.149448],[-71.790407,-7.149263],[-71.790389,-7.149077],[-71.790379,-7.148891],[-71.790375,-7.148705],[-71.790378,-7.148518],[-71.790388,-7.148332],[-71.790405,-7.148146],[-71.790429,-7.147961],[-71.79046,-7.147777],[-71.790498,-7.147595],[-71.79131,-7.143995],[-71.791338,-7.143855],[-71.791359,-7.143713],[-71.791372,-7.143571],[-71.791379,-7.143429],[-71.791379,-7.143286],[-71.791371,-7.143143],[-71.791357,-7.143001],[-71.791335,-7.14286],[-71.791306,-7.14272],[-71.791271,-7.142582],[-71.791228,-7.142445],[-71.791179,-7.142311],[-71.791124,-7.14218],[-71.791061,-7.142051],[-71.790993,-7.141926],[-71.790918,-7.141804],[-71.790837,-7.141686],[-71.790751,-7.141572],[-71.790659,-7.141463],[-71.790561,-7.141358],[-71.790459,-7.141259],[-71.790351,-7.141164],[-71.79024,-7.141076],[-71.790123,-7.140992],[-71.790003,-7.140915],[-71.789879,-7.140844],[-71.789752,-7.140778],[-71.789622,-7.14072],[-71.789489,-7.140668],[-71.789353,-7.140622],[-71.789215,-7.140584],[-71.786132,-7.1398],[-71.785976,-7.139757],[-71.785823,-7.139708],[-71.785673,-7.139651],[-71.785524,-7.139589],[-71.785379,-7.13952],[-71.785237,-7.139444],[-71.785098,-7.139363],[-71.784963,-7.139276],[-71.784831,-7.139183],[-71.784704,-7.139084],[-71.784581,-7.13898],[-71.784463,-7.138871],[-71.78435,-7.138757],[-71.784242,-7.138637],[-71.784139,-7.138514],[-71.784041,-7.138386],[-71.78395,-7.138254],[-71.783863,-7.138118],[-71.783783,-7.137979],[-71.783709,-7.137836],[-71.783642,-7.13769],[-71.78358,-7.137541],[-71.783525,-7.13739],[-71.783477,-7.137237],[-71.783436,-7.137081],[-71.783401,-7.136924],[-71.783373,-7.136766],[-71.783352,-7.136607],[-71.783338,-7.136447],[-71.782789,-7.12819],[-71.782768,-7.127938],[-71.782741,-7.127686],[-71.782706,-7.127435],[-71.782665,-7.127185],[-71.782616,-7.126937],[-71.782561,-7.12669],[-71.782499,-7.126445],[-71.78243,-7.126201],[-71.782354,-7.12596],[-71.782271,-7.12572],[-71.782182,-7.125483],[-71.782086,-7.125249],[-71.781983,-7.125018],[-71.781874,-7.124789],[-71.781759,-7.124564],[-71.781637,-7.124342],[-71.781509,-7.124123],[-71.781375,-7.123908],[-71.781236,-7.123697],[-71.78109,-7.12349],[-71.780938,-7.123287],[-71.780781,-7.123088],[-71.780619,-7.122894],[-71.780451,-7.122705],[-71.780277,-7.12252],[-71.780099,-7.12234],[-71.779916,-7.122165],[-71.779728,-7.121996],[-71.779535,-7.121832],[-71.779337,-7.121673],[-71.779136,-7.12152],[-71.77893,-7.121372],[-71.77872,-7.121231],[-71.778506,-7.121095],[-71.778288,-7.120965],[-71.778067,-7.120842],[-71.777842,-7.120724],[-71.777615,-7.120613],[-71.777384,-7.120509],[-71.77715,-7.120411],[-71.776914,-7.120319],[-71.776675,-7.120234],[-71.776434,-7.120156],[-71.776191,-7.120085],[-71.775946,-7.12002],[-71.775699,-7.119963],[-71.775451,-7.119912],[-71.772123,-7.11928],[-71.771904,-7.119235],[-71.771687,-7.119184],[-71.771472,-7.119126],[-71.771259,-7.119061],[-71.771047,-7.11899],[-71.770838,-7.118913],[-71.770632,-7.118829],[-71.770428,-7.118739],[-71.770227,-7.118643],[-71.770028,-7.11854],[-71.769834,-7.118432],[-71.769642,-7.118318],[-71.769454,-7.118198],[-71.76927,-7.118073],[-71.76909,-7.117942],[-71.768913,-7.117805],[-71.768741,-7.117663],[-71.768574,-7.117516],[-71.768411,-7.117364],[-71.768252,-7.117208],[-71.768099,-7.117046],[-71.766135,-7.114915],[-71.765987,-7.114758],[-71.765833,-7.114606],[-71.765676,-7.114458],[-71.765514,-7.114315],[-71.765348,-7.114177],[-71.765178,-7.114044],[-71.765004,-7.113916],[-71.764826,-7.113793],[-71.764645,-7.113676],[-71.764461,-7.113563],[-71.764273,-7.113457],[-71.764082,-7.113355],[-71.763888,-7.11326],[-71.763692,-7.11317],[-71.756002,-7.109794],[-71.755841,-7.109719],[-71.755682,-7.109638],[-71.755527,-7.10955],[-71.755376,-7.109457],[-71.755228,-7.109357],[-71.755085,-7.109252],[-71.754946,-7.109141],[-71.754811,-7.109024],[-71.754682,-7.108902],[-71.754557,-7.108775],[-71.754438,-7.108644],[-71.754323,-7.108507],[-71.754215,-7.108366],[-71.754112,-7.108221],[-71.754015,-7.108072],[-71.753924,-7.107919],[-71.75384,-7.107763],[-71.753761,-7.107603],[-71.753689,-7.10744],[-71.753624,-7.107275],[-71.753565,-7.107107],[-71.753514,-7.106937],[-71.753469,-7.106765],[-71.753431,-7.106591],[-71.7534,-7.106416],[-71.753376,-7.10624],[-71.753359,-7.106063],[-71.753349,-7.105885],[-71.753346,-7.105707],[-71.753351,-7.105529],[-71.753362,-7.105352],[-71.753381,-7.105175],[-71.753407,-7.104999],[-71.75344,-7.104824],[-71.753479,-7.104651],[-71.753526,-7.10448],[-71.75358,-7.10431],[-71.75364,-7.104143],[-71.753707,-7.103978],[-71.75378,-7.103816],[-71.75386,-7.103657],[-71.753947,-7.103501],[-71.754039,-7.103349],[-71.754137,-7.103201],[-71.754242,-7.103057],[-71.754352,-7.102917],[-71.754467,-7.102782],[-71.756507,-7.100488],[-71.756672,-7.100296],[-71.756833,-7.100099],[-71.756988,-7.099898],[-71.757137,-7.099693],[-71.75728,-7.099484],[-71.757417,-7.099271],[-71.757549,-7.099054],[-71.757674,-7.098833],[-71.757793,-7.098609],[-71.757905,-7.098382],[-71.758011,-7.098151],[-71.758111,-7.097918],[-71.758204,-7.097682],[-71.758291,-7.097444],[-71.75837,-7.097203],[-71.758443,-7.09696],[-71.758509,-7.096716],[-71.758568,-7.096469],[-71.75862,-7.096221],[-71.758665,-7.095971],[-71.758704,-7.095721],[-71.758735,-7.095469],[-71.759677,-7.086846],[-71.759692,-7.086678],[-71.759699,-7.086511],[-71.7597,-7.086343],[-71.759693,-7.086175],[-71.759679,-7.086008],[-71.759658,-7.085841],[-71.75963,-7.085676],[-71.759595,-7.085512],[-71.759553,-7.085349],[-71.759504,-7.085188],[-71.759449,-7.08503],[-71.759386,-7.084874],[-71.759317,-7.084721],[-71.759242,-7.084571],[-71.75916,-7.084424],[-71.759072,-7.084281],[-71.758979,-7.084142],[-71.758879,-7.084007],[-71.758773,-7.083876],[-71.758663,-7.08375],[-71.758547,-7.083628],[-71.758425,-7.083512],[-71.758299,-7.083401],[-71.758169,-7.083295],[-71.758034,-7.083195],[-71.757895,-7.083101],[-71.757752,-7.083013],[-71.757605,-7.082931],[-71.757455,-7.082855],[-71.757302,-7.082786],[-71.757146,-7.082723],[-71.756988,-7.082667],[-71.756827,-7.082618],[-71.756665,-7.082575],[-71.7565,-7.08254],[-71.756335,-7.082512],[-71.756168,-7.08249],[-71.756001,-7.082476],[-71.755833,-7.082469],[-71.755665,-7.082468],[-71.755497,-7.082476],[-71.755329,-7.08249],[-71.755163,-7.082511],[-71.754997,-7.082539],[-71.754833,-7.082575],[-71.75467,-7.082617],[-71.754509,-7.082666],[-71.754351,-7.082722],[-71.754195,-7.082785],[-71.754042,-7.082854],[-71.753892,-7.082929],[-71.753745,-7.083011],[-71.753602,-7.083099],[-71.753463,-7.083193],[-71.753328,-7.083293],[-71.753197,-7.083399],[-71.741289,-7.093437],[-71.741161,-7.09355],[-71.741038,-7.093667],[-71.740921,-7.09379],[-71.740808,-7.093917],[-71.740701,-7.09405],[-71.7406,-7.094186],[-71.740505,-7.094327],[-71.740415,-7.094471],[-71.740332,-7.09462],[-71.740255,-7.094771],[-71.740185,-7.094926],[-71.740121,-7.095083],[-71.740064,-7.095243],[-71.740013,-7.095406],[-71.73997,-7.09557],[-71.739934,-7.095736],[-71.739904,-7.095903],[-71.739882,-7.096072],[-71.739867,-7.096241],[-71.739859,-7.096411],[-71.739858,-7.096581],[-71.739864,-7.09675],[-71.739878,-7.09692],[-71.739899,-7.097088],[-71.739926,-7.097256],[-71.739961,-7.097422],[-71.740003,-7.097587],[-71.740052,-7.09775],[-71.740107,-7.09791],[-71.74017,-7.098069],[-71.740238,-7.098224],[-71.740314,-7.098376],[-71.740396,-7.098525],[-71.740484,-7.098671],[-71.740578,-7.098812],[-71.740678,-7.09895],[-71.740783,-7.099083],[-71.740895,-7.099211],[-71.741011,-7.099335],[-71.741133,-7.099454],[-71.741259,-7.099567],[-71.741391,-7.099676],[-71.741526,-7.099778],[-71.741666,-7.099875],[-71.74181,-7.099965],[-71.741958,-7.10005],[-71.742109,-7.100128],[-71.742263,-7.1002],[-71.74242,-7.100265],[-71.747092,-7.102092],[-71.747228,-7.102148],[-71.74736,-7.102212],[-71.747489,-7.102281],[-71.747615,-7.102357],[-71.747737,-7.102439],[-71.747855,-7.102527],[-71.747968,-7.10262],[-71.748077,-7.102718],[-71.748181,-7.102822],[-71.748279,-7.102931],[-71.748373,-7.103044],[-71.74846,-7.103162],[-71.748542,-7.103284],[-71.748618,-7.10341],[-71.748687,-7.103539],[-71.74875,-7.103671],[-71.748807,-7.103807],[-71.748857,-7.103945],[-71.7489,-7.104085],[-71.748937,-7.104227],[-71.748966,-7.104371],[-71.748989,-7.104516],[-71.749004,-7.104662],[-71.749012,-7.104808],[-71.749013,-7.104955],[-71.749007,-7.105101],[-71.748994,-7.105248],[-71.748974,-7.105393],[-71.748946,-7.105537],[-71.748912,-7.10568],[-71.748871,-7.10582],[-71.748823,-7.105959],[-71.748768,-7.106095],[-71.748707,-7.106229],[-71.748639,-7.106359],[-71.748566,-7.106486],[-71.748486,-7.106609],[-71.7484,-7.106728],[-71.748308,-7.106843],[-71.748211,-7.106953],[-71.748109,-7.107058],[-71.748002,-7.107158],[-71.74789,-7.107253],[-71.747773,-7.107343],[-71.747653,-7.107426],[-71.747528,-7.107504],[-71.7474,-7.107575],[-71.747268,-7.107641],[-71.747134,-7.107699],[-71.746996,-7.107751],[-71.746857,-7.107797],[-71.746715,-7.107835],[-71.746571,-7.107867],[-71.74531,-7.108114],[-71.745088,-7.108154],[-71.744865,-7.108187],[-71.744641,-7.108213],[-71.744416,-7.108232],[-71.744191,-7.108245],[-71.743966,-7.10825],[-71.74374,-7.108249],[-71.743515,-7.10824],[-71.74329,-7.108225],[-71.743065,-7.108202],[-71.739064,-7.107743],[-71.738822,-7.107712],[-71.738581,-7.107674],[-71.738341,-7.10763],[-71.738102,-7.10758],[-71.737864,-7.107523],[-71.737629,-7.107459],[-71.737395,-7.10739],[-71.737163,-7.107314],[-71.736933,-7.107231],[-71.736706,-7.107143],[-71.736481,-7.107049],[-71.736258,-7.106948],[-71.736039,-7.106842],[-71.735822,-7.106729],[-71.735608,-7.106611],[-71.735398,-7.106487],[-71.735191,-7.106358],[-71.733204,-7.105076],[-71.733055,-7.104977],[-71.732912,-7.104871],[-71.732772,-7.10476],[-71.732637,-7.104643],[-71.732506,-7.104521],[-71.732381,-7.104395],[-71.732261,-7.104263],[-71.732146,-7.104126],[-71.732036,-7.103985],[-71.731932,-7.10384],[-71.731835,-7.103691],[-71.731743,-7.103538],[-71.731657,-7.103382],[-71.731578,-7.103222],[-71.731505,-7.103059],[-71.731438,-7.102893],[-71.731378,-7.102725],[-71.731325,-7.102555],[-71.731279,-7.102383],[-71.73124,-7.102209],[-71.731207,-7.102034],[-71.731182,-7.101857],[-71.731163,-7.10168],[-71.731152,-7.101502],[-71.731148,-7.101323],[-71.731151,-7.101145],[-71.731161,-7.100967],[-71.731178,-7.100789],[-71.731202,-7.100613],[-71.731233,-7.100437],[-71.731271,-7.100263],[-71.731316,-7.10009],[-71.731368,-7.099919],[-71.731426,-7.099751],[-71.731492,-7.099585],[-71.731563,-7.099422],[-71.731641,-7.099261],[-71.731726,-7.099104],[-71.731817,-7.09895],[-71.731913,-7.098801],[-71.732016,-7.098655],[-71.732124,-7.098513],[-71.732238,-7.098376],[-71.732358,-7.098243],[-71.732482,-7.098115],[-71.732612,-7.097992],[-71.732746,-7.097875],[-71.732885,-7.097762],[-71.735724,-7.09556],[-71.735919,-7.095405],[-71.736109,-7.095244],[-71.736295,-7.095078],[-71.736477,-7.094906],[-71.736653,-7.09473],[-71.736825,-7.094549],[-71.736992,-7.094364],[-71.737153,-7.094174],[-71.737309,-7.093979],[-71.73746,-7.093781],[-71.737605,-7.093578],[-71.737745,-7.093371],[-71.737878,-7.093161],[-71.738006,-7.092947],[-71.738128,-7.092729],[-71.738244,-7.092509],[-71.738354,-7.092285],[-71.738568,-7.091831],[-71.738672,-7.091603],[-71.73877,-7.091372],[-71.738861,-7.091139],[-71.738946,-7.090903],[-71.739024,-7.090665],[-71.739096,-7.090424],[-71.73916,-7.090182],[-71.739219,-7.089939],[-71.73927,-7.089693],[-71.739314,-7.089447],[-71.739352,-7.089199],[-71.739382,-7.08895],[-71.739406,-7.088701],[-71.739423,-7.088451],[-71.739433,-7.0882],[-71.739436,-7.08795],[-71.739432,-7.087699],[-71.739421,-7.087449],[-71.739403,-7.087199],[-71.739378,-7.08695],[-71.739346,-7.086701],[-71.739308,-7.086453],[-71.739262,-7.086207],[-71.73921,-7.085962],[-71.739151,-7.085718],[-71.739085,-7.085477],[-71.739012,-7.085237],[-71.738933,-7.084999],[-71.738739,-7.084442],[-71.738656,-7.084215],[-71.738567,-7.083989],[-71.738473,-7.083767],[-71.738372,-7.083547],[-71.738265,-7.083329],[-71.738153,-7.083115],[-71.738035,-7.082904],[-71.737911,-7.082696],[-71.737782,-7.082491],[-71.737648,-7.08229],[-71.737508,-7.082092],[-71.737362,-7.081899],[-71.737212,-7.081709],[-71.737057,-7.081524],[-71.736896,-7.081342],[-71.73499,-7.079243],[-71.734833,-7.079074],[-71.734671,-7.078909],[-71.734505,-7.078748],[-71.734336,-7.078592],[-71.734162,-7.07844],[-71.733985,-7.078293],[-71.733804,-7.07815],[-71.733619,-7.078012],[-71.732308,-7.077057],[-71.732104,-7.076904],[-71.731904,-7.076745],[-71.731709,-7.076581],[-71.731519,-7.076411],[-71.731333,-7.076236],[-71.731153,-7.076056],[-71.730978,-7.075871],[-71.730808,-7.075681],[-71.730643,-7.075486],[-71.730484,-7.075286],[-71.730331,-7.075083],[-71.730183,-7.074874],[-71.730041,-7.074662],[-71.729906,-7.074446],[-71.729776,-7.074227],[-71.729653,-7.074003],[-71.729537,-7.073777],[-71.729426,-7.073547],[-71.729231,-7.073125],[-71.729176,-7.072998],[-71.729128,-7.072869],[-71.729086,-7.072737],[-71.729051,-7.072603],[-71.729023,-7.072468],[-71.729001,-7.072331],[-71.728987,-7.072194],[-71.728979,-7.072056],[-71.728979,-7.071918],[-71.728985,-7.07178],[-71.728999,-7.071642],[-71.729019,-7.071505],[-71.729046,-7.07137],[-71.72908,-7.071236],[-71.729121,-7.071104],[-71.729168,-7.070974],[-71.729222,-7.070846],[-71.729282,-7.070722],[-71.729348,-7.070601],[-71.729421,-7.070483],[-71.729499,-7.070369],[-71.729583,-7.070259],[-71.729672,-7.070153],[-71.729767,-7.070053],[-71.729866,-7.069957],[-71.729971,-7.069866],[-71.730079,-7.06978],[-71.730192,-7.0697],[-71.730309,-7.069626],[-71.730429,-7.069558],[-71.730553,-7.069496],[-71.73068,-7.06944],[-71.730809,-7.069391],[-71.73094,-7.069348],[-71.731074,-7.069312],[-71.731209,-7.069283],[-71.731346,-7.069261],[-71.731483,-7.069245],[-71.731591,-7.069236],[-71.731796,-7.069221],[-71.732,-7.069214],[-71.732205,-7.069214],[-71.73241,-7.069221],[-71.732615,-7.069235],[-71.732819,-7.069256],[-71.733022,-7.069284],[-71.733224,-7.069319],[-71.733425,-7.069361],[-71.733624,-7.06941],[-71.733821,-7.069465],[-71.734016,-7.069528],[-71.734209,-7.069597],[-71.7344,-7.069672],[-71.734588,-7.069755],[-71.734772,-7.069843],[-71.734954,-7.069938],[-71.735132,-7.070039],[-71.735307,-7.070146],[-71.735478,-7.07026],[-71.736291,-7.070819],[-71.736498,-7.070965],[-71.736701,-7.071118],[-71.736899,-7.071275],[-71.737093,-7.071439],[-71.737282,-7.071608],[-71.737467,-7.071782],[-71.737646,-7.071961],[-71.73782,-7.072145],[-71.73799,-7.072333],[-71.738153,-7.072527],[-71.738312,-7.072725],[-71.738464,-7.072927],[-71.738611,-7.073134],[-71.738752,-7.073344],[-71.738887,-7.073559],[-71.739016,-7.073777],[-71.739139,-7.073999],[-71.739648,-7.074948],[-71.739761,-7.075168],[-71.739869,-7.07539],[-71.739971,-7.075615],[-71.740066,-7.075843],[-71.740155,-7.076073],[-71.740238,-7.076306],[-71.740314,-7.076541],[-71.740384,-7.076778],[-71.740759,-7.078119],[-71.74082,-7.078328],[-71.740886,-7.078535],[-71.740957,-7.07874],[-71.741033,-7.078943],[-71.741114,-7.079145],[-71.741706,-7.08057],[-71.741757,-7.080684],[-71.741815,-7.080796],[-71.741879,-7.080903],[-71.741949,-7.081007],[-71.742025,-7.081107],[-71.742106,-7.081202],[-71.742193,-7.081293],[-71.742285,-7.081378],[-71.742381,-7.081458],[-71.742482,-7.081533],[-71.742587,-7.081601],[-71.742696,-7.081664],[-71.742808,-7.08172],[-71.742923,-7.081769],[-71.743041,-7.081813],[-71.743161,-7.081849],[-71.743283,-7.081878],[-71.743406,-7.0819],[-71.743531,-7.081916],[-71.743656,-7.081924],[-71.743781,-7.081925],[-71.743907,-7.081919],[-71.744031,-7.081906],[-71.744155,-7.081885],[-71.744278,-7.081858],[-71.744398,-7.081824],[-71.744517,-7.081782],[-71.744633,-7.081735],[-71.744746,-7.08168],[-71.744856,-7.08162],[-71.744962,-7.081553],[-71.745064,-7.08148],[-71.745162,-7.081402],[-71.745255,-7.081318],[-71.745343,-7.081229],[-71.745426,-7.081135],[-71.745503,-7.081036],[-71.746557,-7.079616],[-71.74662,-7.079525],[-71.746678,-7.079431],[-71.74673,-7.079334],[-71.746777,-7.079234],[-71.746818,-7.079131],[-71.746853,-7.079027],[-71.746882,-7.07892],[-71.746904,-7.078812],[-71.746921,-7.078703],[-71.746931,-7.078593],[-71.747042,-7.076863],[-71.747051,-7.076672],[-71.747054,-7.07648],[-71.747051,-7.076289],[-71.747041,-7.076097],[-71.747025,-7.075906],[-71.747003,-7.075716],[-71.746975,-7.075526],[-71.74694,-7.075337],[-71.7469,-7.07515],[-71.746853,-7.074964],[-71.7468,-7.07478],[-71.746742,-7.074597],[-71.746677,-7.074417],[-71.746606,-7.074238],[-71.745528,-7.071637],[-71.745429,-7.071407],[-71.745324,-7.07118],[-71.745213,-7.070956],[-71.745095,-7.070735],[-71.744971,-7.070517],[-71.744841,-7.070303],[-71.744706,-7.070093],[-71.744564,-7.069886],[-71.744417,-7.069684],[-71.744264,-7.069486],[-71.744106,-7.069292],[-71.743943,-7.069102],[-71.743189,-7.068251],[-71.74303,-7.068077],[-71.742866,-7.067908],[-71.742697,-7.067743],[-71.742523,-7.067584],[-71.742344,-7.06743],[-71.742161,-7.067281],[-71.741973,-7.067138],[-71.741782,-7.067001],[-71.741586,-7.066869],[-71.741387,-7.066743],[-71.741184,-7.066623],[-71.740977,-7.066509],[-71.740767,-7.066401],[-71.740554,-7.0663],[-71.740338,-7.066205],[-71.740119,-7.066116],[-71.739898,-7.066034],[-71.739674,-7.065959],[-71.739449,-7.06589],[-71.739221,-7.065828],[-71.738992,-7.065773],[-71.738761,-7.065724],[-71.738528,-7.065683],[-71.738295,-7.065648],[-71.73806,-7.065621],[-71.737825,-7.0656],[-71.73759,-7.065586],[-71.737354,-7.06558],[-71.737118,-7.06558],[-71.736882,-7.065587],[-71.736646,-7.065602],[-71.736411,-7.065623],[-71.736177,-7.065651],[-71.735944,-7.065687],[-71.735712,-7.065729],[-71.735481,-7.065778],[-71.735252,-7.065834],[-71.735024,-7.065896],[-71.732876,-7.066523],[-71.732639,-7.066588],[-71.732401,-7.066647],[-71.732161,-7.0667],[-71.731919,-7.066746],[-71.731677,-7.066786],[-71.731433,-7.066819],[-71.731189,-7.066845],[-71.730944,-7.066865],[-71.730698,-7.066878],[-71.726605,-7.067039],[-71.726355,-7.067045],[-71.726105,-7.067044],[-71.725854,-7.067037],[-71.725604,-7.067023],[-71.725354,-7.067001],[-71.725106,-7.066973],[-71.724858,-7.066938],[-71.724611,-7.066896],[-71.724365,-7.066847],[-71.724121,-7.066792],[-71.723878,-7.066729],[-71.723637,-7.06666],[-71.720294,-7.065653],[-71.720053,-7.065584],[-71.719809,-7.065521],[-71.719564,-7.065466],[-71.719318,-7.065417],[-71.71907,-7.065375],[-71.718822,-7.06534],[-71.718572,-7.065312],[-71.718322,-7.06529],[-71.718071,-7.065276],[-71.71782,-7.065269],[-71.717569,-7.065268],[-71.717318,-7.065275],[-71.717067,-7.065289],[-71.716817,-7.065309],[-71.716567,-7.065337],[-71.716318,-7.065371],[-71.716071,-7.065412],[-71.715824,-7.06546],[-71.71367,-7.065912],[-71.713422,-7.065968],[-71.713175,-7.06603],[-71.712931,-7.066099],[-71.712689,-7.066176],[-71.712449,-7.066259],[-71.712211,-7.066348],[-71.707582,-7.06817],[-71.707467,-7.068212],[-71.707349,-7.068248],[-71.707229,-7.068277],[-71.707108,-7.0683],[-71.706986,-7.068315],[-71.706863,-7.068325],[-71.706739,-7.068327],[-71.706616,-7.068323],[-71.706494,-7.068312],[-71.706372,-7.068294],[-71.706251,-7.06827],[-71.706132,-7.068239],[-71.706014,-7.068202],[-71.705899,-7.068158],[-71.705786,-7.068108],[-71.705677,-7.068052],[-71.70557,-7.06799],[-71.705467,-7.067922],[-71.705368,-7.067849],[-71.705273,-7.067771],[-71.704049,-7.066702],[-71.703917,-7.066582],[-71.703789,-7.066457],[-71.703666,-7.066327],[-71.703548,-7.066193],[-71.703435,-7.066054],[-71.703328,-7.065912],[-71.703226,-7.065765],[-71.703129,-7.065615],[-71.703038,-7.065461],[-71.702953,-7.065303],[-71.702874,-7.065143],[-71.702801,-7.06498],[-71.702735,-7.064814],[-71.702674,-7.064646],[-71.70262,-7.064476],[-71.702573,-7.064303],[-71.702532,-7.06413],[-71.702497,-7.063954],[-71.701747,-7.059711],[-71.701701,-7.059473],[-71.701649,-7.059235],[-71.701591,-7.059],[-71.701526,-7.058766],[-71.701455,-7.058534],[-71.701378,-7.058303],[-71.701295,-7.058075],[-71.701206,-7.05785],[-71.701111,-7.057626],[-71.701009,-7.057406],[-71.70077,-7.056904],[-71.700709,-7.056782],[-71.700643,-7.056662],[-71.700572,-7.056546],[-71.700496,-7.056433],[-71.700415,-7.056323],[-71.70033,-7.056216],[-71.70024,-7.056113],[-71.700146,-7.056014],[-71.699826,-7.055691],[-71.699715,-7.055583],[-71.699598,-7.05548],[-71.699477,-7.055382],[-71.699351,-7.05529],[-71.699221,-7.055204],[-71.699088,-7.055123],[-71.698951,-7.055049],[-71.697761,-7.054439],[-71.697597,-7.054359],[-71.69743,-7.054286],[-71.69726,-7.054219],[-71.697088,-7.054159],[-71.696913,-7.054105],[-71.696736,-7.054059],[-71.696558,-7.05402],[-71.696378,-7.053987],[-71.696197,-7.053962],[-71.696016,-7.053944],[-71.695833,-7.053933],[-71.695651,-7.053929],[-71.695468,-7.053933],[-71.695286,-7.053944],[-71.695104,-7.053962],[-71.694923,-7.053987],[-71.693957,-7.05414],[-71.693823,-7.054165],[-71.693691,-7.054196],[-71.69356,-7.054234],[-71.693431,-7.054278],[-71.693305,-7.054329],[-71.693181,-7.054386],[-71.69306,-7.054449],[-71.692943,-7.054517],[-71.692829,-7.054592],[-71.692719,-7.054672],[-71.691035,-7.055965],[-71.69084,-7.056111],[-71.69064,-7.056252],[-71.690437,-7.056388],[-71.69023,-7.056518],[-71.690019,-7.056642],[-71.689805,-7.05676],[-71.689588,-7.056873],[-71.689369,-7.05698],[-71.689146,-7.057081],[-71.688921,-7.057176],[-71.688693,-7.057264],[-71.687945,-7.057544],[-71.687725,-7.05763],[-71.687506,-7.057721],[-71.68729,-7.057818],[-71.687077,-7.057921],[-71.686866,-7.05803],[-71.686659,-7.058143],[-71.686454,-7.058263],[-71.686253,-7.058387],[-71.686055,-7.058517],[-71.681328,-7.061705],[-71.681114,-7.061853],[-71.680904,-7.062007],[-71.680697,-7.062166],[-71.680496,-7.06233],[-71.680298,-7.0625],[-71.680105,-7.062674],[-71.679916,-7.062854],[-71.679732,-7.063038],[-71.679553,-7.063227],[-71.679379,-7.063421],[-71.67921,-7.063619],[-71.679046,-7.063821],[-71.678554,-7.064443],[-71.678488,-7.064522],[-71.678419,-7.064596],[-71.678345,-7.064666],[-71.678267,-7.064732],[-71.678186,-7.064794],[-71.678101,-7.064851],[-71.678013,-7.064903],[-71.677923,-7.06495],[-71.672768,-7.067446],[-71.672615,-7.067516],[-71.672459,-7.06758],[-71.672301,-7.067637],[-71.67214,-7.067687],[-71.671978,-7.067731],[-71.671813,-7.067767],[-71.671647,-7.067797],[-71.671481,-7.067819],[-71.671313,-7.067835],[-71.671145,-7.067843],[-71.670976,-7.067845],[-71.670808,-7.067839],[-71.67064,-7.067826],[-71.670473,-7.067806],[-71.670307,-7.067779],[-71.670142,-7.067745],[-71.669979,-7.067704],[-71.669817,-7.067657],[-71.669658,-7.067602],[-71.669501,-7.067541],[-71.669347,-7.067473],[-71.669196,-7.067399],[-71.669048,-7.067319],[-71.668904,-7.067232],[-71.668763,-7.067139],[-71.668627,-7.067041],[-71.668495,-7.066937],[-71.668367,-7.066827],[-71.667659,-7.066193],[-71.667556,-7.066096],[-71.667458,-7.065994],[-71.667365,-7.065888],[-71.667277,-7.065777],[-71.667195,-7.065662],[-71.667119,-7.065543],[-71.667048,-7.06542],[-71.666984,-7.065294],[-71.666925,-7.065165],[-71.666874,-7.065034],[-71.666828,-7.0649],[-71.666789,-7.064764],[-71.666757,-7.064626],[-71.666732,-7.064487],[-71.666714,-7.064346],[-71.666702,-7.064206],[-71.666698,-7.064064],[-71.6667,-7.063923],[-71.666796,-7.061561],[-71.666798,-7.061415],[-71.666794,-7.06127],[-71.666782,-7.061125],[-71.666762,-7.06098],[-71.666736,-7.060837],[-71.666703,-7.060696],[-71.666662,-7.060556],[-71.666615,-7.060418],[-71.666561,-7.060283],[-71.666501,-7.06015],[-71.666434,-7.060021],[-71.66636,-7.059895],[-71.666281,-7.059773],[-71.666195,-7.059655],[-71.666104,-7.059542],[-71.666007,-7.059433],[-71.665906,-7.059329],[-71.665799,-7.05923],[-71.665687,-7.059137],[-71.665571,-7.059049],[-71.66545,-7.058967],[-71.665326,-7.058891],[-71.665198,-7.058821],[-71.665067,-7.058758],[-71.664933,-7.058701],[-71.664796,-7.058651],[-71.664657,-7.058607],[-71.664516,-7.058571],[-71.664373,-7.058542],[-71.664229,-7.058519],[-71.664084,-7.058504],[-71.663939,-7.058496],[-71.663793,-7.058495],[-71.663647,-7.058502],[-71.663502,-7.058515],[-71.663358,-7.058536],[-71.663215,-7.058564],[-71.663074,-7.058599],[-71.662934,-7.05864],[-71.662797,-7.058689],[-71.662662,-7.058744],[-71.66253,-7.058806],[-71.662401,-7.058874],[-71.662276,-7.058949],[-71.662155,-7.05903],[-71.662038,-7.059116],[-71.661925,-7.059208],[-71.661817,-7.059306],[-71.661714,-7.059409],[-71.661616,-7.059517],[-71.661524,-7.059629],[-71.661437,-7.059746],[-71.661356,-7.059868],[-71.661281,-7.059993],[-71.661213,-7.060121],[-71.661151,-7.060253],[-71.661095,-7.060387],[-71.661047,-7.060525],[-71.660663,-7.061696],[-71.660597,-7.061909],[-71.660537,-7.062123],[-71.660484,-7.062339],[-71.660438,-7.062557],[-71.660398,-7.062775],[-71.660365,-7.062995],[-71.660338,-7.063216],[-71.660319,-7.063438],[-71.660306,-7.06366],[-71.6603,-7.063882],[-71.6603,-7.064104],[-71.660308,-7.064327],[-71.660322,-7.064549],[-71.660343,-7.06477],[-71.66037,-7.064991],[-71.660698,-7.06732],[-71.660729,-7.06757],[-71.660754,-7.06782],[-71.660771,-7.06807],[-71.660782,-7.068321],[-71.660785,-7.068572],[-71.660782,-7.068823],[-71.660772,-7.069074],[-71.660754,-7.069325],[-71.66073,-7.069575],[-71.660699,-7.069824],[-71.660661,-7.070072],[-71.660616,-7.070319],[-71.660564,-7.070565],[-71.660505,-7.070809],[-71.66044,-7.071051],[-71.660367,-7.071292],[-71.660289,-7.07153],[-71.660203,-7.071767],[-71.660111,-7.072],[-71.660013,-7.072231],[-71.659908,-7.07246],[-71.658884,-7.07461],[-71.658778,-7.074839],[-71.658679,-7.075071],[-71.658587,-7.075306],[-71.658501,-7.075543],[-71.658422,-7.075783],[-71.65835,-7.076024],[-71.658284,-7.076268],[-71.658226,-7.076513],[-71.658174,-7.07676],[-71.658129,-7.077008],[-71.658091,-7.077258],[-71.65806,-7.077508],[-71.658036,-7.077759],[-71.658019,-7.078011],[-71.658009,-7.078263],[-71.658006,-7.078515],[-71.65801,-7.078768],[-71.658079,-7.081013],[-71.658089,-7.081231],[-71.658105,-7.081449],[-71.658128,-7.081667],[-71.658157,-7.081883],[-71.658193,-7.082099],[-71.658236,-7.082313],[-71.658284,-7.082527],[-71.65834,-7.082738],[-71.658401,-7.082948],[-71.658469,-7.083156],[-71.658543,-7.083362],[-71.659814,-7.086745],[-71.659864,-7.08689],[-71.659908,-7.087036],[-71.659945,-7.087185],[-71.659975,-7.087335],[-71.659997,-7.087487],[-71.660013,-7.087639],[-71.660021,-7.087792],[-71.660023,-7.087945],[-71.660017,-7.088098],[-71.660004,-7.08825],[-71.659984,-7.088402],[-71.659957,-7.088552],[-71.659923,-7.088702],[-71.659881,-7.088849],[-71.659833,-7.088994],[-71.659779,-7.089137],[-71.659717,-7.089277],[-71.65965,-7.089415],[-71.659575,-7.089549],[-71.659495,-7.089679],[-71.659409,-7.089805],[-71.659317,-7.089928],[-71.659219,-7.090045],[-71.659116,-7.090158],[-71.659007,-7.090267],[-71.658894,-7.09037],[-71.658776,-7.090467],[-71.658653,-7.090559],[-71.658527,-7.090645],[-71.658396,-7.090726],[-71.658262,-7.0908],[-71.658125,-7.090867],[-71.657984,-7.090928],[-71.657841,-7.090983],[-71.657696,-7.091031],[-71.657548,-7.091072],[-71.657399,-7.091106],[-71.657248,-7.091133],[-71.657096,-7.091153],[-71.656943,-7.091166],[-71.65679,-7.091171],[-71.656637,-7.09117],[-71.656484,-7.091161],[-71.656332,-7.091146],[-71.65618,-7.091123],[-71.65603,-7.091093],[-71.655881,-7.091056],[-71.655735,-7.091012],[-71.65559,-7.090962],[-71.655448,-7.090905],[-71.655309,-7.090841],[-71.655172,-7.090771],[-71.652279,-7.089192],[-71.652058,-7.089067],[-71.65184,-7.088936],[-71.651627,-7.088799],[-71.651417,-7.088656],[-71.651211,-7.088507],[-71.651009,-7.088353],[-71.650812,-7.088192],[-71.650619,-7.088027],[-71.650431,-7.087856],[-71.650248,-7.08768],[-71.65007,-7.087498],[-71.649898,-7.087312],[-71.64973,-7.087121],[-71.649568,-7.086926],[-71.649412,-7.086726],[-71.649261,-7.086521],[-71.649116,-7.086313],[-71.648977,-7.0861],[-71.648844,-7.085884],[-71.648717,-7.085664],[-71.648596,-7.085441],[-71.648482,-7.085214],[-71.648374,-7.084984],[-71.648272,-7.084751],[-71.648177,-7.084516],[-71.648089,-7.084278],[-71.648008,-7.084037],[-71.647933,-7.083795],[-71.647865,-7.08355],[-71.647804,-7.083303],[-71.647378,-7.081466],[-71.647325,-7.081222],[-71.647278,-7.080976],[-71.647239,-7.080729],[-71.647206,-7.080481],[-71.64718,-7.080233],[-71.647161,-7.079983],[-71.647149,-7.079733],[-71.647144,-7.079483],[-71.647146,-7.079233],[-71.647155,-7.078983],[-71.64717,-7.078734],[-71.647193,-7.078485],[-71.647223,-7.078237],[-71.647259,-7.077989],[-71.647302,-7.077743],[-71.647352,-7.077498],[-71.647409,-7.077254],[-71.647472,-7.077012],[-71.647542,-7.076772],[-71.647619,-7.076534],[-71.647703,-7.076299],[-71.647792,-7.076065],[-71.647889,-7.075834],[-71.650631,-7.069507],[-71.650677,-7.069392],[-71.650717,-7.069275],[-71.65075,-7.069155],[-71.650777,-7.069035],[-71.650797,-7.068913],[-71.65081,-7.06879],[-71.650817,-7.068666],[-71.650817,-7.068542],[-71.65081,-7.068419],[-71.650797,-7.068296],[-71.650776,-7.068174],[-71.650749,-7.068053],[-71.650716,-7.067934],[-71.650676,-7.067817],[-71.6502,-7.066536],[-71.65011,-7.066303],[-71.650013,-7.066072],[-71.649909,-7.065844],[-71.6498,-7.065619],[-71.649684,-7.065397],[-71.649562,-7.065178],[-71.649435,-7.064963],[-71.649301,-7.064751],[-71.649161,-7.064543],[-71.649016,-7.064339],[-71.648865,-7.064139],[-71.648709,-7.063944],[-71.648547,-7.063753],[-71.64838,-7.063566],[-71.648208,-7.063384],[-71.648031,-7.063207],[-71.647849,-7.063035],[-71.647662,-7.062868],[-71.647471,-7.062706],[-71.647276,-7.06255],[-71.647076,-7.062399],[-71.646872,-7.062253],[-71.646664,-7.062114],[-71.646452,-7.06198],[-71.646237,-7.061852],[-71.646018,-7.06173],[-71.645796,-7.061614],[-71.645571,-7.061504],[-71.645343,-7.061401],[-71.645112,-7.061304],[-71.644878,-7.061213],[-71.644642,-7.061129],[-71.644404,-7.061052],[-71.644164,-7.060981],[-71.643922,-7.060916],[-71.643678,-7.060859],[-71.643433,-7.060808],[-71.643186,-7.060764],[-71.639454,-7.060152],[-71.639246,-7.060114],[-71.63904,-7.060069],[-71.638835,-7.060018],[-71.638632,-7.059959],[-71.638432,-7.059894],[-71.638233,-7.059822],[-71.638037,-7.059743],[-71.637844,-7.059658],[-71.637654,-7.059566],[-71.637467,-7.059468],[-71.637284,-7.059364],[-71.637104,-7.059254],[-71.636928,-7.059137],[-71.636756,-7.059015],[-71.636588,-7.058887],[-71.636424,-7.058753],[-71.636266,-7.058614],[-71.636112,-7.05847],[-71.635963,-7.058321],[-71.635819,-7.058166],[-71.63568,-7.058007],[-71.635547,-7.057843],[-71.635419,-7.057675],[-71.635298,-7.057503],[-71.635182,-7.057327],[-71.635072,-7.057147],[-71.634968,-7.056963],[-71.634871,-7.056776],[-71.634779,-7.056586],[-71.634695,-7.056392],[-71.634617,-7.056196],[-71.634545,-7.055998],[-71.634481,-7.055797],[-71.632879,-7.050518],[-71.632834,-7.05038],[-71.632781,-7.050245],[-71.632722,-7.050112],[-71.632656,-7.049982],[-71.632585,-7.049856],[-71.632506,-7.049733],[-71.632422,-7.049615],[-71.632333,-7.0495],[-71.632237,-7.049391],[-71.632136,-7.049286],[-71.632031,-7.049186],[-71.63192,-7.049092],[-71.631805,-7.049003],[-71.631685,-7.04892],[-71.631562,-7.048843],[-71.631435,-7.048772],[-71.631305,-7.048708],[-71.631171,-7.04865],[-71.631035,-7.048599],[-71.630897,-7.048554],[-71.630756,-7.048517],[-71.630614,-7.048486],[-71.63047,-7.048463],[-71.630326,-7.048446],[-71.630181,-7.048437],[-71.630035,-7.048435],[-71.62989,-7.048441],[-71.629745,-7.048453],[-71.629601,-7.048473],[-71.629458,-7.048499],[-71.629316,-7.048533],[-71.629176,-7.048574],[-71.629039,-7.048621],[-71.628904,-7.048675],[-71.628772,-7.048736],[-71.628643,-7.048804],[-71.628518,-7.048877],[-71.628396,-7.048957],[-71.628279,-7.049043],[-71.628165,-7.049134],[-71.628057,-7.049231],[-71.627954,-7.049333],[-71.627855,-7.04944],[-71.624307,-7.053502],[-71.624199,-7.053621],[-71.624086,-7.053735],[-71.623968,-7.053845],[-71.623845,-7.053949],[-71.623718,-7.054047],[-71.623587,-7.054141],[-71.623452,-7.054228],[-71.623313,-7.05431],[-71.623171,-7.054385],[-71.623026,-7.054455],[-71.622878,-7.054518],[-71.622728,-7.054575],[-71.622575,-7.054626],[-71.62242,-7.05467],[-71.622264,-7.054707],[-71.622106,-7.054738],[-71.621947,-7.054761],[-71.621787,-7.054778],[-71.621626,-7.054789],[-71.621465,-7.054792],[-71.621304,-7.054788],[-71.621144,-7.054778],[-71.620984,-7.054761],[-71.620825,-7.054737],[-71.620667,-7.054706],[-71.62051,-7.054668],[-71.620356,-7.054624],[-71.620203,-7.054573],[-71.620053,-7.054516],[-71.612949,-7.051638],[-71.612714,-7.051547],[-71.612476,-7.051462],[-71.612237,-7.051384],[-71.611995,-7.051312],[-71.611752,-7.051248],[-71.611506,-7.05119],[-71.611259,-7.051139],[-71.611011,-7.051095],[-71.610762,-7.051057],[-71.610512,-7.051027],[-71.610261,-7.051004],[-71.610009,-7.050988],[-71.609758,-7.050978],[-71.609506,-7.050976],[-71.609254,-7.050981],[-71.609002,-7.050992],[-71.608751,-7.051011],[-71.6085,-7.051037],[-71.60825,-7.05107],[-71.608001,-7.051109],[-71.607753,-7.051156],[-71.607507,-7.051209],[-71.607262,-7.051269],[-71.607019,-7.051337],[-71.606778,-7.05141],[-71.60654,-7.051491],[-71.606303,-7.051578],[-71.606069,-7.051671],[-71.605838,-7.051772],[-71.60561,-7.051878],[-71.597947,-7.055582],[-71.597819,-7.05564],[-71.597689,-7.055691],[-71.597556,-7.055736],[-71.597421,-7.055774],[-71.597284,-7.055805],[-71.597146,-7.055829],[-71.597006,-7.055847],[-71.596867,-7.055857],[-71.596726,-7.05586],[-71.596586,-7.055856],[-71.596446,-7.055846],[-71.596307,-7.055828],[-71.596169,-7.055803],[-71.596032,-7.055771],[-71.595897,-7.055733],[-71.595765,-7.055688],[-71.595634,-7.055636],[-71.595507,-7.055577],[-71.595382,-7.055513],[-71.595261,-7.055442],[-71.595144,-7.055365],[-71.595031,-7.055283],[-71.594922,-7.055194],[-71.594817,-7.055101],[-71.594717,-7.055002],[-71.594623,-7.054899],[-71.594534,-7.054791],[-71.59445,-7.054678],[-71.594372,-7.054562],[-71.5943,-7.054441],[-71.594234,-7.054317],[-71.594175,-7.054191],[-71.594122,-7.054061],[-71.594075,-7.053929],[-71.594036,-7.053794],[-71.594003,-7.053658],[-71.593977,-7.05352],[-71.593958,-7.053381],[-71.593946,-7.053242],[-71.593941,-7.053102],[-71.593943,-7.052962],[-71.593952,-7.052822],[-71.593968,-7.052682],[-71.593991,-7.052544],[-71.594021,-7.052407],[-71.594058,-7.052272],[-71.594102,-7.052139],[-71.594152,-7.052008],[-71.594209,-7.05188],[-71.594272,-7.051755],[-71.594341,-7.051633],[-71.594417,-7.051515],[-71.597971,-7.046241],[-71.598049,-7.04612],[-71.59812,-7.045995],[-71.598185,-7.045867],[-71.598244,-7.045736],[-71.598296,-7.045602],[-71.598342,-7.045466],[-71.598381,-7.045328],[-71.598413,-7.045188],[-71.598438,-7.045046],[-71.598456,-7.044904],[-71.598468,-7.04476],[-71.598472,-7.044617],[-71.598469,-7.044473],[-71.598459,-7.04433],[-71.598442,-7.044187],[-71.598418,-7.044046],[-71.598387,-7.043905],[-71.59835,-7.043767],[-71.598305,-7.04363],[-71.598254,-7.043496],[-71.598197,-7.043364],[-71.598133,-7.043235],[-71.598062,-7.04311],[-71.597986,-7.042988],[-71.597904,-7.04287],[-71.597816,-7.042757],[-71.597723,-7.042647],[-71.597624,-7.042543],[-71.597521,-7.042443],[-71.597412,-7.042349],[-71.597299,-7.04226],[-71.597182,-7.042176],[-71.597061,-7.042099],[-71.596937,-7.042027],[-71.596809,-7.041962],[-71.596677,-7.041903],[-71.596544,-7.04185],[-71.596407,-7.041804],[-71.596269,-7.041765],[-71.596129,-7.041732],[-71.595987,-7.041707],[-71.595845,-7.041688],[-71.595701,-7.041677],[-71.595558,-7.041672],[-71.595414,-7.041675],[-71.595271,-7.041684],[-71.595128,-7.041701],[-71.594986,-7.041725],[-71.594845,-7.041755],[-71.594706,-7.041792],[-71.590974,-7.042894],[-71.590839,-7.04293],[-71.590702,-7.04296],[-71.590565,-7.042983],[-71.590426,-7.043],[-71.590287,-7.043009],[-71.590147,-7.043012],[-71.590007,-7.043009],[-71.589868,-7.042998],[-71.58973,-7.042981],[-71.589592,-7.042957],[-71.589456,-7.042927],[-71.589321,-7.04289],[-71.589188,-7.042847],[-71.589058,-7.042797],[-71.58893,-7.042741],[-71.588805,-7.042679],[-71.588683,-7.042611],[-71.588564,-7.042537],[-71.588449,-7.042458],[-71.587133,-7.0415],[-71.586942,-7.041357],[-71.586756,-7.041208],[-71.586573,-7.041053],[-71.586395,-7.040894],[-71.586223,-7.040729],[-71.586054,-7.040559],[-71.585891,-7.040384],[-71.585734,-7.040205],[-71.585581,-7.040021],[-71.585434,-7.039833],[-71.585293,-7.03964],[-71.585157,-7.039443],[-71.585027,-7.039243],[-71.584904,-7.039039],[-71.584786,-7.038831],[-71.584674,-7.03862],[-71.584569,-7.038405],[-71.58447,-7.038188],[-71.584377,-7.037968],[-71.582989,-7.034529],[-71.582891,-7.034296],[-71.582787,-7.034065],[-71.582675,-7.033837],[-71.582558,-7.033613],[-71.582435,-7.033392],[-71.582305,-7.033174],[-71.582169,-7.03296],[-71.582027,-7.03275],[-71.578312,-7.027411],[-71.578164,-7.027204],[-71.57801,-7.027002],[-71.57785,-7.026803],[-71.577685,-7.02661],[-71.577514,-7.026421],[-71.577338,-7.026237],[-71.577157,-7.026058],[-71.576971,-7.025884],[-71.576781,-7.025715],[-71.576585,-7.025552],[-71.576385,-7.025395],[-71.576181,-7.025243],[-71.575972,-7.025097],[-71.57576,-7.024957],[-71.575543,-7.024823],[-71.575323,-7.024695],[-71.575099,-7.024573],[-71.574872,-7.024458],[-71.574642,-7.024349],[-71.574409,-7.024246],[-71.574173,-7.02415],[-71.573934,-7.024061],[-71.573693,-7.023979],[-71.57345,-7.023903],[-71.573205,-7.023835],[-71.572958,-7.023773],[-71.572709,-7.023718],[-71.572459,-7.02367],[-71.572208,-7.023629],[-71.571955,-7.023596],[-71.571702,-7.023569],[-71.571448,-7.02355],[-71.571194,-7.023537],[-71.570939,-7.023532],[-71.570684,-7.023534],[-71.57043,-7.023544],[-71.570176,-7.02356],[-71.569922,-7.023584],[-71.569669,-7.023614],[-71.569417,-7.023652],[-71.569167,-7.023697],[-71.568917,-7.023749],[-71.568669,-7.023808],[-71.568423,-7.023873],[-71.563924,-7.025145],[-71.56378,-7.025182],[-71.563635,-7.025212],[-71.563488,-7.025234],[-71.563341,-7.02525],[-71.563192,-7.025259],[-71.563044,-7.02526],[-71.562895,-7.025255],[-71.562747,-7.025242],[-71.5626,-7.025222],[-71.562454,-7.025195],[-71.56231,-7.025161],[-71.562167,-7.02512],[-71.562026,-7.025072],[-71.561888,-7.025018],[-71.561753,-7.024956],[-71.561621,-7.024889],[-71.561492,-7.024815],[-71.561367,-7.024735],[-71.561246,-7.024649],[-71.561129,-7.024557],[-71.561017,-7.02446],[-71.56091,-7.024358],[-71.559629,-7.023075],[-71.559541,-7.022991],[-71.559448,-7.022913],[-71.559351,-7.022839],[-71.55925,-7.022772],[-71.559146,-7.02271],[-71.559038,-7.022654],[-71.558927,-7.022604],[-71.558814,-7.02256],[-71.558698,-7.022522],[-71.558581,-7.022492],[-71.558461,-7.022467],[-71.558341,-7.02245],[-71.55822,-7.022439],[-71.558099,-7.022435],[-71.557977,-7.022437],[-71.557856,-7.022447],[-71.557736,-7.022463],[-71.557616,-7.022486],[-71.557498,-7.022515],[-71.557382,-7.022551],[-71.557268,-7.022593],[-71.557157,-7.022642],[-71.557049,-7.022696],[-71.556943,-7.022757],[-71.556842,-7.022824],[-71.556744,-7.022896],[-71.55665,-7.022973],[-71.556561,-7.023055],[-71.556476,-7.023143],[-71.556397,-7.023234],[-71.550004,-7.031049],[-71.549878,-7.031197],[-71.549748,-7.03134],[-71.549612,-7.031479],[-71.549472,-7.031612],[-71.549326,-7.031741],[-71.549177,-7.031864],[-71.549023,-7.031982],[-71.548865,-7.032094],[-71.548703,-7.0322],[-71.548537,-7.032301],[-71.548368,-7.032396],[-71.548195,-7.032484],[-71.54802,-7.032566],[-71.547841,-7.032642],[-71.54766,-7.032712],[-71.547477,-7.032775],[-71.547292,-7.032832],[-71.547104,-7.032881],[-71.546915,-7.032925],[-71.546725,-7.032961],[-71.546533,-7.032991],[-71.54634,-7.033013],[-71.546147,-7.033029],[-71.545954,-7.033038],[-71.54576,-7.03304],[-71.545566,-7.033035],[-71.545372,-7.033023],[-71.545179,-7.033004],[-71.544987,-7.032979],[-71.544796,-7.032946],[-71.544606,-7.032907],[-71.544418,-7.032861],[-71.544231,-7.032808],[-71.544046,-7.032749],[-71.543864,-7.032683],[-71.543684,-7.03261],[-71.543507,-7.032532],[-71.543333,-7.032447],[-71.543162,-7.032355],[-71.542994,-7.032258],[-71.54283,-7.032155],[-71.537913,-7.028941],[-71.537746,-7.028836],[-71.537575,-7.028737],[-71.537401,-7.028645],[-71.537224,-7.028559],[-71.537044,-7.028479],[-71.536861,-7.028406],[-71.536676,-7.02834],[-71.536488,-7.028281],[-71.536298,-7.028228],[-71.536107,-7.028182],[-71.535913,-7.028143],[-71.535719,-7.028112],[-71.535524,-7.028087],[-71.535327,-7.028069],[-71.535131,-7.028059],[-71.534934,-7.028056],[-71.534737,-7.028059],[-71.53454,-7.02807],[-71.534344,-7.028088],[-71.534149,-7.028114],[-71.533954,-7.028146],[-71.533761,-7.028185],[-71.53357,-7.028231],[-71.529098,-7.029398],[-71.528857,-7.029457],[-71.528616,-7.02951],[-71.528373,-7.029555],[-71.528129,-7.029595],[-71.527884,-7.029627],[-71.527638,-7.029653],[-71.527392,-7.029672],[-71.527145,-7.029685],[-71.526897,-7.029691],[-71.52665,-7.029689],[-71.526403,-7.029682],[-71.526156,-7.029667],[-71.522893,-7.02943],[-71.522715,-7.029413],[-71.522538,-7.02939],[-71.522362,-7.029359],[-71.522188,-7.029321],[-71.522015,-7.029276],[-71.521844,-7.029225],[-71.521675,-7.029166],[-71.521509,-7.029101],[-71.521346,-7.029029],[-71.521186,-7.02895],[-71.521028,-7.028865],[-71.520875,-7.028774],[-71.520725,-7.028677],[-71.52058,-7.028574],[-71.520438,-7.028465],[-71.520301,-7.02835],[-71.520169,-7.02823],[-71.520042,-7.028105],[-71.51992,-7.027975],[-71.519803,-7.02784],[-71.519692,-7.027701],[-71.519586,-7.027557],[-71.519487,-7.027409],[-71.519393,-7.027257],[-71.519306,-7.027101],[-71.519225,-7.026942],[-71.51915,-7.02678],[-71.519082,-7.026615],[-71.519021,-7.026447],[-71.518967,-7.026277],[-71.518919,-7.026105],[-71.518879,-7.025932],[-71.518845,-7.025756],[-71.518819,-7.02558],[-71.5188,-7.025403],[-71.518787,-7.025225],[-71.518783,-7.025046],[-71.518785,-7.024868],[-71.518794,-7.02469],[-71.518811,-7.024512],[-71.518835,-7.024335],[-71.518866,-7.02416],[-71.518904,-7.023985],[-71.518948,-7.023813],[-71.519,-7.023642],[-71.519059,-7.023474],[-71.519124,-7.023308],[-71.519197,-7.023144],[-71.519275,-7.022984],[-71.51936,-7.022827],[-71.519451,-7.022674],[-71.519549,-7.022524],[-71.519652,-7.022379],[-71.519761,-7.022238],[-71.519876,-7.022101],[-71.519996,-7.021969],[-71.520121,-7.021842],[-71.520252,-7.02172],[-71.520387,-7.021603],[-71.520527,-7.021492],[-71.520671,-7.021387],[-71.520819,-7.021288],[-71.520971,-7.021194],[-71.521127,-7.021107],[-71.521286,-7.021026],[-71.521448,-7.020952],[-71.521614,-7.020884],[-71.521781,-7.020823],[-71.521951,-7.020769],[-71.522124,-7.020721],[-71.522297,-7.020681],[-71.522473,-7.020647],[-71.52841,-7.01964],[-71.528561,-7.019611],[-71.52871,-7.019576],[-71.528857,-7.019534],[-71.529002,-7.019486],[-71.529146,-7.019431],[-71.529286,-7.01937],[-71.529424,-7.019303],[-71.529559,-7.019231],[-71.52969,-7.019152],[-71.529818,-7.019068],[-71.529942,-7.018978],[-71.530062,-7.018883],[-71.530177,-7.018782],[-71.530288,-7.018677],[-71.530395,-7.018567],[-71.530496,-7.018452],[-71.530593,-7.018334],[-71.530684,-7.018211],[-71.53077,-7.018084],[-71.53085,-7.017953],[-71.530924,-7.017819],[-71.530992,-7.017682],[-71.531054,-7.017543],[-71.531111,-7.0174],[-71.53116,-7.017255],[-71.531204,-7.017109],[-71.532633,-7.011856],[-71.532678,-7.011676],[-71.532717,-7.011495],[-71.532749,-7.011312],[-71.532774,-7.011128],[-71.532792,-7.010943],[-71.532803,-7.010758],[-71.532807,-7.010572],[-71.532804,-7.010387],[-71.532795,-7.010201],[-71.532778,-7.010017],[-71.532755,-7.009833],[-71.532724,-7.009649],[-71.532687,-7.009468],[-71.532643,-7.009287],[-71.532593,-7.009109],[-71.532536,-7.008932],[-71.532472,-7.008758],[-71.532401,-7.008586],[-71.532325,-7.008417],[-71.532242,-7.008251],[-71.532153,-7.008088],[-71.532058,-7.007929],[-71.531957,-7.007773],[-71.53185,-7.007621],[-71.531738,-7.007473],[-71.53162,-7.00733],[-71.531497,-7.007191],[-71.531369,-7.007056],[-71.531236,-7.006927],[-71.531098,-7.006802],[-71.530955,-7.006683],[-71.530809,-7.006569],[-71.530658,-7.006461],[-71.530503,-7.006359],[-71.530344,-7.006262],[-71.530182,-7.006171],[-71.523452,-7.002567],[-71.52324,-7.002457],[-71.523026,-7.002353],[-71.522809,-7.002255],[-71.52259,-7.002162],[-71.522368,-7.002075],[-71.516604,-6.999905],[-71.516374,-6.999822],[-71.516142,-6.999745],[-71.515908,-6.999675],[-71.515672,-6.99961],[-71.515434,-6.999553],[-71.515195,-6.999501],[-71.514955,-6.999456],[-71.514713,-6.999418],[-71.514471,-6.999386],[-71.514227,-6.999361],[-71.513984,-6.999342],[-71.513739,-6.99933],[-71.513495,-6.999325],[-71.51325,-6.999326],[-71.513006,-6.999334],[-71.506232,-6.99964],[-71.505992,-6.999654],[-71.505754,-6.999674],[-71.505515,-6.9997],[-71.505278,-6.999733],[-71.505041,-6.999773],[-71.504806,-6.999818],[-71.504572,-6.99987],[-71.504339,-6.999928],[-71.504108,-6.999992],[-71.503879,-7.000062],[-71.493287,-7.003453],[-71.493074,-7.003519],[-71.49286,-7.003579],[-71.492644,-7.003634],[-71.492427,-7.003683],[-71.492208,-7.003727],[-71.491989,-7.003766],[-71.491769,-7.003799],[-71.486267,-7.004561],[-71.486023,-7.004591],[-71.485778,-7.004614],[-71.485532,-7.00463],[-71.485286,-7.004639],[-71.48504,-7.00464],[-71.484794,-7.004635],[-71.484548,-7.004622],[-71.484302,-7.004602],[-71.484058,-7.004574],[-71.483814,-7.00454],[-71.483571,-7.004498],[-71.48333,-7.00445],[-71.48309,-7.004394],[-71.482852,-7.004332],[-71.482616,-7.004262],[-71.482382,-7.004186],[-71.48215,-7.004102],[-71.481921,-7.004013],[-71.481695,-7.003916],[-71.481471,-7.003813],[-71.481251,-7.003703],[-71.481034,-7.003587],[-71.48082,-7.003465],[-71.480611,-7.003336],[-71.480405,-7.003201],[-71.480203,-7.003061],[-71.480005,-7.002914],[-71.479811,-7.002762],[-71.479623,-7.002604],[-71.479438,-7.002441],[-71.479259,-7.002273],[-71.479085,-7.002099],[-71.478916,-7.00192],[-71.478752,-7.001737],[-71.478594,-7.001548],[-71.478441,-7.001355],[-71.478294,-7.001158],[-71.478152,-7.000957],[-71.478017,-7.000751],[-71.477888,-7.000542],[-71.477765,-7.000329],[-71.477648,-7.000112],[-71.477538,-6.999892],[-71.477434,-6.999669],[-71.477337,-6.999444],[-71.477246,-6.999215],[-71.477162,-6.998984],[-71.477085,-6.99875],[-71.477015,-6.998514],[-71.476952,-6.998277],[-71.476895,-6.998037],[-71.476522,-6.996337],[-71.476485,-6.996186],[-71.476443,-6.996037],[-71.476393,-6.99589],[-71.476338,-6.995745],[-71.476276,-6.995602],[-71.476208,-6.995463],[-71.476134,-6.995326],[-71.476055,-6.995193],[-71.475969,-6.995063],[-71.475879,-6.994937],[-71.475782,-6.994815],[-71.475681,-6.994698],[-71.475575,-6.994584],[-71.475464,-6.994476],[-71.475349,-6.994372],[-71.475229,-6.994273],[-71.475105,-6.99418],[-71.471551,-6.991618],[-71.471446,-6.991538],[-71.471345,-6.991452],[-71.471249,-6.991361],[-71.471158,-6.991265],[-71.471073,-6.991163],[-71.470993,-6.991058],[-71.470919,-6.990948],[-71.470851,-6.990834],[-71.470789,-6.990717],[-71.470734,-6.990597],[-71.470685,-6.990474],[-71.470643,-6.990348],[-71.470608,-6.99022],[-71.47058,-6.990091],[-71.470559,-6.98996],[-71.470545,-6.989828],[-71.470539,-6.989696],[-71.470539,-6.989564],[-71.470547,-6.989432],[-71.470562,-6.9893],[-71.470584,-6.989169],[-71.470613,-6.98904],[-71.470649,-6.988913],[-71.470692,-6.988787],[-71.470742,-6.988665],[-71.470798,-6.988545],[-71.47086,-6.988428],[-71.470929,-6.988315],[-71.471004,-6.988206],[-71.471085,-6.988101],[-71.471171,-6.988],[-71.471263,-6.987905],[-71.47136,-6.987814],[-71.471461,-6.987729],[-71.471567,-6.987649],[-71.471677,-6.987576],[-71.471791,-6.987508],[-71.471909,-6.987447],[-71.472029,-6.987392],[-71.472153,-6.987344],[-71.472279,-6.987302],[-71.472406,-6.987268],[-71.472536,-6.98724],[-71.472667,-6.98722],[-71.472799,-6.987206],[-71.472931,-6.9872],[-71.473064,-6.987201],[-71.473196,-6.987209],[-71.473328,-6.987224],[-71.47567,-6.98756],[-71.475787,-6.987574],[-71.475904,-6.98758],[-71.476022,-6.987579],[-71.47614,-6.987572],[-71.476256,-6.987557],[-71.476372,-6.987536],[-71.476487,-6.987508],[-71.476599,-6.987473],[-71.476709,-6.987431],[-71.476817,-6.987383],[-71.476921,-6.987329],[-71.477022,-6.987269],[-71.47712,-6.987203],[-71.477213,-6.987131],[-71.477302,-6.987054],[-71.477386,-6.986971],[-71.477465,-6.986884],[-71.477539,-6.986792],[-71.477607,-6.986697],[-71.47767,-6.986597],[-71.477726,-6.986494],[-71.477777,-6.986387],[-71.477821,-6.986278],[-71.477858,-6.986166],[-71.477889,-6.986053],[-71.477912,-6.985937],[-71.477929,-6.985821],[-71.477939,-6.985704],[-71.477943,-6.985586],[-71.477939,-6.985469],[-71.477928,-6.985351],[-71.47791,-6.985235],[-71.477886,-6.98512],[-71.477854,-6.985007],[-71.477816,-6.984895],[-71.477772,-6.984786],[-71.477721,-6.98468],[-71.477664,-6.984577],[-71.477601,-6.984478],[-71.477532,-6.984382],[-71.477457,-6.984291],[-71.477378,-6.984204],[-71.477293,-6.984123],[-71.477204,-6.984046],[-71.47711,-6.983975],[-71.477012,-6.983909],[-71.464721,-6.976186],[-71.464534,-6.976072],[-71.464345,-6.975962],[-71.464153,-6.975857],[-71.463958,-6.975757],[-71.463762,-6.975661],[-71.463562,-6.97557],[-71.459343,-6.973707],[-71.459119,-6.973604],[-71.458897,-6.973495],[-71.458678,-6.97338],[-71.458463,-6.973259],[-71.458251,-6.973132],[-71.458042,-6.973],[-71.457837,-6.972862],[-71.457637,-6.972718],[-71.45744,-6.972569],[-71.455038,-6.970699],[-71.454843,-6.970543],[-71.454653,-6.970381],[-71.454466,-6.970214],[-71.454285,-6.970042],[-71.454109,-6.969866],[-71.453937,-6.969684],[-71.45377,-6.969498],[-71.453609,-6.969307],[-71.453453,-6.969112],[-71.453303,-6.968912],[-71.453158,-6.968709],[-71.453019,-6.968502],[-71.452885,-6.96829],[-71.452758,-6.968076],[-71.450431,-6.964032],[-71.450365,-6.963926],[-71.450294,-6.963824],[-71.450217,-6.963726],[-71.450135,-6.963633],[-71.450047,-6.963544],[-71.449955,-6.963461],[-71.449858,-6.963383],[-71.449756,-6.963311],[-71.449651,-6.963245],[-71.449542,-6.963184],[-71.44943,-6.963131],[-71.449314,-6.963084],[-71.449197,-6.963043],[-71.449077,-6.963009],[-71.448955,-6.962982],[-71.448832,-6.962963],[-71.448708,-6.96295],[-71.448584,-6.962944],[-71.44846,-6.962946],[-71.448335,-6.962955],[-71.448212,-6.96297],[-71.448089,-6.962993],[-71.447969,-6.963023],[-71.44785,-6.96306],[-71.447733,-6.963103],[-71.447619,-6.963153],[-71.447508,-6.96321],[-71.4474,-6.963272],[-71.447297,-6.963341],[-71.447197,-6.963416],[-71.447102,-6.963496],[-71.447011,-6.963582],[-71.446926,-6.963672],[-71.446846,-6.963768],[-71.446772,-6.963867],[-71.446703,-6.963971],[-71.446641,-6.964079],[-71.446584,-6.96419],[-71.446535,-6.964304],[-71.446491,-6.964421],[-71.446455,-6.96454],[-71.446426,-6.96466],[-71.446403,-6.964783],[-71.446388,-6.964906],[-71.446379,-6.96503],[-71.446378,-6.965155],[-71.446384,-6.965279],[-71.446397,-6.965403],[-71.446417,-6.965526],[-71.446445,-6.965647],[-71.446479,-6.965767],[-71.44652,-6.965884],[-71.447579,-6.968667],[-71.44766,-6.968871],[-71.447745,-6.969074],[-71.447836,-6.969274],[-71.447931,-6.969472],[-71.448032,-6.969668],[-71.448136,-6.969861],[-71.449409,-6.972137],[-71.449524,-6.97235],[-71.449634,-6.972566],[-71.449737,-6.972785],[-71.449835,-6.973006],[-71.449927,-6.973231],[-71.450013,-6.973457],[-71.450093,-6.973686],[-71.450166,-6.973917],[-71.450234,-6.97415],[-71.450295,-6.974384],[-71.45035,-6.97462],[-71.450398,-6.974857],[-71.45044,-6.975096],[-71.450476,-6.975336],[-71.450776,-6.977555],[-71.450799,-6.977755],[-71.450815,-6.977955],[-71.450825,-6.978155],[-71.450827,-6.978356],[-71.450822,-6.978557],[-71.45081,-6.978757],[-71.450791,-6.978957],[-71.450766,-6.979156],[-71.450733,-6.979354],[-71.450693,-6.979551],[-71.450646,-6.979746],[-71.450593,-6.979939],[-71.450533,-6.980131],[-71.450466,-6.98032],[-71.450392,-6.980507],[-71.450312,-6.980691],[-71.450226,-6.980872],[-71.450133,-6.98105],[-71.450034,-6.981225],[-71.449929,-6.981396],[-71.449818,-6.981564],[-71.449701,-6.981727],[-71.449579,-6.981886],[-71.449451,-6.982041],[-71.449318,-6.982191],[-71.449179,-6.982336],[-71.449036,-6.982477],[-71.448887,-6.982612],[-71.448734,-6.982742],[-71.448577,-6.982867],[-71.448415,-6.982986],[-71.448249,-6.983099],[-71.44808,-6.983207],[-71.447906,-6.983308],[-71.447729,-6.983403],[-71.447549,-6.983492],[-71.447366,-6.983575],[-71.44718,-6.983651],[-71.446992,-6.983721],[-71.446801,-6.983783],[-71.446608,-6.98384],[-71.446414,-6.983889],[-71.446217,-6.983932],[-71.44602,-6.983967],[-71.445821,-6.983996],[-71.445621,-6.984018],[-71.445421,-6.984033],[-71.44522,-6.98404],[-71.445019,-6.984041],[-71.444818,-6.984034],[-71.444618,-6.984021],[-71.444418,-6.984001],[-71.444219,-6.983973],[-71.444021,-6.983939],[-71.443825,-6.983897],[-71.44363,-6.983849],[-71.443436,-6.983794],[-71.443245,-6.983732],[-71.443056,-6.983664],[-71.44287,-6.983589],[-71.442687,-6.983508],[-71.442506,-6.98342],[-71.442328,-6.983326],[-71.442154,-6.983225],[-71.441984,-6.983119],[-71.441817,-6.983007],[-71.441655,-6.982889],[-71.441497,-6.982765],[-71.441343,-6.982636],[-71.441194,-6.982502],[-71.441049,-6.982362],[-71.44091,-6.982218],[-71.440776,-6.982068],[-71.440647,-6.981915],[-71.440523,-6.981756],[-71.440405,-6.981594],[-71.440293,-6.981427],[-71.440187,-6.981257],[-71.440087,-6.981082],[-71.439276,-6.979613],[-71.43916,-6.979395],[-71.43905,-6.979174],[-71.438945,-6.97895],[-71.438847,-6.978723],[-71.438755,-6.978493],[-71.438231,-6.977132],[-71.438179,-6.977006],[-71.43812,-6.976884],[-71.438055,-6.976764],[-71.437984,-6.976649],[-71.437907,-6.976537],[-71.437825,-6.976429],[-71.437736,-6.976326],[-71.437643,-6.976227],[-71.437544,-6.976133],[-71.437441,-6.976045],[-71.437333,-6.975963],[-71.437221,-6.975886],[-71.437105,-6.975815],[-71.436985,-6.97575],[-71.436862,-6.975691],[-71.436737,-6.975639],[-71.436609,-6.975594],[-71.436478,-6.975555],[-71.436346,-6.975523],[-71.436212,-6.975498],[-71.436078,-6.975481],[-71.435942,-6.97547],[-71.435806,-6.975466],[-71.43567,-6.97547],[-71.435535,-6.97548],[-71.4354,-6.975498],[-71.435266,-6.975522],[-71.435134,-6.975554],[-71.435003,-6.975592],[-71.434875,-6.975637],[-71.434749,-6.975689],[-71.434627,-6.975748],[-71.434507,-6.975812],[-71.434391,-6.975883],[-71.434279,-6.97596],[-71.434171,-6.976042],[-71.434067,-6.97613],[-71.433968,-6.976224],[-71.433875,-6.976322],[-71.433786,-6.976425],[-71.433703,-6.976533],[-71.433626,-6.976645],[-71.433555,-6.976761],[-71.433489,-6.97688],[-71.433431,-6.977002],[-71.433378,-6.977128],[-71.433333,-6.977256],[-71.433294,-6.977386],[-71.433262,-6.977518],[-71.433236,-6.977651],[-71.433218,-6.977786],[-71.433207,-6.977921],[-71.433203,-6.978057],[-71.433207,-6.978193],[-71.433217,-6.978329],[-71.433234,-6.978463],[-71.43355,-6.980496],[-71.43358,-6.980662],[-71.433616,-6.980826],[-71.433658,-6.980988],[-71.433708,-6.981149],[-71.433764,-6.981307],[-71.433827,-6.981463],[-71.433896,-6.981617],[-71.433971,-6.981767],[-71.434052,-6.981914],[-71.43414,-6.982057],[-71.434233,-6.982197],[-71.434332,-6.982333],[-71.434436,-6.982465],[-71.434546,-6.982592],[-71.434661,-6.982715],[-71.434781,-6.982832],[-71.434906,-6.982945],[-71.435035,-6.983052],[-71.435169,-6.983154],[-71.435307,-6.983251],[-71.435449,-6.983341],[-71.435594,-6.983426],[-71.435742,-6.983505],[-71.445305,-6.988314],[-71.445448,-6.98839],[-71.445588,-6.988472],[-71.445724,-6.988561],[-71.445856,-6.988655],[-71.445984,-6.988756],[-71.446107,-6.988861],[-71.446226,-6.988973],[-71.446339,-6.989089],[-71.446447,-6.98921],[-71.44655,-6.989336],[-71.446646,-6.989466],[-71.446737,-6.989601],[-71.446822,-6.989739],[-71.446901,-6.989881],[-71.446973,-6.990027],[-71.447039,-6.990175],[-71.447098,-6.990326],[-71.447151,-6.99048],[-71.447196,-6.990636],[-71.447235,-6.990793],[-71.447266,-6.990953],[-71.447291,-6.991113],[-71.447308,-6.991274],[-71.447318,-6.991436],[-71.447321,-6.991599],[-71.447317,-6.991761],[-71.447305,-6.991923],[-71.447287,-6.992084],[-71.447261,-6.992244],[-71.447228,-6.992403],[-71.447188,-6.992561],[-71.447141,-6.992716],[-71.447088,-6.992869],[-71.447027,-6.99302],[-71.44696,-6.993168],[-71.446886,-6.993313],[-71.446807,-6.993454],[-71.44672,-6.993592],[-71.446628,-6.993725],[-71.44653,-6.993855],[-71.446427,-6.99398],[-71.446318,-6.9941],[-71.446203,-6.994215],[-71.446084,-6.994326],[-71.44596,-6.99443],[-71.445831,-6.99453],[-71.445698,-6.994623],[-71.445562,-6.99471],[-71.445421,-6.994792],[-71.445277,-6.994867],[-71.44513,-6.994935],[-71.444979,-6.994997],[-71.444827,-6.995052],[-71.444671,-6.995101],[-71.444514,-6.995142],[-71.444356,-6.995176],[-71.444196,-6.995204],[-71.444034,-6.995224],[-71.443872,-6.995237],[-71.44371,-6.995243],[-71.441323,-6.995277],[-71.441069,-6.995277],[-71.440815,-6.99527],[-71.440561,-6.995256],[-71.440307,-6.995235],[-71.440054,-6.995206],[-71.439803,-6.99517],[-71.439552,-6.995128],[-71.439302,-6.995078],[-71.439054,-6.995022],[-71.438808,-6.994958],[-71.438564,-6.994888],[-71.438322,-6.99481],[-71.438081,-6.994726],[-71.437844,-6.994635],[-71.437609,-6.994538],[-71.437377,-6.994434],[-71.437148,-6.994323],[-71.436922,-6.994207],[-71.4367,-6.994083],[-71.436481,-6.993954],[-71.436265,-6.993819],[-71.436054,-6.993677],[-71.435847,-6.99353],[-71.435644,-6.993377],[-71.435445,-6.993218],[-71.43388,-6.991931],[-71.43369,-6.99177],[-71.433504,-6.991604],[-71.433324,-6.991433],[-71.433148,-6.991257],[-71.432976,-6.991077],[-71.43281,-6.990892],[-71.432649,-6.990702],[-71.432494,-6.990508],[-71.432343,-6.99031],[-71.432199,-6.990107],[-71.432059,-6.989901],[-71.431926,-6.989691],[-71.431799,-6.989477],[-71.431677,-6.98926],[-71.431561,-6.98904],[-71.431452,-6.988817],[-71.431348,-6.988591],[-71.431251,-6.988362],[-71.431161,-6.98813],[-71.431076,-6.987896],[-71.430999,-6.98766],[-71.430927,-6.987421],[-71.430863,-6.987181],[-71.430805,-6.986939],[-71.430753,-6.986696],[-71.430709,-6.986451],[-71.430671,-6.986206],[-71.43064,-6.985959],[-71.430615,-6.985711],[-71.430598,-6.985463],[-71.430587,-6.985215],[-71.430493,-6.981958],[-71.430484,-6.98178],[-71.430468,-6.981603],[-71.430445,-6.981427],[-71.430415,-6.981252],[-71.430378,-6.981078],[-71.430334,-6.980905],[-71.430283,-6.980735],[-71.430225,-6.980567],[-71.430161,-6.980401],[-71.43009,-6.980238],[-71.430013,-6.980078],[-71.429929,-6.979921],[-71.429839,-6.979768],[-71.429742,-6.979618],[-71.42964,-6.979473],[-71.429532,-6.979331],[-71.429419,-6.979194],[-71.4293,-6.979062],[-71.429176,-6.978934],[-71.429047,-6.978812],[-71.428913,-6.978695],[-71.428774,-6.978583],[-71.428631,-6.978477],[-71.428484,-6.978377],[-71.428333,-6.978283],[-71.428178,-6.978195],[-71.42802,-6.978113],[-71.427859,-6.978038],[-71.427695,-6.977969],[-71.427528,-6.977907],[-71.427359,-6.977852],[-71.427188,-6.977803],[-71.427015,-6.977761],[-71.426841,-6.977727],[-71.426665,-6.977699],[-71.426488,-6.977678],[-71.42631,-6.977665],[-71.426133,-6.977658],[-71.425955,-6.977659],[-71.425777,-6.977667],[-71.4256,-6.977682],[-71.416533,-6.978633],[-71.41639,-6.978644],[-71.416246,-6.978649],[-71.416102,-6.978646],[-71.415958,-6.978636],[-71.415815,-6.978619],[-71.415673,-6.978594],[-71.415532,-6.978563],[-71.415393,-6.978525],[-71.415256,-6.97848],[-71.415122,-6.978428],[-71.41499,-6.978369],[-71.414862,-6.978305],[-71.414737,-6.978233],[-71.414615,-6.978156],[-71.414498,-6.978073],[-71.414384,-6.977984],[-71.414276,-6.977889],[-71.414172,-6.977789],[-71.414073,-6.977684],[-71.41398,-6.977575],[-71.413892,-6.97746],[-71.41381,-6.977342],[-71.413734,-6.97722],[-71.413665,-6.977094],[-71.413601,-6.976964],[-71.413544,-6.976832],[-71.413494,-6.976697],[-71.413451,-6.97656],[-71.413414,-6.976421],[-71.413384,-6.97628],[-71.413362,-6.976138],[-71.413346,-6.975995],[-71.413338,-6.975851],[-71.413289,-6.97435],[-71.413287,-6.974182],[-71.413293,-6.974014],[-71.413305,-6.973847],[-71.413325,-6.97368],[-71.413351,-6.973514],[-71.413385,-6.973349],[-71.413426,-6.973186],[-71.413474,-6.973025],[-71.413529,-6.972866],[-71.41359,-6.97271],[-71.413658,-6.972556],[-71.413732,-6.972405],[-71.413813,-6.972258],[-71.4139,-6.972114],[-71.413994,-6.971974],[-71.414093,-6.971838],[-71.414198,-6.971707],[-71.414308,-6.97158],[-71.414424,-6.971458],[-71.414544,-6.971341],[-71.41467,-6.971229],[-71.4148,-6.971123],[-71.414935,-6.971023],[-71.415074,-6.970928],[-71.415217,-6.970839],[-71.415364,-6.970757],[-71.415513,-6.970681],[-71.415666,-6.970611],[-71.415822,-6.970548],[-71.415981,-6.970491],[-71.416142,-6.970442],[-71.416304,-6.970399],[-71.416469,-6.970363],[-71.416634,-6.970335],[-71.416801,-6.970313],[-71.416969,-6.970299],[-71.417137,-6.970292],[-71.417305,-6.970291],[-71.417473,-6.970299],[-71.417641,-6.970313],[-71.417807,-6.970334],[-71.417973,-6.970363],[-71.418138,-6.970399],[-71.4183,-6.970441],[-71.418461,-6.970491],[-71.418619,-6.970547],[-71.418775,-6.97061],[-71.418928,-6.97068],[-71.426693,-6.974415],[-71.426852,-6.974487],[-71.427014,-6.974553],[-71.427179,-6.974613],[-71.427346,-6.974666],[-71.427515,-6.974712],[-71.427685,-6.974751],[-71.427857,-6.974783],[-71.428031,-6.974808],[-71.428205,-6.974827],[-71.428379,-6.974838],[-71.428554,-6.974842],[-71.428729,-6.974839],[-71.428904,-6.974829],[-71.429078,-6.974812],[-71.429252,-6.974788],[-71.429424,-6.974757],[-71.429595,-6.974719],[-71.429764,-6.974674],[-71.429931,-6.974622],[-71.430096,-6.974563],[-71.430259,-6.974498],[-71.430418,-6.974427],[-71.430575,-6.974349],[-71.430728,-6.974264],[-71.430878,-6.974174],[-71.431024,-6.974078],[-71.431166,-6.973975],[-71.431304,-6.973867],[-71.431437,-6.973754],[-71.431566,-6.973635],[-71.43169,-6.973512],[-71.431808,-6.973383],[-71.431921,-6.973249],[-71.432029,-6.973112],[-71.432131,-6.97297],[-71.432227,-6.972823],[-71.432318,-6.972674],[-71.432402,-6.97252],[-71.43248,-6.972363],[-71.432551,-6.972204],[-71.432616,-6.972041],[-71.432674,-6.971876],[-71.432726,-6.971709],[-71.43277,-6.97154],[-71.432808,-6.971369],[-71.432839,-6.971197],[-71.432863,-6.971024],[-71.43288,-6.97085],[-71.432889,-6.970675],[-71.432892,-6.9705],[-71.432888,-6.970325],[-71.432876,-6.970151],[-71.432858,-6.969977],[-71.432832,-6.969804],[-71.432799,-6.969632],[-71.43276,-6.969462],[-71.432713,-6.969293],[-71.43266,-6.969126],[-71.4326,-6.968962],[-71.432534,-6.9688],[-71.432461,-6.968641],[-71.432382,-6.968485],[-71.432296,-6.968333],[-71.432204,-6.968184],[-71.432107,-6.968039],[-71.432003,-6.967898],[-71.431894,-6.967761],[-71.431779,-6.967629],[-71.43051,-6.966222],[-71.430336,-6.966035],[-71.430157,-6.965852],[-71.429973,-6.965675],[-71.429784,-6.965503],[-71.42959,-6.965337],[-71.429391,-6.965176],[-71.429188,-6.965021],[-71.428981,-6.964871],[-71.42877,-6.964728],[-71.428554,-6.96459],[-71.428335,-6.964459],[-71.428112,-6.964334],[-71.427886,-6.964215],[-71.427656,-6.964103],[-71.427424,-6.963997],[-71.427188,-6.963898],[-71.42695,-6.963805],[-71.426709,-6.963719],[-71.426466,-6.96364],[-71.426221,-6.963568],[-71.425974,-6.963503],[-71.425725,-6.963445],[-71.425475,-6.963394],[-71.425223,-6.96335],[-71.42497,-6.963313],[-71.424716,-6.963284],[-71.424462,-6.963261],[-71.424207,-6.963246],[-71.423951,-6.963238],[-71.423695,-6.963237],[-71.42344,-6.963243],[-71.423185,-6.963257],[-71.421043,-6.963401],[-71.420752,-6.963424],[-71.420461,-6.963454],[-71.420171,-6.96349],[-71.419882,-6.963533],[-71.419595,-6.963583],[-71.419308,-6.963639],[-71.419023,-6.963702],[-71.418739,-6.963771],[-71.418457,-6.963847],[-71.418177,-6.96393],[-71.417899,-6.964018],[-71.417623,-6.964114],[-71.417349,-6.964215],[-71.417077,-6.964323],[-71.416809,-6.964437],[-71.416542,-6.964557],[-71.416279,-6.964684],[-71.416019,-6.964816],[-71.415762,-6.964955],[-71.415508,-6.965099],[-71.415257,-6.965249],[-71.412538,-6.966921],[-71.412331,-6.967044],[-71.41212,-6.967161],[-71.411907,-6.967272],[-71.41169,-6.967376],[-71.41147,-6.967475],[-71.411247,-6.967566],[-71.411022,-6.967652],[-71.410795,-6.967731],[-71.410565,-6.967803],[-71.410333,-6.967868],[-71.4101,-6.967927],[-71.409865,-6.967978],[-71.409628,-6.968023],[-71.40939,-6.968061],[-71.409152,-6.968092],[-71.408912,-6.968117],[-71.408672,-6.968134],[-71.408431,-6.968144],[-71.408191,-6.968147],[-71.40795,-6.968143],[-71.407709,-6.968133],[-71.407469,-6.968115],[-71.40723,-6.96809],[-71.406991,-6.968058],[-71.406753,-6.96802],[-71.406517,-6.967974],[-71.406282,-6.967922],[-71.406048,-6.967863],[-71.405817,-6.967797],[-71.405587,-6.967724],[-71.40536,-6.967645],[-71.405135,-6.967559],[-71.404913,-6.967467],[-71.404693,-6.967368],[-71.404477,-6.967263],[-71.404263,-6.967151],[-71.404053,-6.967034],[-71.403847,-6.96691],[-71.403644,-6.966781],[-71.403445,-6.966645],[-71.40325,-6.966504],[-71.403059,-6.966358],[-71.402872,-6.966205],[-71.40269,-6.966048],[-71.402513,-6.965885],[-71.399401,-6.962943],[-71.399285,-6.962838],[-71.399164,-6.962739],[-71.399038,-6.962645],[-71.398909,-6.962557],[-71.398776,-6.962475],[-71.398639,-6.962398],[-71.398498,-6.962329],[-71.398355,-6.962266],[-71.398209,-6.962209],[-71.39806,-6.962159],[-71.397909,-6.962116],[-71.397757,-6.96208],[-71.397603,-6.96205],[-71.397448,-6.962028],[-71.397292,-6.962013],[-71.397135,-6.962005],[-71.396979,-6.962004],[-71.396822,-6.962011],[-71.396666,-6.962024],[-71.396511,-6.962045],[-71.396356,-6.962072],[-71.396203,-6.962107],[-71.396052,-6.962148],[-71.395903,-6.962197],[-71.395757,-6.962252],[-71.395613,-6.962314],[-71.395471,-6.962382],[-71.395334,-6.962456],[-71.395199,-6.962537],[-71.395069,-6.962624],[-71.394943,-6.962717],[-71.394821,-6.962815],[-71.394703,-6.962919],[-71.394591,-6.963028],[-71.394483,-6.963142],[-71.394381,-6.963261],[-71.394285,-6.963384],[-71.394194,-6.963511],[-71.394109,-6.963643],[-71.39403,-6.963778],[-71.393957,-6.963917],[-71.393891,-6.964059],[-71.393831,-6.964204],[-71.393778,-6.964351],[-71.393732,-6.964501],[-71.393693,-6.964653],[-71.393661,-6.964806],[-71.393635,-6.96496],[-71.393617,-6.965116],[-71.393606,-6.965272],[-71.393602,-6.965429],[-71.393605,-6.965585],[-71.393615,-6.965741],[-71.393633,-6.965897],[-71.393657,-6.966052],[-71.393688,-6.966205],[-71.393727,-6.966357],[-71.393772,-6.966507],[-71.393824,-6.966655],[-71.396804,-6.974517],[-71.396848,-6.974644],[-71.396886,-6.974774],[-71.396917,-6.974905],[-71.396942,-6.975038],[-71.396959,-6.975172],[-71.39697,-6.975307],[-71.396974,-6.975442],[-71.39697,-6.975577],[-71.39696,-6.975712],[-71.396943,-6.975846],[-71.396918,-6.975979],[-71.396887,-6.976111],[-71.39685,-6.976241],[-71.396805,-6.976368],[-71.396754,-6.976494],[-71.396697,-6.976616],[-71.396633,-6.976735],[-71.396564,-6.976851],[-71.396488,-6.976963],[-71.396407,-6.977072],[-71.39632,-6.977175],[-71.396228,-6.977275],[-71.396132,-6.977369],[-71.39603,-6.977458],[-71.395924,-6.977542],[-71.395813,-6.97762],[-71.395699,-6.977693],[-71.395581,-6.977759],[-71.39546,-6.977819],[-71.395336,-6.977874],[-71.39521,-6.977921],[-71.395081,-6.977962],[-71.39495,-6.977996],[-71.394817,-6.978024],[-71.394684,-6.978044],[-71.394549,-6.978058],[-71.394414,-6.978065],[-71.394279,-6.978065],[-71.394144,-6.978058],[-71.394009,-6.978043],[-71.393875,-6.978022],[-71.393743,-6.977994],[-71.393612,-6.97796],[-71.393483,-6.977918],[-71.393357,-6.97787],[-71.393233,-6.977816],[-71.393112,-6.977755],[-71.392995,-6.977689],[-71.392881,-6.977616],[-71.392771,-6.977537],[-71.392665,-6.977453],[-71.392563,-6.977363],[-71.392467,-6.977269],[-71.392375,-6.977169],[-71.392289,-6.977065],[-71.392208,-6.976957],[-71.387768,-6.970676],[-71.387674,-6.97055],[-71.387575,-6.970428],[-71.387471,-6.970311],[-71.387361,-6.970198],[-71.387246,-6.97009],[-71.387127,-6.969988],[-71.387004,-6.969891],[-71.386876,-6.969799],[-71.386744,-6.969714],[-71.386609,-6.969634],[-71.38647,-6.96956],[-71.386328,-6.969493],[-71.386183,-6.969432],[-71.386035,-6.969377],[-71.385886,-6.96933],[-71.385734,-6.969288],[-71.38558,-6.969254],[-71.385426,-6.969227],[-71.38527,-6.969206],[-71.385113,-6.969193],[-71.384956,-6.969186],[-71.384799,-6.969186],[-71.384642,-6.969194],[-71.384485,-6.969208],[-71.384329,-6.969229],[-71.384175,-6.969258],[-71.384021,-6.969293],[-71.38387,-6.969335],[-71.38372,-6.969383],[-71.383573,-6.969439],[-71.383429,-6.9695],[-71.383287,-6.969568],[-71.383148,-6.969643],[-71.383013,-6.969723],[-71.382882,-6.969809],[-71.382755,-6.969902],[-71.382632,-6.969999],[-71.382513,-6.970102],[-71.382399,-6.970211],[-71.38229,-6.970324],[-71.382186,-6.970442],[-71.382088,-6.970564],[-71.381995,-6.970691],[-71.381908,-6.970822],[-71.381826,-6.970956],[-71.381751,-6.971094],[-71.381682,-6.971235],[-71.38162,-6.971379],[-71.381563,-6.971526],[-71.381514,-6.971675],[-71.381471,-6.971826],[-71.380978,-6.973731],[-71.380945,-6.973869],[-71.38092,-6.974007],[-71.380902,-6.974147],[-71.38089,-6.974288],[-71.380885,-6.974429],[-71.380887,-6.97457],[-71.380896,-6.974711],[-71.380912,-6.974851],[-71.380935,-6.97499],[-71.380964,-6.975128],[-71.381,-6.975264],[-71.381043,-6.975399],[-71.381092,-6.975531],[-71.381148,-6.975661],[-71.38121,-6.975788],[-71.381278,-6.975911],[-71.381352,-6.976031],[-71.381432,-6.976148],[-71.384999,-6.981091],[-71.385086,-6.981218],[-71.385168,-6.981349],[-71.385244,-6.981484],[-71.385313,-6.981622],[-71.385376,-6.981763],[-71.385433,-6.981906],[-71.385483,-6.982052],[-71.385526,-6.9822],[-71.385563,-6.98235],[-71.385593,-6.982502],[-71.385616,-6.982654],[-71.385632,-6.982808],[-71.385641,-6.982962],[-71.385643,-6.983116],[-71.385638,-6.983271],[-71.385626,-6.983425],[-71.385607,-6.983578],[-71.385581,-6.98373],[-71.385548,-6.983881],[-71.385509,-6.98403],[-71.385463,-6.984177],[-71.38541,-6.984322],[-71.38535,-6.984465],[-71.385284,-6.984605],[-71.385212,-6.984741],[-71.385134,-6.984874],[-71.38505,-6.985004],[-71.38496,-6.985129],[-71.384865,-6.985251],[-71.384764,-6.985367],[-71.384658,-6.98548],[-71.384546,-6.985587],[-71.384431,-6.985689],[-71.38431,-6.985786],[-71.384186,-6.985877],[-71.384057,-6.985963],[-71.383925,-6.986042],[-71.383789,-6.986116],[-71.38365,-6.986183],[-71.383508,-6.986244],[-71.383363,-6.986298],[-71.383216,-6.986346],[-71.383068,-6.986387],[-71.382917,-6.986422],[-71.382765,-6.986449],[-71.382612,-6.98647],[-71.382458,-6.986484],[-71.382304,-6.98649],[-71.382149,-6.98649],[-71.381995,-6.986483],[-71.381841,-6.986469],[-71.381688,-6.986447],[-71.381536,-6.986419],[-71.381385,-6.986384],[-71.381237,-6.986343],[-71.38109,-6.986294],[-71.380946,-6.986239],[-71.374202,-6.983493],[-71.374026,-6.983418],[-71.373852,-6.983335],[-71.373681,-6.983247],[-71.373514,-6.983152],[-71.37335,-6.983051],[-71.37319,-6.982945],[-71.373034,-6.982832],[-71.372882,-6.982714],[-71.372735,-6.98259],[-71.372592,-6.982461],[-71.372454,-6.982327],[-71.372322,-6.982188],[-71.372194,-6.982044],[-71.372072,-6.981896],[-71.371955,-6.981743],[-71.371844,-6.981586],[-71.371739,-6.981426],[-71.371639,-6.981261],[-71.371546,-6.981093],[-71.371459,-6.980921],[-71.371379,-6.980747],[-71.371305,-6.980569],[-71.371237,-6.980389],[-71.371176,-6.980207],[-71.371122,-6.980023],[-71.371075,-6.979836],[-71.371034,-6.979648],[-71.371001,-6.979459],[-71.370974,-6.979269],[-71.370954,-6.979078],[-71.370942,-6.978886],[-71.370936,-6.978694],[-71.370938,-6.978502],[-71.370946,-6.97831],[-71.370962,-6.978118],[-71.370985,-6.977927],[-71.371014,-6.977737],[-71.371051,-6.977548],[-71.371094,-6.977361],[-71.371145,-6.977176],[-71.371202,-6.976992],[-71.371265,-6.976811],[-71.371336,-6.976632],[-71.371413,-6.976456],[-71.371496,-6.976283],[-71.371585,-6.976112],[-71.371681,-6.975946],[-71.371783,-6.975783],[-71.371891,-6.975623],[-71.372004,-6.975468],[-71.372123,-6.975317],[-71.372248,-6.975171],[-71.372378,-6.975029],[-71.372513,-6.974892],[-71.374335,-6.97311],[-71.374448,-6.972995],[-71.374555,-6.972876],[-71.374657,-6.972751],[-71.374754,-6.972623],[-71.374845,-6.97249],[-71.37493,-6.972354],[-71.375009,-6.972214],[-71.375082,-6.972071],[-71.375149,-6.971924],[-71.375209,-6.971775],[-71.375263,-6.971624],[-71.37531,-6.97147],[-71.375351,-6.971314],[-71.375384,-6.971157],[-71.375411,-6.970999],[-71.375431,-6.970839],[-71.375444,-6.970679],[-71.37545,-6.970518],[-71.375449,-6.970358],[-71.375441,-6.970197],[-71.375426,-6.970037],[-71.375404,-6.969878],[-71.375375,-6.96972],[-71.375339,-6.969563],[-71.375297,-6.969408],[-71.375248,-6.969255],[-71.375192,-6.969104],[-71.37513,-6.968956],[-71.375061,-6.96881],[-71.374987,-6.968668],[-71.374906,-6.968529],[-71.374819,-6.968394],[-71.374726,-6.968262],[-71.372586,-6.965363],[-71.372471,-6.965201],[-71.372362,-6.965034],[-71.372258,-6.964864],[-71.372161,-6.96469],[-71.37207,-6.964513],[-71.371986,-6.964332],[-71.371908,-6.964149],[-71.371837,-6.963962],[-71.371773,-6.963774],[-71.371715,-6.963583],[-71.371665,-6.96339],[-71.371621,-6.963196],[-71.371585,-6.963],[-71.371556,-6.962803],[-71.371534,-6.962605],[-71.371519,-6.962406],[-71.371511,-6.962207],[-71.37151,-6.962008],[-71.371517,-6.961809],[-71.37153,-6.96161],[-71.371551,-6.961412],[-71.37158,-6.961215],[-71.371615,-6.961019],[-71.371657,-6.960824],[-71.371706,-6.960631],[-71.371763,-6.96044],[-71.371826,-6.960251],[-71.371896,-6.960064],[-71.371972,-6.95988],[-71.372056,-6.959699],[-71.372145,-6.959522],[-71.372241,-6.959347],[-71.372344,-6.959176],[-71.372452,-6.959009],[-71.372567,-6.958846],[-71.372687,-6.958687],[-71.372813,-6.958532],[-71.372944,-6.958382],[-71.373081,-6.958237],[-71.373223,-6.958098],[-71.37337,-6.957963],[-71.373521,-6.957833],[-71.373677,-6.95771],[-71.373838,-6.957592],[-71.374003,-6.957479],[-71.374171,-6.957373],[-71.374344,-6.957273],[-71.37452,-6.95718],[-71.374699,-6.957092],[-71.374881,-6.957011],[-71.375066,-6.956937],[-71.375254,-6.95687],[-71.375444,-6.956809],[-71.379571,-6.955574],[-71.379692,-6.955534],[-71.37981,-6.955488],[-71.379926,-6.955435],[-71.380039,-6.955376],[-71.380148,-6.955311],[-71.380254,-6.95524],[-71.380355,-6.955163],[-71.380452,-6.955081],[-71.380545,-6.954994],[-71.380633,-6.954902],[-71.380715,-6.954805],[-71.380792,-6.954704],[-71.380863,-6.954598],[-71.380929,-6.954489],[-71.380988,-6.954377],[-71.381042,-6.954261],[-71.381088,-6.954143],[-71.381129,-6.954022],[-71.381162,-6.9539],[-71.381189,-6.953776],[-71.381209,-6.95365],[-71.381222,-6.953523],[-71.381228,-6.953396],[-71.381227,-6.953269],[-71.381219,-6.953142],[-71.381204,-6.953016],[-71.381183,-6.952891],[-71.381154,-6.952767],[-71.381119,-6.952645],[-71.381077,-6.952525],[-71.381029,-6.952407],[-71.380974,-6.952292],[-71.380913,-6.952181],[-71.380846,-6.952072],[-71.380773,-6.951968],[-71.380695,-6.951868],[-71.380611,-6.951772],[-71.380522,-6.951681],[-71.380428,-6.951595],[-71.38033,-6.951515],[-71.380227,-6.951439],[-71.380121,-6.95137],[-71.380011,-6.951306],[-71.379897,-6.951249],[-71.379781,-6.951198],[-71.379661,-6.951153],[-71.37954,-6.951115],[-71.379417,-6.951083],[-71.379292,-6.951059],[-71.370585,-6.949585],[-71.370312,-6.949536],[-71.37004,-6.949479],[-71.36977,-6.949415],[-71.369501,-6.949344],[-71.369234,-6.949267],[-71.36897,-6.949183],[-71.368707,-6.949092],[-71.368448,-6.948994],[-71.36819,-6.94889],[-71.367936,-6.948779],[-71.367684,-6.948662],[-71.367435,-6.948538],[-71.36719,-6.948408],[-71.366948,-6.948272],[-71.36671,-6.948129],[-71.366475,-6.947981],[-71.366244,-6.947826],[-71.366017,-6.947666],[-71.365795,-6.9475],[-71.365577,-6.947329],[-71.365363,-6.947152],[-71.365154,-6.946969],[-71.364949,-6.946781],[-71.36475,-6.946588],[-71.364555,-6.94639],[-71.364366,-6.946187],[-71.364182,-6.945979],[-71.364003,-6.945767],[-71.363829,-6.94555],[-71.363662,-6.945329],[-71.3635,-6.945104],[-71.363344,-6.944874],[-71.363193,-6.944641],[-71.363049,-6.944404],[-71.362911,-6.944163],[-71.362779,-6.943918],[-71.362654,-6.943671],[-71.362535,-6.94342],[-71.359066,-6.935877],[-71.359004,-6.935751],[-71.358936,-6.935628],[-71.358861,-6.935508],[-71.358781,-6.935393],[-71.358694,-6.935282],[-71.358602,-6.935175],[-71.358505,-6.935074],[-71.358403,-6.934977],[-71.358296,-6.934886],[-71.358184,-6.9348],[-71.358068,-6.93472],[-71.357948,-6.934646],[-71.357825,-6.934579],[-71.357698,-6.934517],[-71.357569,-6.934462],[-71.357436,-6.934414],[-71.357302,-6.934373],[-71.357165,-6.934339],[-71.357027,-6.934311],[-71.356888,-6.934291],[-71.356748,-6.934278],[-71.356607,-6.934272],[-71.356467,-6.934273],[-71.356326,-6.934281],[-71.356186,-6.934297],[-71.356047,-6.934319],[-71.35591,-6.934349],[-71.355774,-6.934385],[-71.35564,-6.934429],[-71.355508,-6.934479],[-71.35538,-6.934536],[-71.355254,-6.934599],[-71.355132,-6.934669],[-71.355013,-6.934745],[-71.354899,-6.934827],[-71.354788,-6.934914],[-71.354683,-6.935007],[-71.354582,-6.935106],[-71.354486,-6.935209],[-71.354396,-6.935317],[-71.354312,-6.935429],[-71.354233,-6.935546],[-71.35416,-6.935667],[-71.354094,-6.935791],[-71.354034,-6.935918],[-71.353981,-6.936048],[-71.353934,-6.936181],[-71.353894,-6.936316],[-71.353861,-6.936452],[-71.353836,-6.936591],[-71.353817,-6.93673],[-71.353805,-6.93687],[-71.353801,-6.937011],[-71.353803,-6.937151],[-71.353813,-6.937292],[-71.354183,-6.941136],[-71.35421,-6.941383],[-71.354244,-6.941629],[-71.354285,-6.941874],[-71.354333,-6.942118],[-71.354387,-6.942361],[-71.354448,-6.942602],[-71.354515,-6.942841],[-71.354589,-6.943078],[-71.35467,-6.943314],[-71.354757,-6.943547],[-71.35485,-6.943777],[-71.35495,-6.944005],[-71.355056,-6.94423],[-71.355168,-6.944452],[-71.355286,-6.94467],[-71.35541,-6.944886],[-71.356753,-6.947147],[-71.35688,-6.947366],[-71.357,-6.947589],[-71.357113,-6.947814],[-71.357221,-6.948044],[-71.357322,-6.948275],[-71.357416,-6.94851],[-71.357504,-6.948747],[-71.357585,-6.948987],[-71.357659,-6.949229],[-71.357727,-6.949472],[-71.357787,-6.949718],[-71.357841,-6.949965],[-71.357888,-6.950214],[-71.357928,-6.950463],[-71.357961,-6.950714],[-71.357987,-6.950966],[-71.358005,-6.951218],[-71.358017,-6.951471],[-71.358022,-6.951724],[-71.358019,-6.951976],[-71.35801,-6.952229],[-71.357993,-6.952482],[-71.357969,-6.952733],[-71.357939,-6.952984],[-71.357901,-6.953235],[-71.357856,-6.953483],[-71.357805,-6.953731],[-71.357746,-6.953977],[-71.35768,-6.954221],[-71.357608,-6.954464],[-71.357529,-6.954704],[-71.357443,-6.954942],[-71.357351,-6.955178],[-71.357252,-6.95541],[-71.357147,-6.95564],[-71.357035,-6.955867],[-71.356917,-6.956091],[-71.356793,-6.956311],[-71.356662,-6.956528],[-71.356526,-6.956741],[-71.356383,-6.95695],[-71.356235,-6.957155],[-71.356081,-6.957356],[-71.355922,-6.957552],[-71.355757,-6.957744],[-71.355587,-6.957932],[-71.355412,-6.958114],[-71.355231,-6.958291],[-71.355046,-6.958464],[-71.354856,-6.958631],[-71.354661,-6.958792],[-71.354462,-6.958949],[-71.354259,-6.959099],[-71.354051,-6.959244],[-71.35384,-6.959383],[-71.353624,-6.959516],[-71.349561,-6.961948],[-71.349347,-6.96208],[-71.349138,-6.962218],[-71.348932,-6.962361],[-71.34873,-6.96251],[-71.348532,-6.962665],[-71.348339,-6.962825],[-71.348151,-6.96299],[-71.347967,-6.963161],[-71.347787,-6.963336],[-71.347613,-6.963517],[-71.347444,-6.963702],[-71.34728,-6.963892],[-71.347121,-6.964086],[-71.346968,-6.964285],[-71.346821,-6.964487],[-71.344874,-6.967242],[-71.344803,-6.967335],[-71.344727,-6.967424],[-71.344646,-6.967509],[-71.34456,-6.967588],[-71.344469,-6.967663],[-71.344375,-6.967732],[-71.344276,-6.967794],[-71.344173,-6.967851],[-71.344068,-6.967902],[-71.343959,-6.967947],[-71.343848,-6.967984],[-71.343735,-6.968016],[-71.343621,-6.96804],[-71.343505,-6.968057],[-71.343388,-6.968068],[-71.343271,-6.968071],[-71.343154,-6.968068],[-71.343037,-6.968057],[-71.342921,-6.96804],[-71.342807,-6.968016],[-71.342694,-6.967985],[-71.342583,-6.967947],[-71.342474,-6.967903],[-71.342368,-6.967852],[-71.342266,-6.967795],[-71.342167,-6.967732],[-71.342072,-6.967664],[-71.341982,-6.967589],[-71.341895,-6.96751],[-71.341814,-6.967425],[-71.341738,-6.967336],[-71.341668,-6.967243],[-71.341603,-6.967145],[-71.341544,-6.967044],[-71.341491,-6.966939],[-71.341445,-6.966832],[-71.341405,-6.966722],[-71.341372,-6.966609],[-71.341346,-6.966495],[-71.341326,-6.96638],[-71.340707,-6.961922],[-71.340685,-6.961792],[-71.340657,-6.961664],[-71.340621,-6.961537],[-71.340579,-6.961413],[-71.34053,-6.96129],[-71.340474,-6.961171],[-71.340413,-6.961055],[-71.340345,-6.960942],[-71.340271,-6.960833],[-71.340191,-6.960729],[-71.340106,-6.960628],[-71.340015,-6.960533],[-71.33992,-6.960442],[-71.339819,-6.960357],[-71.339715,-6.960277],[-71.339606,-6.960203],[-71.339493,-6.960135],[-71.339377,-6.960073],[-71.339257,-6.960018],[-71.339135,-6.959969],[-71.339011,-6.959927],[-71.338884,-6.959891],[-71.338755,-6.959862],[-71.338625,-6.959841],[-71.338495,-6.959826],[-71.338363,-6.959818],[-71.338231,-6.959818],[-71.3381,-6.959825],[-71.337969,-6.959838],[-71.337839,-6.959859],[-71.33771,-6.959887],[-71.337583,-6.959921],[-71.337458,-6.959962],[-71.337336,-6.96001],[-71.337216,-6.960065],[-71.337099,-6.960126],[-71.336986,-6.960193],[-71.336876,-6.960266],[-71.336771,-6.960345],[-71.33667,-6.960429],[-71.336574,-6.960519],[-71.336482,-6.960614],[-71.336396,-6.960714],[-71.335256,-6.962108],[-71.335166,-6.962223],[-71.335082,-6.962343],[-71.335004,-6.962466],[-71.334931,-6.962593],[-71.334865,-6.962723],[-71.334805,-6.962856],[-71.334751,-6.962992],[-71.334704,-6.96313],[-71.334663,-6.96327],[-71.33463,-6.963412],[-71.334603,-6.963555],[-71.334582,-6.9637],[-71.334569,-6.963845],[-71.334469,-6.965313],[-71.334451,-6.965547],[-71.334425,-6.965781],[-71.334394,-6.966015],[-71.334357,-6.966247],[-71.334314,-6.966478],[-71.334264,-6.966708],[-71.333906,-6.96828],[-71.333871,-6.968419],[-71.333829,-6.968556],[-71.33378,-6.968691],[-71.333724,-6.968823],[-71.333662,-6.968952],[-71.333594,-6.969079],[-71.333519,-6.969201],[-71.333439,-6.96932],[-71.333352,-6.969434],[-71.33326,-6.969545],[-71.333163,-6.96965],[-71.333061,-6.969751],[-71.332953,-6.969846],[-71.332842,-6.969936],[-71.332725,-6.97002],[-71.332605,-6.970098],[-71.332481,-6.970171],[-71.332354,-6.970237],[-71.332223,-6.970297],[-71.33209,-6.97035],[-71.331954,-6.970396],[-71.331816,-6.970436],[-71.331677,-6.970469],[-71.331535,-6.970495],[-71.331393,-6.970514],[-71.33125,-6.970525],[-71.331107,-6.97053],[-71.330963,-6.970528],[-71.33082,-6.970518],[-71.330677,-6.970501],[-71.330536,-6.970478],[-71.330396,-6.970447],[-71.330257,-6.97041],[-71.33012,-6.970365],[-71.329986,-6.970314],[-71.329855,-6.970257],[-71.329727,-6.970192],[-71.329601,-6.970122],[-71.32948,-6.970046],[-71.329363,-6.969963],[-71.329249,-6.969875],[-71.329141,-6.969781],[-71.329037,-6.969683],[-71.328938,-6.969579],[-71.328844,-6.96947],[-71.328756,-6.969357],[-71.328673,-6.969239],[-71.328597,-6.969118],[-71.328527,-6.968993],[-71.328462,-6.968865],[-71.328405,-6.968733],[-71.328354,-6.968599],[-71.326513,-6.963379],[-71.326466,-6.963258],[-71.326414,-6.96314],[-71.326355,-6.963025],[-71.32629,-6.962913],[-71.32622,-6.962804],[-71.326143,-6.9627],[-71.326062,-6.962599],[-71.325975,-6.962504],[-71.325883,-6.962413],[-71.325786,-6.962326],[-71.325685,-6.962246],[-71.32558,-6.96217],[-71.325471,-6.9621],[-71.325358,-6.962037],[-71.325243,-6.961979],[-71.325124,-6.961927],[-71.325003,-6.961882],[-71.324879,-6.961843],[-71.324754,-6.961811],[-71.324627,-6.961785],[-71.324499,-6.961767],[-71.32437,-6.961755],[-71.324241,-6.96175],[-71.324111,-6.961751],[-71.323982,-6.96176],[-71.323854,-6.961776],[-71.323726,-6.961798],[-71.3236,-6.961827],[-71.323475,-6.961862],[-71.323353,-6.961904],[-71.323233,-6.961953],[-71.323116,-6.962008],[-71.323002,-6.962069],[-71.322891,-6.962136],[-71.322784,-6.962208],[-71.31973,-6.964401],[-71.319527,-6.964551],[-71.319328,-6.964707],[-71.319133,-6.964869],[-71.318943,-6.965036],[-71.318758,-6.965208],[-71.318578,-6.965385],[-71.318402,-6.965567],[-71.318232,-6.965754],[-71.318067,-6.965946],[-71.317908,-6.966142],[-71.317754,-6.966342],[-71.317606,-6.966547],[-71.317463,-6.966756],[-71.317327,-6.966969],[-71.314316,-6.971808],[-71.314234,-6.971933],[-71.314146,-6.972055],[-71.314052,-6.972172],[-71.313953,-6.972285],[-71.313848,-6.972392],[-71.313738,-6.972495],[-71.313624,-6.972592],[-71.313505,-6.972684],[-71.313382,-6.97277],[-71.313255,-6.972851],[-71.313125,-6.972925],[-71.312991,-6.972993],[-71.312854,-6.973054],[-71.312714,-6.973109],[-71.312572,-6.973157],[-71.312427,-6.973198],[-71.312281,-6.973233],[-71.312133,-6.97326],[-71.311984,-6.973281],[-71.311835,-6.973294],[-71.311685,-6.9733],[-71.311535,-6.9733],[-71.311385,-6.973292],[-71.311235,-6.973277],[-71.311087,-6.973254],[-71.310939,-6.973225],[-71.310793,-6.973189],[-71.310649,-6.973146],[-71.310508,-6.973096],[-71.310368,-6.97304],[-71.310232,-6.972977],[-71.310099,-6.972908],[-71.309969,-6.972832],[-71.309843,-6.972751],[-71.309721,-6.972663],[-71.309603,-6.97257],[-71.30949,-6.972471],[-71.309382,-6.972367],[-71.309278,-6.972258],[-71.30918,-6.972145],[-71.309088,-6.972026],[-71.309001,-6.971904],[-71.30892,-6.971777],[-71.308845,-6.971647],[-71.308777,-6.971514],[-71.308715,-6.971377],[-71.308659,-6.971238],[-71.30861,-6.971096],[-71.308568,-6.970952],[-71.308533,-6.970806],[-71.308505,-6.970658],[-71.308483,-6.97051],[-71.308469,-6.97036],[-71.308462,-6.97021],[-71.308462,-6.97006],[-71.30847,-6.96991],[-71.308484,-6.969761],[-71.308505,-6.969612],[-71.308534,-6.969465],[-71.308569,-6.969319],[-71.308611,-6.969175],[-71.30866,-6.969033],[-71.309123,-6.967792],[-71.309197,-6.967603],[-71.309277,-6.967416],[-71.309364,-6.967231],[-71.309456,-6.96705],[-71.309554,-6.966871],[-71.309657,-6.966696],[-71.309766,-6.966524],[-71.309881,-6.966356],[-71.310001,-6.966191],[-71.310126,-6.966031],[-71.310257,-6.965874],[-71.310392,-6.965722],[-71.310532,-6.965574],[-71.310677,-6.965431],[-71.310826,-6.965293],[-71.31098,-6.965159],[-71.312216,-6.96412],[-71.31239,-6.963978],[-71.312568,-6.963841],[-71.312749,-6.963709],[-71.312934,-6.963581],[-71.313123,-6.963459],[-71.313314,-6.963342],[-71.313509,-6.963231],[-71.313707,-6.963125],[-71.313908,-6.963024],[-71.314111,-6.962929],[-71.314317,-6.96284],[-71.314526,-6.962756],[-71.320532,-6.96044],[-71.320663,-6.960385],[-71.320792,-6.960324],[-71.320917,-6.960257],[-71.321039,-6.960184],[-71.321157,-6.960105],[-71.321271,-6.960021],[-71.321381,-6.95993],[-71.321487,-6.959835],[-71.321587,-6.959734],[-71.321683,-6.959629],[-71.321773,-6.959519],[-71.321857,-6.959405],[-71.321936,-6.959286],[-71.322009,-6.959164],[-71.322076,-6.959039],[-71.322137,-6.95891],[-71.322191,-6.958779],[-71.322239,-6.958645],[-71.32228,-6.958509],[-71.322315,-6.958371],[-71.322342,-6.958232],[-71.322363,-6.958091],[-71.322376,-6.95795],[-71.322501,-6.956227],[-71.322508,-6.956084],[-71.322507,-6.95594],[-71.3225,-6.955796],[-71.322485,-6.955653],[-71.322463,-6.95551],[-71.322434,-6.955369],[-71.322399,-6.95523],[-71.322356,-6.955093],[-71.322306,-6.954957],[-71.32225,-6.954825],[-71.322187,-6.954695],[-71.322118,-6.954569],[-71.322043,-6.954446],[-71.321962,-6.954327],[-71.321875,-6.954213],[-71.321782,-6.954103],[-71.319978,-6.952066],[-71.319831,-6.951905],[-71.319679,-6.951748],[-71.319521,-6.951597],[-71.319359,-6.951451],[-71.319193,-6.95131],[-71.319021,-6.951175],[-71.318846,-6.951045],[-71.318666,-6.950921],[-71.318483,-6.950803],[-71.318296,-6.95069],[-71.318105,-6.950584],[-71.317911,-6.950484],[-71.317714,-6.95039],[-71.31421,-6.948792],[-71.314016,-6.948707],[-71.313818,-6.948628],[-71.313619,-6.948556],[-71.313417,-6.948489],[-71.313214,-6.948429],[-71.313008,-6.948375],[-71.312801,-6.948328],[-71.312593,-6.948287],[-71.312384,-6.948253],[-71.312173,-6.948225],[-71.311962,-6.948204],[-71.31175,-6.94819],[-71.310102,-6.948103],[-71.309901,-6.948096],[-71.3097,-6.948096],[-71.309499,-6.948103],[-71.309299,-6.948117],[-71.309099,-6.948139],[-71.3089,-6.948167],[-71.308702,-6.948202],[-71.308506,-6.948244],[-71.308311,-6.948293],[-71.308118,-6.948349],[-71.307927,-6.948412],[-71.307739,-6.948482],[-71.307553,-6.948558],[-71.307369,-6.94864],[-71.307189,-6.948729],[-71.307012,-6.948824],[-71.306839,-6.948926],[-71.306669,-6.949033],[-71.306503,-6.949146],[-71.306341,-6.949266],[-71.306184,-6.94939],[-71.306031,-6.949521],[-71.305883,-6.949656],[-71.305739,-6.949797],[-71.305601,-6.949942],[-71.305468,-6.950093],[-71.30534,-6.950248],[-71.305218,-6.950407],[-71.305101,-6.950571],[-71.304991,-6.950738],[-71.304886,-6.95091],[-71.304787,-6.951085],[-71.304695,-6.951263],[-71.304609,-6.951445],[-71.30453,-6.951629],[-71.304457,-6.951816],[-71.30439,-6.952006],[-71.304331,-6.952198],[-71.304278,-6.952391],[-71.303345,-6.956074],[-71.303296,-6.956252],[-71.303241,-6.956428],[-71.30318,-6.956601],[-71.303112,-6.956773],[-71.303038,-6.956942],[-71.302957,-6.957108],[-71.302871,-6.957271],[-71.302779,-6.95743],[-71.302681,-6.957586],[-71.302577,-6.957739],[-71.302468,-6.957887],[-71.302353,-6.958032],[-71.302233,-6.958172],[-71.302108,-6.958307],[-71.301978,-6.958438],[-71.301843,-6.958564],[-71.301704,-6.958686],[-71.301561,-6.958801],[-71.301413,-6.958912],[-71.301262,-6.959017],[-71.301106,-6.959116],[-71.300947,-6.95921],[-71.300785,-6.959298],[-71.300619,-6.959379],[-71.300451,-6.959455],[-71.30028,-6.959524],[-71.300107,-6.959587],[-71.295603,-6.961131],[-71.295509,-6.961167],[-71.295417,-6.96121],[-71.295328,-6.961259],[-71.295242,-6.961314],[-71.295161,-6.961375],[-71.295085,-6.961442],[-71.295013,-6.961514],[-71.294947,-6.961591],[-71.294886,-6.961672],[-71.29483,-6.961757],[-71.294781,-6.961846],[-71.294739,-6.961938],[-71.294703,-6.962033],[-71.294673,-6.96213],[-71.294651,-6.962229],[-71.294636,-6.96233],[-71.294627,-6.962431],[-71.294626,-6.962532],[-71.294632,-6.962634],[-71.294645,-6.962734],[-71.294665,-6.962834],[-71.294692,-6.962932],[-71.294726,-6.963027],[-71.294766,-6.963121],[-71.294813,-6.963211],[-71.294866,-6.963297],[-71.294925,-6.96338],[-71.29499,-6.963458],[-71.29506,-6.963532],[-71.295135,-6.9636],[-71.295215,-6.963663],[-71.295299,-6.96372],[-71.295386,-6.963772],[-71.296702,-6.964481],[-71.296815,-6.964538],[-71.29693,-6.964589],[-71.297048,-6.964634],[-71.297168,-6.964673],[-71.29729,-6.964705],[-71.297414,-6.964732],[-71.297539,-6.964751],[-71.297664,-6.964765],[-71.297791,-6.964772],[-71.297917,-6.964772],[-71.298043,-6.964766],[-71.298169,-6.964753],[-71.298294,-6.964734],[-71.302102,-6.96405],[-71.302206,-6.964034],[-71.302312,-6.964026],[-71.302417,-6.964024],[-71.302522,-6.964029],[-71.302627,-6.964041],[-71.302731,-6.96406],[-71.302833,-6.964085],[-71.302934,-6.964117],[-71.303032,-6.964156],[-71.303128,-6.9642],[-71.30322,-6.964251],[-71.303309,-6.964308],[-71.303394,-6.96437],[-71.303475,-6.964437],[-71.303552,-6.96451],[-71.303623,-6.964588],[-71.303689,-6.96467],[-71.30375,-6.964756],[-71.303805,-6.964846],[-71.303855,-6.964939],[-71.303898,-6.965035],[-71.303934,-6.965134],[-71.303965,-6.965235],[-71.303988,-6.965338],[-71.304005,-6.965442],[-71.304015,-6.965546],[-71.304019,-6.965652],[-71.304018,-6.967105],[-71.304014,-6.967245],[-71.304004,-6.967385],[-71.303987,-6.967524],[-71.303963,-6.967662],[-71.303933,-6.967798],[-71.303896,-6.967934],[-71.303852,-6.968067],[-71.303802,-6.968198],[-71.303746,-6.968326],[-71.303684,-6.968452],[-71.303615,-6.968574],[-71.303541,-6.968693],[-71.303461,-6.968808],[-71.303376,-6.968919],[-71.303285,-6.969026],[-71.30319,-6.969128],[-71.303089,-6.969226],[-71.302984,-6.969319],[-71.302874,-6.969406],[-71.302761,-6.969488],[-71.302643,-6.969564],[-71.302522,-6.969635],[-71.302398,-6.9697],[-71.30227,-6.969758],[-71.30214,-6.969811],[-71.302008,-6.969857],[-71.301873,-6.969896],[-71.301737,-6.969929],[-71.301599,-6.969956],[-71.30146,-6.969976],[-71.299478,-6.970208],[-71.29925,-6.970232],[-71.299022,-6.97025],[-71.298793,-6.970262],[-71.298564,-6.970268],[-71.298335,-6.970269],[-71.298106,-6.970264],[-71.295016,-6.970156],[-71.294885,-6.970154],[-71.294754,-6.97016],[-71.294623,-6.970173],[-71.294493,-6.970194],[-71.294364,-6.970221],[-71.294237,-6.970254],[-71.294112,-6.970295],[-71.293989,-6.970342],[-71.293869,-6.970396],[-71.293753,-6.970457],[-71.293639,-6.970523],[-71.293529,-6.970595],[-71.293424,-6.970674],[-71.293323,-6.970758],[-71.293226,-6.970847],[-71.293134,-6.970941],[-71.293048,-6.97104],[-71.292967,-6.971143],[-71.292892,-6.971251],[-71.292822,-6.971363],[-71.292759,-6.971478],[-71.292702,-6.971596],[-71.292086,-6.972969],[-71.29201,-6.973146],[-71.291941,-6.973326],[-71.291878,-6.973508],[-71.291821,-6.973692],[-71.291771,-6.973879],[-71.291727,-6.974067],[-71.291691,-6.974256],[-71.291661,-6.974446],[-71.291637,-6.974638],[-71.291621,-6.97483],[-71.291611,-6.975022],[-71.291608,-6.975215],[-71.291612,-6.975408],[-71.291623,-6.975601],[-71.29164,-6.975793],[-71.292176,-6.980699],[-71.292185,-6.980813],[-71.292187,-6.980927],[-71.292182,-6.981041],[-71.29217,-6.981154],[-71.292152,-6.981267],[-71.292127,-6.981378],[-71.292095,-6.981488],[-71.292057,-6.981595],[-71.292012,-6.9817],[-71.291961,-6.981802],[-71.291904,-6.981901],[-71.291841,-6.981996],[-71.291773,-6.982088],[-71.291699,-6.982175],[-71.29162,-6.982257],[-71.291536,-6.982335],[-71.291448,-6.982407],[-71.291356,-6.982474],[-71.291259,-6.982535],[-71.29116,-6.982591],[-71.291057,-6.98264],[-71.290951,-6.982683],[-71.290843,-6.98272],[-71.290733,-6.98275],[-71.290621,-6.982773],[-71.290508,-6.98279],[-71.290394,-6.9828],[-71.29028,-6.982803],[-71.290166,-6.982799],[-71.290052,-6.982788],[-71.289939,-6.982771],[-71.289828,-6.982747],[-71.289718,-6.982716],[-71.28961,-6.982678],[-71.289505,-6.982634],[-71.288177,-6.982035],[-71.28804,-6.981969],[-71.287906,-6.981898],[-71.287775,-6.981822],[-71.287648,-6.98174],[-71.287523,-6.981653],[-71.287403,-6.98156],[-71.287287,-6.981463],[-71.287175,-6.981361],[-71.287067,-6.981254],[-71.286964,-6.981143],[-71.286865,-6.981028],[-71.286772,-6.980909],[-71.286684,-6.980785],[-71.2866,-6.980659],[-71.285815,-6.979405],[-71.285723,-6.979251],[-71.285636,-6.979095],[-71.285556,-6.978935],[-71.285481,-6.978772],[-71.285413,-6.978607],[-71.285351,-6.978439],[-71.285295,-6.978269],[-71.285246,-6.978097],[-71.285203,-6.977923],[-71.285167,-6.977748],[-71.285137,-6.977571],[-71.285114,-6.977394],[-71.285097,-6.977216],[-71.285087,-6.977037],[-71.285084,-6.976858],[-71.285088,-6.976679],[-71.285152,-6.975017],[-71.285162,-6.974829],[-71.285179,-6.974641],[-71.285203,-6.974454],[-71.285233,-6.974268],[-71.285269,-6.974083],[-71.285312,-6.9739],[-71.285362,-6.973718],[-71.285417,-6.973538],[-71.285479,-6.97336],[-71.285547,-6.973184],[-71.285621,-6.973011],[-71.285701,-6.97284],[-71.285787,-6.972672],[-71.285879,-6.972507],[-71.285976,-6.972346],[-71.286079,-6.972188],[-71.286187,-6.972034],[-71.286301,-6.971883],[-71.28642,-6.971737],[-71.286544,-6.971595],[-71.286672,-6.971457],[-71.289816,-6.968206],[-71.289926,-6.968087],[-71.290031,-6.967964],[-71.29013,-6.967835],[-71.290223,-6.967703],[-71.290311,-6.967566],[-71.290392,-6.967426],[-71.290467,-6.967283],[-71.290535,-6.967136],[-71.290597,-6.966986],[-71.290652,-6.966834],[-71.290701,-6.966679],[-71.290742,-6.966523],[-71.290777,-6.966364],[-71.290805,-6.966205],[-71.290825,-6.966044],[-71.290838,-6.965883],[-71.290845,-6.965721],[-71.290844,-6.965559],[-71.290835,-6.965397],[-71.29082,-6.965236],[-71.290798,-6.965075],[-71.290768,-6.964916],[-71.290732,-6.964758],[-71.290688,-6.964602],[-71.290638,-6.964448],[-71.290581,-6.964297],[-71.290517,-6.964148],[-71.290446,-6.964002],[-71.29037,-6.963859],[-71.290287,-6.96372],[-71.290198,-6.963585],[-71.290103,-6.963453],[-71.290002,-6.963326],[-71.289896,-6.963204],[-71.289784,-6.963086],[-71.289668,-6.962974],[-71.289546,-6.962866],[-71.28942,-6.962765],[-71.28929,-6.962669],[-71.289155,-6.962578],[-71.289017,-6.962494],[-71.288874,-6.962416],[-71.288729,-6.962344],[-71.288581,-6.962279],[-71.28843,-6.962221],[-71.281341,-6.959654],[-71.281192,-6.959597],[-71.281047,-6.959532],[-71.280904,-6.959462],[-71.280764,-6.959385],[-71.280629,-6.959301],[-71.280497,-6.959212],[-71.280369,-6.959117],[-71.280245,-6.959016],[-71.280127,-6.95891],[-71.280013,-6.958799],[-71.279904,-6.958682],[-71.279801,-6.958561],[-71.279703,-6.958436],[-71.279611,-6.958306],[-71.279525,-6.958172],[-71.279444,-6.958034],[-71.279371,-6.957893],[-71.279303,-6.957749],[-71.279243,-6.957602],[-71.279188,-6.957452],[-71.279141,-6.9573],[-71.277601,-6.951928],[-71.277535,-6.95171],[-71.277461,-6.951493],[-71.277381,-6.951279],[-71.277295,-6.951067],[-71.277201,-6.950859],[-71.277101,-6.950653],[-71.276995,-6.950451],[-71.276883,-6.950252],[-71.276764,-6.950057],[-71.276639,-6.949865],[-71.276508,-6.949678],[-71.276372,-6.949494],[-71.276229,-6.949315],[-71.276081,-6.949141],[-71.275928,-6.948971],[-71.27577,-6.948807],[-71.275606,-6.948647],[-71.275437,-6.948493],[-71.275264,-6.948343],[-71.275086,-6.9482],[-71.274904,-6.948062],[-71.274717,-6.94793],[-71.274526,-6.947804],[-71.274332,-6.947683],[-71.274134,-6.947569],[-71.273932,-6.947462],[-71.273727,-6.94736],[-71.273519,-6.947265],[-71.273308,-6.947177],[-71.273094,-6.947096],[-71.272878,-6.947021],[-71.27266,-6.946953],[-71.272439,-6.946891],[-71.272217,-6.946837],[-71.271993,-6.94679],[-71.271768,-6.94675],[-71.271542,-6.946717],[-71.271315,-6.946691],[-71.271087,-6.946672],[-71.270858,-6.94666],[-71.27063,-6.946656],[-71.270401,-6.946658],[-71.270173,-6.946668],[-71.269944,-6.946685],[-71.269717,-6.94671],[-71.26949,-6.946741],[-71.269265,-6.946779],[-71.269041,-6.946825],[-71.268818,-6.946877],[-71.268597,-6.946937],[-71.268378,-6.947003],[-71.268162,-6.947076],[-71.267948,-6.947156],[-71.267736,-6.947243],[-71.267527,-6.947336],[-71.267321,-6.947435],[-71.267119,-6.947542],[-71.26692,-6.947654],[-71.266724,-6.947773],[-71.266532,-6.947897],[-71.266345,-6.948028],[-71.266161,-6.948164],[-71.265982,-6.948307],[-71.265808,-6.948454],[-71.265638,-6.948607],[-71.25792,-6.95579],[-71.257736,-6.955966],[-71.257557,-6.956148],[-71.257383,-6.956334],[-71.257214,-6.956526],[-71.257051,-6.956722],[-71.256893,-6.956922],[-71.256741,-6.957127],[-71.256595,-6.957336],[-71.256455,-6.957549],[-71.256321,-6.957766],[-71.256194,-6.957987],[-71.256072,-6.958211],[-71.255957,-6.958438],[-71.255848,-6.958669],[-71.255746,-6.958902],[-71.25565,-6.959139],[-71.255562,-6.959378],[-71.25548,-6.959619],[-71.255404,-6.959863],[-71.254861,-6.961715],[-71.25481,-6.961876],[-71.254753,-6.962035],[-71.254688,-6.962191],[-71.254617,-6.962344],[-71.25454,-6.962494],[-71.254456,-6.962641],[-71.254366,-6.962784],[-71.25427,-6.962923],[-71.254169,-6.963057],[-71.254061,-6.963188],[-71.253949,-6.963313],[-71.253831,-6.963434],[-71.253708,-6.96355],[-71.25358,-6.96366],[-71.253447,-6.963765],[-71.253311,-6.963864],[-71.25317,-6.963958],[-71.253025,-6.964045],[-71.252877,-6.964126],[-71.252726,-6.9642],[-71.252571,-6.964269],[-71.252414,-6.96433],[-71.252254,-6.964385],[-71.252092,-6.964433],[-71.251928,-6.964474],[-71.251763,-6.964508],[-71.251596,-6.964535],[-71.251428,-6.964555],[-71.25126,-6.964568],[-71.251091,-6.964574],[-71.250922,-6.964572],[-71.250753,-6.964564],[-71.250585,-6.964548],[-71.250418,-6.964525],[-71.250252,-6.964495],[-71.250087,-6.964458],[-71.249924,-6.964414],[-71.249763,-6.964363],[-71.249604,-6.964306],[-71.249448,-6.964241],[-71.249294,-6.96417],[-71.249144,-6.964093],[-71.248997,-6.964009],[-71.248854,-6.96392],[-71.248715,-6.963824],[-71.24858,-6.963722],[-71.24845,-6.963615],[-71.248324,-6.963503],[-71.248203,-6.963385],[-71.248087,-6.963262],[-71.247977,-6.963134],[-71.247872,-6.963002],[-71.247772,-6.962866],[-71.247679,-6.962725],[-71.247592,-6.96258],[-71.24751,-6.962432],[-71.247436,-6.962281],[-71.247367,-6.962127],[-71.247306,-6.96197],[-71.247251,-6.96181],[-71.247203,-6.961648],[-71.247162,-6.961484],[-71.247127,-6.961319],[-71.246843,-6.95978],[-71.246806,-6.959561],[-71.246776,-6.959342],[-71.246752,-6.959122],[-71.246735,-6.958901],[-71.246725,-6.95868],[-71.246721,-6.958458],[-71.246724,-6.958237],[-71.246734,-6.958015],[-71.24675,-6.957795],[-71.246774,-6.957574],[-71.246803,-6.957355],[-71.24684,-6.957136],[-71.246883,-6.956919],[-71.246933,-6.956703],[-71.246989,-6.956489],[-71.247051,-6.956276],[-71.24712,-6.956066],[-71.247196,-6.955858],[-71.249376,-6.950103],[-71.249419,-6.949981],[-71.249455,-6.949856],[-71.249484,-6.94973],[-71.249506,-6.949602],[-71.249521,-6.949474],[-71.249529,-6.949344],[-71.24953,-6.949215],[-71.249524,-6.949085],[-71.249511,-6.948956],[-71.249491,-6.948828],[-71.249463,-6.948702],[-71.249429,-6.948576],[-71.249389,-6.948453],[-71.249341,-6.948333],[-71.249287,-6.948215],[-71.249227,-6.9481],[-71.249161,-6.947989],[-71.249088,-6.947881],[-71.24901,-6.947778],[-71.248927,-6.947679],[-71.248838,-6.947585],[-71.248744,-6.947495],[-71.248645,-6.947411],[-71.248542,-6.947333],[-71.248435,-6.94726],[-71.248324,-6.947193],[-71.248209,-6.947132],[-71.248091,-6.947078],[-71.247971,-6.94703],[-71.247848,-6.946988],[-71.247723,-6.946954],[-71.247596,-6.946926],[-71.247468,-6.946905],[-71.247339,-6.946892],[-71.24721,-6.946885],[-71.24708,-6.946885],[-71.246951,-6.946893],[-71.246822,-6.946907],[-71.246694,-6.946928],[-71.246568,-6.946957],[-71.246443,-6.946992],[-71.24632,-6.947034],[-71.2462,-6.947082],[-71.246082,-6.947138],[-71.244138,-6.948115],[-71.243967,-6.948204],[-71.243799,-6.9483],[-71.243635,-6.948402],[-71.243475,-6.948509],[-71.243318,-6.948623],[-71.243166,-6.948741],[-71.243017,-6.948865],[-71.242874,-6.948994],[-71.242735,-6.949129],[-71.242601,-6.949268],[-71.242472,-6.949411],[-71.242348,-6.94956],[-71.24223,-6.949712],[-71.242117,-6.949869],[-71.242009,-6.950029],[-71.240189,-6.952861],[-71.24006,-6.953069],[-71.239936,-6.953281],[-71.239818,-6.953495],[-71.239705,-6.953713],[-71.239599,-6.953933],[-71.239499,-6.954157],[-71.239404,-6.954383],[-71.239316,-6.954612],[-71.239234,-6.954842],[-71.239159,-6.955075],[-71.23909,-6.95531],[-71.239027,-6.955547],[-71.23897,-6.955785],[-71.238921,-6.956025],[-71.238877,-6.956266],[-71.23884,-6.956508],[-71.23881,-6.956752],[-71.238786,-6.956995],[-71.238769,-6.95724],[-71.238759,-6.957484],[-71.238691,-6.95982],[-71.238681,-6.960072],[-71.238663,-6.960324],[-71.238638,-6.960576],[-71.238606,-6.960826],[-71.238567,-6.961076],[-71.238521,-6.961324],[-71.238468,-6.961571],[-71.238409,-6.961817],[-71.238342,-6.96206],[-71.238269,-6.962302],[-71.238189,-6.962541],[-71.238102,-6.962779],[-71.238009,-6.963013],[-71.237909,-6.963245],[-71.237802,-6.963475],[-71.23769,-6.963701],[-71.237571,-6.963924],[-71.237446,-6.964143],[-71.23648,-6.965783],[-71.236387,-6.965934],[-71.236288,-6.966082],[-71.236183,-6.966226],[-71.236072,-6.966365],[-71.235956,-6.9665],[-71.235835,-6.96663],[-71.235709,-6.966756],[-71.235578,-6.966876],[-71.235443,-6.966991],[-71.235303,-6.967101],[-71.235159,-6.967205],[-71.23501,-6.967304],[-71.234858,-6.967396],[-71.234703,-6.967483],[-71.234544,-6.967563],[-71.234382,-6.967637],[-71.234218,-6.967704],[-71.234051,-6.967765],[-71.233881,-6.96782],[-71.23371,-6.967868],[-71.233537,-6.967909],[-71.233362,-6.967943],[-71.233186,-6.96797],[-71.233009,-6.96799],[-71.232832,-6.968004],[-71.232654,-6.96801],[-71.232476,-6.968009],[-71.232298,-6.968002],[-71.232121,-6.967987],[-71.231944,-6.967965],[-71.231769,-6.967937],[-71.231594,-6.967902],[-71.231422,-6.967859],[-71.231251,-6.96781],[-71.231082,-6.967755],[-71.230915,-6.967692],[-71.230751,-6.967624],[-71.23059,-6.967549],[-71.230431,-6.967467],[-71.230276,-6.96738],[-71.230125,-6.967286],[-71.229978,-6.967186],[-71.229834,-6.967081],[-71.229695,-6.96697],[-71.22956,-6.966854],[-71.22943,-6.966733],[-71.229305,-6.966607],[-71.229185,-6.966475],[-71.22907,-6.96634],[-71.228961,-6.966199],[-71.228857,-6.966055],[-71.228759,-6.965907],[-71.228667,-6.965755],[-71.228581,-6.965599],[-71.228501,-6.96544],[-71.228427,-6.965278],[-71.22836,-6.965114],[-71.228299,-6.964946],[-71.228245,-6.964777],[-71.228198,-6.964606],[-71.226962,-6.959752],[-71.226909,-6.959558],[-71.226849,-6.959367],[-71.226783,-6.959178],[-71.226709,-6.958991],[-71.226629,-6.958807],[-71.226542,-6.958626],[-71.226449,-6.958448],[-71.22635,-6.958274],[-71.226244,-6.958103],[-71.226133,-6.957936],[-71.226015,-6.957774],[-71.225892,-6.957615],[-71.225763,-6.957461],[-71.225629,-6.957312],[-71.22549,-6.957168],[-71.225345,-6.957029],[-71.225196,-6.956895],[-71.225041,-6.956766],[-71.224883,-6.956643],[-71.22472,-6.956526],[-71.224553,-6.956415],[-71.224382,-6.95631],[-71.224207,-6.956211],[-71.224029,-6.956118],[-71.223848,-6.956032],[-71.223664,-6.955952],[-71.223477,-6.955879],[-71.223287,-6.955813],[-71.223095,-6.955753],[-71.222902,-6.9557],[-71.222706,-6.955655],[-71.222509,-6.955616],[-71.222311,-6.955584],[-71.222112,-6.95556],[-71.221912,-6.955543],[-71.221711,-6.955532],[-71.221511,-6.955529],[-71.22131,-6.955534],[-71.221109,-6.955545],[-71.220909,-6.955563],[-71.22071,-6.955589],[-71.220512,-6.955622],[-71.220316,-6.955662],[-71.22012,-6.955708],[-71.219927,-6.955762],[-71.219736,-6.955823],[-71.219546,-6.95589],[-71.21936,-6.955964],[-71.219176,-6.956045],[-71.218995,-6.956133],[-71.218818,-6.956226],[-71.218644,-6.956326],[-71.218474,-6.956432],[-71.218307,-6.956545],[-71.218145,-6.956663],[-71.217987,-6.956787],[-71.217833,-6.956916],[-71.217685,-6.957051],[-71.217541,-6.957191],[-71.217402,-6.957336],[-71.217269,-6.957486],[-71.217141,-6.95764],[-71.217019,-6.957799],[-71.216902,-6.957963],[-71.216791,-6.95813],[-71.216687,-6.958301],[-71.216589,-6.958476],[-71.216497,-6.958655],[-71.214256,-6.963194],[-71.214202,-6.963295],[-71.214141,-6.963394],[-71.214075,-6.963488],[-71.214004,-6.963579],[-71.213926,-6.963664],[-71.213844,-6.963745],[-71.213757,-6.963821],[-71.213666,-6.963892],[-71.21357,-6.963956],[-71.213471,-6.964015],[-71.213368,-6.964068],[-71.213263,-6.964114],[-71.213154,-6.964154],[-71.213044,-6.964187],[-71.212931,-6.964214],[-71.212818,-6.964233],[-71.212703,-6.964246],[-71.212588,-6.964252],[-71.212472,-6.96425],[-71.212357,-6.964242],[-71.212243,-6.964227],[-71.212129,-6.964204],[-71.212018,-6.964175],[-71.211908,-6.96414],[-71.211801,-6.964097],[-71.211696,-6.964048],[-71.211595,-6.963993],[-71.211497,-6.963932],[-71.211403,-6.963865],[-71.211313,-6.963793],[-71.211228,-6.963715],[-71.211147,-6.963632],[-71.211072,-6.963544],[-71.211003,-6.963452],[-71.210939,-6.963356],[-71.210881,-6.963256],[-71.210829,-6.963153],[-71.210784,-6.963047],[-71.210745,-6.962939],[-71.210713,-6.962828],[-71.210687,-6.962715],[-71.210669,-6.962602],[-71.210657,-6.962487],[-71.210652,-6.962371],[-71.210655,-6.962256],[-71.210664,-6.962141],[-71.210681,-6.962027],[-71.211025,-6.96006],[-71.211064,-6.959855],[-71.211109,-6.959652],[-71.211161,-6.95945],[-71.211219,-6.959249],[-71.211282,-6.959051],[-71.211352,-6.958855],[-71.211428,-6.958661],[-71.21151,-6.958469],[-71.211598,-6.95828],[-71.211692,-6.958094],[-71.211791,-6.95791],[-71.211896,-6.95773],[-71.212006,-6.957553],[-71.212122,-6.95738],[-71.212243,-6.95721],[-71.212369,-6.957044],[-71.2125,-6.956882],[-71.214511,-6.954474],[-71.214668,-6.954292],[-71.21483,-6.954113],[-71.214996,-6.953939],[-71.215167,-6.95377],[-71.215342,-6.953605],[-71.215522,-6.953445],[-71.215706,-6.953289],[-71.215894,-6.953139],[-71.217066,-6.952225],[-71.217233,-6.952091],[-71.217397,-6.951952],[-71.217556,-6.951808],[-71.21771,-6.95166],[-71.217861,-6.951507],[-71.218007,-6.95135],[-71.218148,-6.951188],[-71.218284,-6.951023],[-71.218416,-6.950854],[-71.218542,-6.950681],[-71.218663,-6.950504],[-71.218779,-6.950324],[-71.21889,-6.95014],[-71.220735,-6.94698],[-71.220799,-6.946864],[-71.220857,-6.946746],[-71.220911,-6.946625],[-71.220958,-6.946502],[-71.221,-6.946377],[-71.221036,-6.94625],[-71.221067,-6.946121],[-71.221091,-6.945991],[-71.221109,-6.945861],[-71.221482,-6.942698],[-71.221505,-6.942473],[-71.22152,-6.942247],[-71.221529,-6.94202],[-71.22153,-6.941794],[-71.221524,-6.941567],[-71.221511,-6.941341],[-71.221491,-6.941115],[-71.221464,-6.94089],[-71.221429,-6.940666],[-71.221388,-6.940444],[-71.221339,-6.940222],[-71.221284,-6.940003],[-71.221221,-6.939785],[-71.221152,-6.939569],[-71.221075,-6.939356],[-71.220992,-6.939145],[-71.220903,-6.938937],[-71.220806,-6.938732],[-71.220704,-6.93853],[-71.220595,-6.938331],[-71.220479,-6.938136],[-71.220358,-6.937945],[-71.220231,-6.937757],[-71.220097,-6.937574],[-71.219958,-6.937395],[-71.219813,-6.93722],[-71.219663,-6.937051],[-71.219508,-6.936886],[-71.219347,-6.936726],[-71.219182,-6.936571],[-71.219011,-6.936422],[-71.218836,-6.936278],[-71.217661,-6.935343],[-71.217505,-6.935223],[-71.217345,-6.935109],[-71.21718,-6.935],[-71.217012,-6.934898],[-71.216841,-6.934802],[-71.216666,-6.934711],[-71.216488,-6.934628],[-71.216307,-6.93455],[-71.216123,-6.934479],[-71.215937,-6.934415],[-71.215749,-6.934357],[-71.215559,-6.934306],[-71.215367,-6.934262],[-71.215173,-6.934224],[-71.214979,-6.934194],[-71.214784,-6.934171],[-71.214587,-6.934154],[-71.214391,-6.934145],[-71.214194,-6.934142],[-71.213997,-6.934147],[-71.2138,-6.934158],[-71.213604,-6.934177],[-71.213409,-6.934203],[-71.213215,-6.934235],[-71.213022,-6.934274],[-71.212831,-6.934321],[-71.212641,-6.934374],[-71.212454,-6.934434],[-71.212268,-6.9345],[-71.212086,-6.934573],[-71.211906,-6.934652],[-71.211728,-6.934738],[-71.211554,-6.93483],[-71.211384,-6.934929],[-71.211217,-6.935033],[-71.211054,-6.935143],[-71.210895,-6.935259],[-71.21074,-6.93538],[-71.210589,-6.935507],[-71.210444,-6.935639],[-71.210303,-6.935777],[-71.210167,-6.935919],[-71.210036,-6.936066],[-71.20991,-6.936217],[-71.20979,-6.936373],[-71.209676,-6.936534],[-71.209567,-6.936698],[-71.209465,-6.936866],[-71.209368,-6.937037],[-71.209278,-6.937212],[-71.209193,-6.93739],[-71.209116,-6.93757],[-71.209045,-6.937754],[-71.20898,-6.93794],[-71.208922,-6.938128],[-71.208871,-6.938318],[-71.208826,-6.938509],[-71.208789,-6.938702],[-71.208758,-6.938897],[-71.208735,-6.939092],[-71.208283,-6.943483],[-71.208256,-6.943709],[-71.208222,-6.943935],[-71.208181,-6.944158],[-71.208133,-6.944381],[-71.208079,-6.944602],[-71.208017,-6.944821],[-71.207949,-6.945038],[-71.207874,-6.945253],[-71.207792,-6.945466],[-71.207704,-6.945675],[-71.207609,-6.945882],[-71.207508,-6.946086],[-71.207401,-6.946287],[-71.207287,-6.946484],[-71.207167,-6.946678],[-71.207042,-6.946868],[-71.20691,-6.947054],[-71.206773,-6.947235],[-71.20663,-6.947413],[-71.204547,-6.949919],[-71.204386,-6.950106],[-71.204221,-6.950289],[-71.204051,-6.950468],[-71.203876,-6.950641],[-71.203696,-6.95081],[-71.203512,-6.950974],[-71.203323,-6.951133],[-71.203131,-6.951287],[-71.202933,-6.951435],[-71.202732,-6.951578],[-71.202528,-6.951716],[-71.202319,-6.951847],[-71.198965,-6.953904],[-71.198832,-6.953981],[-71.198697,-6.954052],[-71.198558,-6.954117],[-71.198416,-6.954176],[-71.198272,-6.954228],[-71.198125,-6.954273],[-71.197977,-6.954312],[-71.197827,-6.954344],[-71.197675,-6.95437],[-71.197523,-6.954388],[-71.19737,-6.9544],[-71.197217,-6.954404],[-71.197063,-6.954402],[-71.19691,-6.954393],[-71.196758,-6.954377],[-71.196606,-6.954354],[-71.196455,-6.954324],[-71.196306,-6.954287],[-71.196159,-6.954244],[-71.196014,-6.954194],[-71.195872,-6.954137],[-71.195732,-6.954075],[-71.195595,-6.954006],[-71.195461,-6.95393],[-71.195331,-6.953849],[-71.195204,-6.953762],[-71.195082,-6.95367],[-71.194964,-6.953572],[-71.194851,-6.953469],[-71.194742,-6.95336],[-71.194638,-6.953247],[-71.19454,-6.95313],[-71.194447,-6.953008],[-71.19436,-6.952882],[-71.194278,-6.952752],[-71.194202,-6.952619],[-71.194133,-6.952482],[-71.19407,-6.952342],[-71.194013,-6.9522],[-71.193962,-6.952055],[-71.193919,-6.951908],[-71.193881,-6.95176],[-71.193851,-6.951609],[-71.193828,-6.951458],[-71.193811,-6.951305],[-71.193801,-6.951152],[-71.193754,-6.94998],[-71.193747,-6.949744],[-71.193747,-6.949509],[-71.193752,-6.949274],[-71.193764,-6.949039],[-71.193782,-6.948804],[-71.193806,-6.94857],[-71.193837,-6.948337],[-71.193873,-6.948104],[-71.194151,-6.94646],[-71.194186,-6.946236],[-71.194216,-6.946012],[-71.194239,-6.945787],[-71.194257,-6.945562],[-71.19427,-6.945336],[-71.194277,-6.94511],[-71.194278,-6.944883],[-71.194273,-6.944657],[-71.194168,-6.941424],[-71.194157,-6.941181],[-71.194139,-6.940938],[-71.194115,-6.940695],[-71.194084,-6.940454],[-71.194046,-6.940213],[-71.194003,-6.939973],[-71.193952,-6.939735],[-71.193896,-6.939498],[-71.193833,-6.939263],[-71.192829,-6.935709],[-71.192757,-6.935467],[-71.192678,-6.935227],[-71.192592,-6.934989],[-71.1925,-6.934754],[-71.192402,-6.934522],[-71.192297,-6.934292],[-71.192185,-6.934065],[-71.192067,-6.933842],[-71.191944,-6.933622],[-71.191813,-6.933405],[-71.191677,-6.933192],[-71.191535,-6.932983],[-71.191388,-6.932778],[-71.191234,-6.932578],[-71.191075,-6.932381],[-71.190911,-6.93219],[-71.190741,-6.932002],[-71.188939,-6.93007],[-71.188784,-6.929907],[-71.188624,-6.929748],[-71.186179,-6.927375],[-71.186095,-6.927288],[-71.186015,-6.927196],[-71.185941,-6.9271],[-71.185873,-6.927],[-71.185811,-6.926895],[-71.185755,-6.926788],[-71.185706,-6.926677],[-71.185663,-6.926564],[-71.185626,-6.926448],[-71.185597,-6.92633],[-71.185574,-6.926211],[-71.185559,-6.926091],[-71.18555,-6.92597],[-71.185549,-6.925849],[-71.185554,-6.925727],[-71.185567,-6.925607],[-71.185586,-6.925487],[-71.185613,-6.925369],[-71.185647,-6.925252],[-71.185687,-6.925138],[-71.185734,-6.925026],[-71.185787,-6.924917],[-71.185846,-6.924811],[-71.185912,-6.924709],[-71.185983,-6.924611],[-71.18606,-6.924518],[-71.186143,-6.924429],[-71.18623,-6.924344],[-71.186322,-6.924266],[-71.186419,-6.924192],[-71.18652,-6.924125],[-71.186624,-6.924063],[-71.186732,-6.924008],[-71.186843,-6.923958],[-71.190495,-6.922471],[-71.190715,-6.922385],[-71.190937,-6.922304],[-71.19116,-6.92223],[-71.191386,-6.922161],[-71.191613,-6.922098],[-71.191842,-6.922041],[-71.192072,-6.92199],[-71.192304,-6.921945],[-71.192537,-6.921907],[-71.194384,-6.921623],[-71.194576,-6.92159],[-71.194766,-6.921551],[-71.194956,-6.921506],[-71.195143,-6.921455],[-71.195329,-6.921397],[-71.195513,-6.921334],[-71.195695,-6.921264],[-71.195874,-6.921189],[-71.196051,-6.921107],[-71.196225,-6.92102],[-71.196396,-6.920927],[-71.196564,-6.920829],[-71.196728,-6.920725],[-71.198051,-6.91986],[-71.198182,-6.919771],[-71.198308,-6.919676],[-71.19843,-6.919575],[-71.198548,-6.919469],[-71.198661,-6.919359],[-71.198769,-6.919243],[-71.198872,-6.919123],[-71.198969,-6.918998],[-71.199061,-6.918869],[-71.199147,-6.918736],[-71.199228,-6.9186],[-71.200818,-6.915759],[-71.200926,-6.91556],[-71.203014,-6.9116],[-71.203078,-6.911471],[-71.203136,-6.911339],[-71.203187,-6.911205],[-71.203232,-6.911068],[-71.20327,-6.910929],[-71.203301,-6.910789],[-71.203326,-6.910647],[-71.203344,-6.910504],[-71.203354,-6.91036],[-71.203358,-6.910216],[-71.203355,-6.910072],[-71.203345,-6.909928],[-71.203328,-6.909785],[-71.203304,-6.909643],[-71.203273,-6.909503],[-71.203235,-6.909364],[-71.203191,-6.909227],[-71.20314,-6.909092],[-71.203083,-6.90896],[-71.20302,-6.90883],[-71.20295,-6.908704],[-71.202874,-6.908582],[-71.202793,-6.908463],[-71.202706,-6.908348],[-71.202613,-6.908238],[-71.202515,-6.908132],[-71.202412,-6.908031],[-71.202305,-6.907936],[-71.202193,-6.907845],[-71.202076,-6.90776],[-71.201956,-6.907681],[-71.201832,-6.907607],[-71.201704,-6.90754],[-71.201574,-6.907479],[-71.201441,-6.907424],[-71.201305,-6.907376],[-71.201167,-6.907334],[-71.201027,-6.907299],[-71.200886,-6.907271],[-71.200743,-6.90725],[-71.2006,-6.907235],[-71.200456,-6.907228],[-71.200312,-6.907227],[-71.200168,-6.907234],[-71.200024,-6.907247],[-71.199882,-6.907267],[-71.19974,-6.907295],[-71.1996,-6.907329],[-71.199462,-6.907369],[-71.197054,-6.90814],[-71.196933,-6.908183],[-71.196813,-6.90823],[-71.193861,-6.909486],[-71.193682,-6.909559],[-71.1935,-6.909625],[-71.193316,-6.909685],[-71.193131,-6.909738],[-71.192943,-6.909784],[-71.192754,-6.909824],[-71.192563,-6.909856],[-71.192371,-6.909883],[-71.192179,-6.909902],[-71.191986,-6.909914],[-71.191793,-6.90992],[-71.191599,-6.909918],[-71.191406,-6.90991],[-71.191214,-6.909895],[-71.191021,-6.909873],[-71.19083,-6.909844],[-71.19064,-6.909809],[-71.190452,-6.909766],[-71.190264,-6.909717],[-71.190079,-6.909661],[-71.189896,-6.909599],[-71.189716,-6.909531],[-71.189537,-6.909456],[-71.189362,-6.909374],[-71.18919,-6.909287],[-71.189021,-6.909193],[-71.188855,-6.909093],[-71.188693,-6.908988],[-71.188535,-6.908877],[-71.188381,-6.90876],[-71.188231,-6.908638],[-71.188085,-6.908511],[-71.187945,-6.908378],[-71.187809,-6.908241],[-71.187678,-6.908099],[-71.187552,-6.907952],[-71.187431,-6.907801],[-71.187316,-6.907645],[-71.187207,-6.907486],[-71.184725,-6.903733],[-71.184637,-6.903606],[-71.184543,-6.903483],[-71.184444,-6.903365],[-71.18434,-6.903251],[-71.184231,-6.903142],[-71.184117,-6.903038],[-71.183998,-6.902939],[-71.183875,-6.902845],[-71.183748,-6.902758],[-71.183617,-6.902676],[-71.183483,-6.9026],[-71.183345,-6.90253],[-71.183204,-6.902466],[-71.183061,-6.902409],[-71.182915,-6.902358],[-71.182767,-6.902314],[-71.182617,-6.902276],[-71.182466,-6.902245],[-71.182313,-6.902222],[-71.18216,-6.902205],[-71.182006,-6.902194],[-71.181851,-6.902191],[-71.181697,-6.902195],[-71.181543,-6.902206],[-71.181389,-6.902223],[-71.181237,-6.902248],[-71.181085,-6.902279],[-71.180936,-6.902317],[-71.180788,-6.902362],[-71.180642,-6.902413],[-71.180499,-6.902471],[-71.180359,-6.902535],[-71.180221,-6.902605],[-71.180087,-6.902682],[-71.179956,-6.902764],[-71.177743,-6.904233],[-71.177585,-6.904333],[-71.177424,-6.904427],[-71.177258,-6.904515],[-71.17709,-6.904597],[-71.176919,-6.904672],[-71.176745,-6.904741],[-71.176568,-6.904802],[-71.176389,-6.904857],[-71.176209,-6.904906],[-71.176026,-6.904947],[-71.175842,-6.904981],[-71.175657,-6.905008],[-71.175471,-6.905028],[-71.175284,-6.905041],[-71.175097,-6.905047],[-71.17491,-6.905045],[-71.174723,-6.905036],[-71.174537,-6.905021],[-71.174351,-6.904998],[-71.174167,-6.904968],[-71.173983,-6.904931],[-71.173801,-6.904887],[-71.173621,-6.904836],[-71.173443,-6.904778],[-71.173268,-6.904714],[-71.173095,-6.904642],[-71.172925,-6.904565],[-71.172758,-6.90448],[-71.172594,-6.90439],[-71.172434,-6.904293],[-71.172278,-6.90419],[-71.172125,-6.904081],[-71.171978,-6.903967],[-71.171834,-6.903847],[-71.168851,-6.901251],[-71.168665,-6.901094],[-71.168476,-6.900942],[-71.168283,-6.900795],[-71.168085,-6.900654],[-71.167885,-6.900518],[-71.16768,-6.900387],[-71.167472,-6.900262],[-71.165578,-6.899157],[-71.165372,-6.89904],[-71.165163,-6.898929],[-71.164951,-6.898823],[-71.164737,-6.898723],[-71.164519,-6.898629],[-71.1643,-6.89854],[-71.164078,-6.898457],[-71.163854,-6.89838],[-71.163628,-6.898308],[-71.163401,-6.898243],[-71.163171,-6.898183],[-71.160456,-6.897518],[-71.160292,-6.897481],[-71.160126,-6.897452],[-71.15996,-6.897429],[-71.159792,-6.897412],[-71.159624,-6.897403],[-71.159456,-6.897401],[-71.159288,-6.897406],[-71.15912,-6.897418],[-71.158953,-6.897436],[-71.158787,-6.897462],[-71.158622,-6.897494],[-71.158458,-6.897533],[-71.158296,-6.897579],[-71.158137,-6.897631],[-71.157979,-6.89769],[-71.157824,-6.897756],[-71.157672,-6.897828],[-71.157523,-6.897906],[-71.157377,-6.89799],[-71.157235,-6.89808],[-71.157097,-6.898176],[-71.156963,-6.898277],[-71.156833,-6.898384],[-71.156708,-6.898496],[-71.156588,-6.898613],[-71.156472,-6.898736],[-71.156362,-6.898862],[-71.156256,-6.898994],[-71.156157,-6.899129],[-71.156063,-6.899269],[-71.155975,-6.899412],[-71.15511,-6.900886],[-71.155028,-6.901034],[-71.154952,-6.901184],[-71.154882,-6.901338],[-71.154818,-6.901494],[-71.154762,-6.901653],[-71.154711,-6.901814],[-71.154668,-6.901976],[-71.154631,-6.902141],[-71.154601,-6.902307],[-71.154578,-6.902474],[-71.154562,-6.902642],[-71.154553,-6.90281],[-71.154551,-6.902979],[-71.154556,-6.903147],[-71.154568,-6.903316],[-71.154587,-6.903483],[-71.154613,-6.90365],[-71.154646,-6.903815],[-71.154685,-6.903979],[-71.154732,-6.904141],[-71.154785,-6.904301],[-71.154844,-6.904459],[-71.15491,-6.904614],[-71.154983,-6.904767],[-71.155062,-6.904916],[-71.155147,-6.905061],[-71.155237,-6.905204],[-71.155334,-6.905342],[-71.155436,-6.905476],[-71.155544,-6.905606],[-71.155657,-6.905731],[-71.155775,-6.905851],[-71.155898,-6.905967],[-71.156026,-6.906077],[-71.156158,-6.906182],[-71.156295,-6.906281],[-71.156435,-6.906374],[-71.15853,-6.907708],[-71.15869,-6.907806],[-71.158854,-6.907898],[-71.15902,-6.907985],[-71.15919,-6.908066],[-71.159362,-6.908141],[-71.159537,-6.90821],[-71.159714,-6.908273],[-71.159893,-6.90833],[-71.160074,-6.908381],[-71.160257,-6.908425],[-71.160441,-6.908463],[-71.160626,-6.908495],[-71.160812,-6.90852],[-71.160999,-6.908539],[-71.161187,-6.908551],[-71.161375,-6.908556],[-71.165144,-6.908606],[-71.165283,-6.908611],[-71.165422,-6.908624],[-71.16556,-6.908643],[-71.165696,-6.90867],[-71.165832,-6.908703],[-71.165965,-6.908744],[-71.166096,-6.908791],[-71.166224,-6.908845],[-71.166349,-6.908905],[-71.166471,-6.908972],[-71.16659,-6.909045],[-71.166705,-6.909124],[-71.166815,-6.909208],[-71.166921,-6.909299],[-71.167022,-6.909394],[-71.167118,-6.909495],[-71.167209,-6.9096],[-71.167295,-6.90971],[-71.167374,-6.909824],[-71.167448,-6.909942],[-71.167515,-6.910064],[-71.167576,-6.910189],[-71.167631,-6.910317],[-71.167679,-6.910447],[-71.16772,-6.91058],[-71.167755,-6.910715],[-71.167782,-6.910851],[-71.167803,-6.910989],[-71.167816,-6.911127],[-71.167822,-6.911266],[-71.167821,-6.911405],[-71.167813,-6.911544],[-71.167798,-6.911682],[-71.167776,-6.91182],[-71.167746,-6.911956],[-71.16771,-6.91209],[-71.167667,-6.912222],[-71.167617,-6.912352],[-71.167561,-6.912479],[-71.167498,-6.912603],[-71.167429,-6.912724],[-71.167354,-6.912841],[-71.167273,-6.912954],[-71.167186,-6.913063],[-71.167093,-6.913167],[-71.166996,-6.913266],[-71.166893,-6.91336],[-71.166786,-6.913449],[-71.166675,-6.913532],[-71.166559,-6.91361],[-71.166439,-6.913681],[-71.166316,-6.913746],[-71.16619,-6.913805],[-71.166061,-6.913857],[-71.16593,-6.913902],[-71.164208,-6.914448],[-71.163964,-6.914522],[-71.163719,-6.914588],[-71.163471,-6.914648],[-71.163222,-6.914701],[-71.162972,-6.914746],[-71.16272,-6.914785],[-71.162468,-6.914817],[-71.162215,-6.914841],[-71.161961,-6.914858],[-71.161707,-6.914868],[-71.161452,-6.914871],[-71.161198,-6.914867],[-71.160944,-6.914856],[-71.16069,-6.914838],[-71.160437,-6.914812],[-71.160184,-6.914779],[-71.159933,-6.91474],[-71.159683,-6.914693],[-71.159434,-6.914639],[-71.159187,-6.914578],[-71.158942,-6.914511],[-71.158699,-6.914436],[-71.158457,-6.914355],[-71.158219,-6.914267],[-71.157983,-6.914172],[-71.152858,-6.912031],[-71.152637,-6.911935],[-71.152419,-6.911833],[-71.152204,-6.911726],[-71.151991,-6.911613],[-71.151782,-6.911495],[-71.151576,-6.91137],[-71.151373,-6.911241],[-71.151174,-6.911106],[-71.150979,-6.910966],[-71.150787,-6.910821],[-71.150599,-6.91067],[-71.146885,-6.907616],[-71.146774,-6.907529],[-71.146658,-6.907448],[-71.146539,-6.907373],[-71.146416,-6.907304],[-71.146289,-6.907242],[-71.14616,-6.907186],[-71.146028,-6.907137],[-71.145893,-6.907095],[-71.145757,-6.907059],[-71.145619,-6.907031],[-71.145479,-6.907009],[-71.145339,-6.906995],[-71.145198,-6.906988],[-71.145057,-6.906989],[-71.144916,-6.906996],[-71.144776,-6.907011],[-71.144637,-6.907032],[-71.144498,-6.907061],[-71.144362,-6.907097],[-71.144228,-6.90714],[-71.144096,-6.907189],[-71.143966,-6.907246],[-71.14384,-6.907308],[-71.143717,-6.907377],[-71.143598,-6.907453],[-71.143483,-6.907534],[-71.143372,-6.907621],[-71.143266,-6.907714],[-71.143164,-6.907812],[-71.143068,-6.907915],[-71.142977,-6.908023],[-71.142892,-6.908135],[-71.142813,-6.908251],[-71.142739,-6.908372],[-71.142672,-6.908496],[-71.142611,-6.908623],[-71.142557,-6.908753],[-71.14251,-6.908886],[-71.14247,-6.909021],[-71.142436,-6.909158],[-71.14241,-6.909296],[-71.14239,-6.909436],[-71.142378,-6.909576],[-71.142373,-6.909717],[-71.142347,-6.912289],[-71.142342,-6.912423],[-71.14233,-6.912556],[-71.142311,-6.912689],[-71.142284,-6.91282],[-71.142251,-6.91295],[-71.14221,-6.913077],[-71.142163,-6.913203],[-71.142109,-6.913325],[-71.142049,-6.913445],[-71.141982,-6.913561],[-71.141909,-6.913673],[-71.14183,-6.913781],[-71.141745,-6.913885],[-71.141655,-6.913984],[-71.14156,-6.914079],[-71.14146,-6.914167],[-71.141355,-6.914251],[-71.141246,-6.914328],[-71.141132,-6.9144],[-71.141015,-6.914465],[-71.140895,-6.914524],[-71.140772,-6.914577],[-71.140646,-6.914622],[-71.140517,-6.914661],[-71.140387,-6.914693],[-71.140256,-6.914718],[-71.140123,-6.914736],[-71.139989,-6.914746],[-71.139855,-6.91475],[-71.139721,-6.914746],[-71.139588,-6.914735],[-71.139455,-6.914717],[-71.139323,-6.914691],[-71.139193,-6.914659],[-71.139065,-6.91462],[-71.138939,-6.914573],[-71.138816,-6.914521],[-71.138696,-6.914461],[-71.138579,-6.914395],[-71.138466,-6.914323],[-71.138357,-6.914245],[-71.138253,-6.914162],[-71.138153,-6.914072],[-71.138058,-6.913978],[-71.137968,-6.913878],[-71.137884,-6.913774],[-71.137805,-6.913666],[-71.137733,-6.913553],[-71.137666,-6.913437],[-71.136618,-6.911478],[-71.136511,-6.911287],[-71.136398,-6.911099],[-71.13628,-6.910914],[-71.136155,-6.910734],[-71.136024,-6.910558],[-71.135888,-6.910386],[-71.135747,-6.910218],[-71.1356,-6.910055],[-71.135447,-6.909897],[-71.13529,-6.909744],[-71.135128,-6.909597],[-71.134961,-6.909454],[-71.13479,-6.909317],[-71.134614,-6.909186],[-71.134435,-6.90906],[-71.131506,-6.907082],[-71.131305,-6.906942],[-71.131107,-6.906797],[-71.130914,-6.906646],[-71.130725,-6.90649],[-71.130539,-6.906329],[-71.130359,-6.906163],[-71.130183,-6.905992],[-71.130011,-6.905817],[-71.129845,-6.905636],[-71.129683,-6.905452],[-71.129527,-6.905263],[-71.129375,-6.90507],[-71.129229,-6.904873],[-71.129089,-6.904672],[-71.128954,-6.904467],[-71.128824,-6.904259],[-71.1287,-6.904047],[-71.128582,-6.903832],[-71.12847,-6.903614],[-71.126663,-6.899979],[-71.126605,-6.899855],[-71.126551,-6.899729],[-71.126502,-6.899601],[-71.126457,-6.899471],[-71.125426,-6.896245],[-71.125359,-6.896048],[-71.125286,-6.895853],[-71.125206,-6.895661],[-71.12512,-6.895471],[-71.125027,-6.895285],[-71.124928,-6.895101],[-71.124823,-6.894921],[-71.124712,-6.894745],[-71.124595,-6.894573],[-71.124473,-6.894404],[-71.124345,-6.89424],[-71.124211,-6.89408],[-71.124072,-6.893925],[-71.123928,-6.893774],[-71.123779,-6.893629],[-71.123625,-6.893488],[-71.123467,-6.893353],[-71.123304,-6.893223],[-71.123136,-6.893099],[-71.122965,-6.89298],[-71.12279,-6.892868],[-71.122611,-6.892761],[-71.122429,-6.89266],[-71.122243,-6.892566],[-71.122054,-6.892477],[-71.121862,-6.892396],[-71.121668,-6.89232],[-71.121471,-6.892251],[-71.121273,-6.892189],[-71.121072,-6.892134],[-71.120869,-6.892085],[-71.120665,-6.892043],[-71.120459,-6.892009],[-71.120253,-6.891981],[-71.120046,-6.891959],[-71.119838,-6.891945],[-71.119629,-6.891938],[-71.119421,-6.891938],[-71.119213,-6.891945],[-71.119005,-6.891959],[-71.118797,-6.89198],[-71.118591,-6.892008],[-71.118385,-6.892043],[-71.118181,-6.892085],[-71.117979,-6.892133],[-71.117778,-6.892188],[-71.117579,-6.89225],[-71.117382,-6.892319],[-71.112804,-6.894004],[-71.112678,-6.894047],[-71.112549,-6.894083],[-71.112419,-6.894112],[-71.112287,-6.894134],[-71.112154,-6.894149],[-71.112021,-6.894156],[-71.111887,-6.894157],[-71.111754,-6.89415],[-71.111621,-6.894136],[-71.111489,-6.894115],[-71.111359,-6.894087],[-71.11123,-6.894052],[-71.111103,-6.894011],[-71.110978,-6.893962],[-71.110857,-6.893907],[-71.110738,-6.893845],[-71.110623,-6.893778],[-71.110512,-6.893704],[-71.110405,-6.893624],[-71.110302,-6.893538],[-71.110204,-6.893448],[-71.110111,-6.893352],[-71.110024,-6.893251],[-71.109942,-6.893146],[-71.109865,-6.893036],[-71.109795,-6.892922],[-71.109731,-6.892805],[-71.109673,-6.892685],[-71.109622,-6.892562],[-71.109578,-6.892436],[-71.10954,-6.892308],[-71.109509,-6.892178],[-71.109486,-6.892046],[-71.109469,-6.891914],[-71.109459,-6.891781],[-71.109326,-6.888753],[-71.109319,-6.888514],[-71.109318,-6.888274],[-71.109323,-6.888035],[-71.109335,-6.887796],[-71.109353,-6.887557],[-71.109377,-6.887319],[-71.109407,-6.887082],[-71.109444,-6.886845],[-71.109487,-6.88661],[-71.109537,-6.886376],[-71.109592,-6.886143],[-71.109654,-6.885912],[-71.109722,-6.885682],[-71.109795,-6.885455],[-71.110453,-6.883515],[-71.110486,-6.883405],[-71.110513,-6.883294],[-71.110533,-6.883181],[-71.110546,-6.883067],[-71.110553,-6.882953],[-71.110552,-6.882838],[-71.110545,-6.882724],[-71.11053,-6.88261],[-71.110509,-6.882497],[-71.110481,-6.882386],[-71.110446,-6.882277],[-71.110405,-6.88217],[-71.110357,-6.882066],[-71.110303,-6.881965],[-71.110243,-6.881867],[-71.110178,-6.881773],[-71.110107,-6.881683],[-71.11003,-6.881598],[-71.109949,-6.881517],[-71.109862,-6.881441],[-71.109772,-6.881371],[-71.109677,-6.881306],[-71.109578,-6.881248],[-71.109477,-6.881195],[-71.109372,-6.881148],[-71.109264,-6.881108],[-71.109155,-6.881075],[-71.109043,-6.881048],[-71.10893,-6.881028],[-71.108816,-6.881014],[-71.108702,-6.881008],[-71.108587,-6.881009],[-71.108473,-6.881016],[-71.108359,-6.881031],[-71.108246,-6.881052],[-71.108135,-6.88108],[-71.108026,-6.881114],[-71.107919,-6.881155],[-71.107814,-6.881203],[-71.107713,-6.881257],[-71.107615,-6.881317],[-71.106244,-6.882211],[-71.106135,-6.882286],[-71.106029,-6.882367],[-71.105926,-6.882452],[-71.105828,-6.882541],[-71.105734,-6.882635],[-71.105644,-6.882734],[-71.105559,-6.882836],[-71.105479,-6.882942],[-71.105403,-6.883052],[-71.105333,-6.883165],[-71.104318,-6.884887],[-71.104231,-6.885028],[-71.104138,-6.885165],[-71.10404,-6.885297],[-71.103936,-6.885426],[-71.103826,-6.885549],[-71.103712,-6.885668],[-71.103592,-6.885783],[-71.103468,-6.885891],[-71.103339,-6.885995],[-71.103206,-6.886093],[-71.103069,-6.886185],[-71.102928,-6.886271],[-71.102783,-6.886352],[-71.102636,-6.886426],[-71.102485,-6.886493],[-71.102331,-6.886555],[-71.102175,-6.886609],[-71.102017,-6.886657],[-71.101857,-6.886698],[-71.101696,-6.886733],[-71.101533,-6.88676],[-71.101369,-6.886781],[-71.101204,-6.886794],[-71.101039,-6.886801],[-71.100873,-6.886801],[-71.100708,-6.886793],[-71.100544,-6.886779],[-71.10038,-6.886757],[-71.100217,-6.886729],[-71.100056,-6.886694],[-71.099896,-6.886651],[-71.099738,-6.886603],[-71.099582,-6.886547],[-71.099429,-6.886485],[-71.099279,-6.886417],[-71.099131,-6.886342],[-71.098987,-6.886261],[-71.098847,-6.886174],[-71.09871,-6.886081],[-71.098578,-6.885982],[-71.098449,-6.885878],[-71.098326,-6.885768],[-71.098207,-6.885654],[-71.098093,-6.885534],[-71.097984,-6.88541],[-71.097011,-6.884248],[-71.096915,-6.884129],[-71.096825,-6.884006],[-71.09674,-6.883879],[-71.09666,-6.883748],[-71.096586,-6.883615],[-71.096517,-6.883478],[-71.096455,-6.883339],[-71.096398,-6.883197],[-71.096347,-6.883053],[-71.096303,-6.882907],[-71.096264,-6.882759],[-71.096232,-6.88261],[-71.096207,-6.882459],[-71.096187,-6.882308],[-71.09602,-6.880726],[-71.096005,-6.880553],[-71.095996,-6.88038],[-71.095995,-6.880207],[-71.096,-6.880034],[-71.096011,-6.879861],[-71.09603,-6.879688],[-71.096054,-6.879517],[-71.096086,-6.879346],[-71.096124,-6.879177],[-71.096168,-6.879009],[-71.096219,-6.878844],[-71.096276,-6.87868],[-71.096339,-6.878519],[-71.097292,-6.876222],[-71.097391,-6.875994],[-71.097495,-6.875768],[-71.097606,-6.875546],[-71.097723,-6.875327],[-71.097846,-6.875111],[-71.097974,-6.874898],[-71.098109,-6.874689],[-71.098249,-6.874484],[-71.098395,-6.874283],[-71.098546,-6.874086],[-71.098703,-6.873893],[-71.098865,-6.873704],[-71.099032,-6.87352],[-71.099204,-6.873341],[-71.100201,-6.872329],[-71.100303,-6.872221],[-71.100399,-6.872108],[-71.10049,-6.87199],[-71.100575,-6.871868],[-71.100655,-6.871743],[-71.100728,-6.871613],[-71.100795,-6.871481],[-71.100856,-6.871345],[-71.10091,-6.871206],[-71.100958,-6.871066],[-71.100998,-6.870923],[-71.101032,-6.870778],[-71.101059,-6.870632],[-71.101079,-6.870484],[-71.101092,-6.870336],[-71.101098,-6.870188],[-71.101096,-6.870039],[-71.101088,-6.869891],[-71.101073,-6.869743],[-71.10105,-6.869596],[-71.101021,-6.86945],[-71.100984,-6.869306],[-71.100941,-6.869164],[-71.100891,-6.869024],[-71.100835,-6.868886],[-71.100772,-6.868752],[-71.100702,-6.86862],[-71.100627,-6.868492],[-71.100545,-6.868368],[-71.100458,-6.868248],[-71.100365,-6.868132],[-71.100266,-6.86802],[-71.100162,-6.867914],[-71.100054,-6.867812],[-71.09994,-6.867716],[-71.099823,-6.867625],[-71.099701,-6.86754],[-71.099575,-6.867461],[-71.099445,-6.867388],[-71.099312,-6.867321],[-71.099176,-6.867261],[-71.099038,-6.867207],[-71.098897,-6.86716],[-71.098754,-6.86712],[-71.098609,-6.867086],[-71.098462,-6.86706],[-71.098315,-6.86704],[-71.098167,-6.867027],[-71.098018,-6.867022],[-71.097869,-6.867024],[-71.097721,-6.867032],[-71.097573,-6.867048],[-71.094931,-6.867393],[-71.094767,-6.867418],[-71.094605,-6.86745],[-71.094444,-6.867488],[-71.094285,-6.867533],[-71.094128,-6.867584],[-71.093973,-6.867642],[-71.09382,-6.867707],[-71.093671,-6.867778],[-71.093524,-6.867854],[-71.093381,-6.867937],[-71.093242,-6.868026],[-71.093106,-6.86812],[-71.092974,-6.86822],[-71.092847,-6.868326],[-71.092724,-6.868436],[-71.092605,-6.868552],[-71.092492,-6.868672],[-71.092384,-6.868797],[-71.092281,-6.868927],[-71.092183,-6.86906],[-71.092091,-6.869198],[-71.092005,-6.869339],[-71.091925,-6.869484],[-71.091851,-6.869632],[-71.091783,-6.869783],[-71.091722,-6.869936],[-71.091667,-6.870092],[-71.091618,-6.87025],[-71.091576,-6.87041],[-71.091541,-6.870571],[-71.091513,-6.870734],[-71.091491,-6.870898],[-71.091139,-6.874069],[-71.091109,-6.874309],[-71.091073,-6.874548],[-71.09103,-6.874786],[-71.090981,-6.875023],[-71.090926,-6.875258],[-71.090864,-6.875492],[-71.090796,-6.875724],[-71.090722,-6.875954],[-71.090642,-6.876182],[-71.090555,-6.876408],[-71.090463,-6.876632],[-71.090365,-6.876853],[-71.090261,-6.877071],[-71.087393,-6.88288],[-71.087292,-6.883079],[-71.087186,-6.883275],[-71.087075,-6.883469],[-71.086959,-6.88366],[-71.086838,-6.883848],[-71.086713,-6.884033],[-71.086584,-6.884215],[-71.084708,-6.88678],[-71.084617,-6.886898],[-71.084521,-6.887011],[-71.084419,-6.88712],[-71.084313,-6.887224],[-71.084201,-6.887323],[-71.084085,-6.887416],[-71.083965,-6.887504],[-71.083841,-6.887586],[-71.083713,-6.887662],[-71.083582,-6.887732],[-71.083447,-6.887796],[-71.08331,-6.887853],[-71.08317,-6.887903],[-71.083027,-6.887947],[-71.082883,-6.887984],[-71.082737,-6.888014],[-71.08259,-6.888038],[-71.082442,-6.888054],[-71.082294,-6.888063],[-71.082145,-6.888065],[-71.081996,-6.88806],[-71.081848,-6.888048],[-71.0817,-6.88803],[-71.081553,-6.888004],[-71.081408,-6.887971],[-71.081265,-6.887931],[-71.081123,-6.887885],[-71.080984,-6.887832],[-71.080848,-6.887772],[-71.080714,-6.887706],[-71.080584,-6.887634],[-71.080458,-6.887555],[-71.080335,-6.887471],[-71.080216,-6.887381],[-71.080102,-6.887285],[-71.079993,-6.887185],[-71.079888,-6.887079],[-71.079789,-6.886968],[-71.079695,-6.886853],[-71.079606,-6.886733],[-71.079523,-6.886609],[-71.079447,-6.886482],[-71.079376,-6.886351],[-71.079312,-6.886217],[-71.079254,-6.88608],[-71.079202,-6.88594],[-71.077665,-6.88143],[-71.077583,-6.881199],[-71.077494,-6.880971],[-71.0774,-6.880745],[-71.077299,-6.880522],[-71.077193,-6.880301],[-71.07708,-6.880084],[-71.076962,-6.87987],[-71.075981,-6.878149],[-71.075876,-6.877971],[-71.075764,-6.877797],[-71.075647,-6.877627],[-71.075524,-6.87746],[-71.075395,-6.877298],[-71.075261,-6.877141],[-71.075121,-6.876988],[-71.074977,-6.87684],[-71.074827,-6.876697],[-71.074673,-6.876559],[-71.074514,-6.876427],[-71.074351,-6.8763],[-71.074183,-6.876178],[-71.074012,-6.876062],[-71.073836,-6.875953],[-71.073657,-6.875849],[-71.073475,-6.875751],[-71.073289,-6.87566],[-71.0731,-6.875575],[-71.072909,-6.875497],[-71.072715,-6.875425],[-71.072519,-6.87536],[-71.07232,-6.875301],[-71.07212,-6.875249],[-71.071918,-6.875205],[-71.071714,-6.875167],[-71.07151,-6.875136],[-71.071304,-6.875111],[-71.071098,-6.875094],[-71.070891,-6.875084],[-71.070684,-6.875081],[-71.070477,-6.875085],[-71.070271,-6.875096],[-71.070064,-6.875115],[-71.069859,-6.87514],[-71.069655,-6.875172],[-71.069451,-6.875211],[-71.06925,-6.875257],[-71.06905,-6.875309],[-71.068851,-6.875369],[-71.068655,-6.875435],[-71.068462,-6.875508],[-71.06827,-6.875587],[-71.068082,-6.875673],[-71.067897,-6.875766],[-71.067715,-6.875864],[-71.067536,-6.875969],[-71.067362,-6.876079],[-71.067191,-6.876196],[-71.067024,-6.876318],[-71.066861,-6.876446],[-71.066703,-6.876579],[-71.066549,-6.876718],[-71.0664,-6.876861],[-71.066257,-6.87701],[-71.066118,-6.877164],[-71.065985,-6.877322],[-71.063337,-6.880574],[-71.063251,-6.880674],[-71.06316,-6.880768],[-71.063064,-6.880858],[-71.062964,-6.880943],[-71.062859,-6.881022],[-71.06275,-6.881095],[-71.062637,-6.881162],[-71.062521,-6.881223],[-71.062401,-6.881278],[-71.062279,-6.881326],[-71.062154,-6.881368],[-71.062028,-6.881403],[-71.061899,-6.881431],[-71.06177,-6.881452],[-71.061639,-6.881466],[-71.061508,-6.881473],[-71.061377,-6.881473],[-71.061245,-6.881466],[-71.061115,-6.881452],[-71.060985,-6.881431],[-71.060857,-6.881403],[-71.06073,-6.881368],[-71.060605,-6.881326],[-71.060483,-6.881278],[-71.060364,-6.881223],[-71.060248,-6.881162],[-71.060135,-6.881095],[-71.060026,-6.881022],[-71.059921,-6.880943],[-71.05982,-6.880858],[-71.059724,-6.880768],[-71.059634,-6.880674],[-71.059548,-6.880574],[-71.059468,-6.88047],[-71.059393,-6.880362],[-71.059325,-6.88025],[-71.059262,-6.880134],[-71.059206,-6.880015],[-71.059157,-6.879894],[-71.059114,-6.87977],[-71.059077,-6.879644],[-71.057645,-6.874098],[-71.057589,-6.873893],[-71.057529,-6.873689],[-71.057464,-6.873487],[-71.057394,-6.873286],[-71.057319,-6.873087],[-71.056257,-6.87035],[-71.056173,-6.870127],[-71.056096,-6.869903],[-71.056025,-6.869676],[-71.05596,-6.869447],[-71.0559,-6.869217],[-71.055847,-6.868985],[-71.0558,-6.868752],[-71.055759,-6.868518],[-71.055724,-6.868283],[-71.055696,-6.868047],[-71.055474,-6.865992],[-71.055451,-6.865741],[-71.055435,-6.86549],[-71.055425,-6.865239],[-71.055423,-6.864988],[-71.055427,-6.864736],[-71.055439,-6.864485],[-71.055457,-6.864235],[-71.055483,-6.863985],[-71.055515,-6.863735],[-71.055554,-6.863487],[-71.056497,-6.85803],[-71.056514,-6.857911],[-71.056523,-6.857792],[-71.056526,-6.857672],[-71.056522,-6.857552],[-71.056511,-6.857433],[-71.056493,-6.857314],[-71.056467,-6.857197],[-71.056435,-6.857082],[-71.056396,-6.856969],[-71.056351,-6.856858],[-71.056299,-6.85675],[-71.056241,-6.856645],[-71.056177,-6.856544],[-71.056107,-6.856447],[-71.056031,-6.856354],[-71.05595,-6.856265],[-71.055864,-6.856182],[-71.055773,-6.856104],[-71.055678,-6.856031],[-71.055578,-6.855964],[-71.055475,-6.855903],[-71.055369,-6.855848],[-71.055259,-6.8558],[-71.055147,-6.855758],[-71.055032,-6.855723],[-71.054916,-6.855694],[-71.054798,-6.855673],[-71.054679,-6.855658],[-71.054559,-6.855651],[-71.054439,-6.85565],[-71.05432,-6.855657],[-71.054201,-6.85567],[-71.054083,-6.855691],[-71.053966,-6.855718],[-71.053851,-6.855753],[-71.053739,-6.855794],[-71.053629,-6.855841],[-71.053521,-6.855895],[-71.053418,-6.855955],[-71.052176,-6.856726],[-71.052006,-6.856835],[-71.05184,-6.85695],[-71.051678,-6.857071],[-71.05152,-6.857197],[-71.051367,-6.857329],[-71.051218,-6.857466],[-71.051074,-6.857607],[-71.050935,-6.857754],[-71.050801,-6.857905],[-71.050672,-6.85806],[-71.049204,-6.859897],[-71.04905,-6.860095],[-71.048901,-6.860298],[-71.048758,-6.860505],[-71.048621,-6.860716],[-71.048489,-6.860931],[-71.048364,-6.861149],[-71.048245,-6.86137],[-71.048132,-6.861595],[-71.047368,-6.863169],[-71.047284,-6.863334],[-71.047195,-6.863496],[-71.0471,-6.863655],[-71.047,-6.863811],[-71.046895,-6.863963],[-71.046784,-6.864112],[-71.046669,-6.864257],[-71.046549,-6.864397],[-71.046423,-6.864534],[-71.046294,-6.864666],[-71.04616,-6.864794],[-71.046021,-6.864917],[-71.045879,-6.865035],[-71.045732,-6.865148],[-71.044109,-6.86636],[-71.043988,-6.866446],[-71.043864,-6.866526],[-71.043736,-6.8666],[-71.043604,-6.866669],[-71.04347,-6.866731],[-71.043332,-6.866787],[-71.043193,-6.866836],[-71.043051,-6.866879],[-71.042907,-6.866916],[-71.042762,-6.866946],[-71.042616,-6.866969],[-71.042469,-6.866985],[-71.042321,-6.866995],[-71.042173,-6.866998],[-71.042024,-6.866994],[-71.041877,-6.866983],[-71.041729,-6.866965],[-71.041583,-6.86694],[-71.041438,-6.866909],[-71.041295,-6.866871],[-71.041154,-6.866827],[-71.041015,-6.866776],[-71.040878,-6.866719],[-71.040744,-6.866655],[-71.040613,-6.866586],[-71.039324,-6.865861],[-71.039181,-6.865776],[-71.039041,-6.865686],[-71.038906,-6.86559],[-71.038775,-6.865488],[-71.038648,-6.865381],[-71.038526,-6.865269],[-71.038409,-6.865151],[-71.038297,-6.865029],[-71.03819,-6.864902],[-71.038088,-6.864771],[-71.037992,-6.864635],[-71.037902,-6.864496],[-71.037818,-6.864353],[-71.03774,-6.864206],[-71.037669,-6.864057],[-71.037603,-6.863904],[-71.037545,-6.863749],[-71.037492,-6.863591],[-71.037447,-6.863432],[-71.037408,-6.863271],[-71.037376,-6.863108],[-71.037351,-6.862944],[-71.037333,-6.862779],[-71.037322,-6.862613],[-71.037318,-6.862448],[-71.037321,-6.862282],[-71.037331,-6.862116],[-71.037347,-6.861951],[-71.037371,-6.861787],[-71.037402,-6.861624],[-71.03744,-6.861462],[-71.037484,-6.861302],[-71.037535,-6.861144],[-71.037593,-6.860989],[-71.037657,-6.860836],[-71.037727,-6.860686],[-71.037804,-6.860539],[-71.037887,-6.860395],[-71.037976,-6.860255],[-71.038071,-6.860119],[-71.038172,-6.859987],[-71.038278,-6.859859],[-71.039431,-6.858527],[-71.039576,-6.858364],[-71.039726,-6.858204],[-71.039879,-6.858047],[-71.040036,-6.857895],[-71.040196,-6.857746],[-71.04036,-6.857601],[-71.040528,-6.85746],[-71.044342,-6.854334],[-71.044455,-6.854237],[-71.044563,-6.854134],[-71.044667,-6.854027],[-71.044765,-6.853914],[-71.044858,-6.853798],[-71.044945,-6.853676],[-71.045026,-6.853551],[-71.045101,-6.853423],[-71.04517,-6.85329],[-71.045233,-6.853155],[-71.045289,-6.853017],[-71.045339,-6.852876],[-71.045381,-6.852733],[-71.045418,-6.852588],[-71.045447,-6.852442],[-71.045469,-6.852295],[-71.045484,-6.852146],[-71.045492,-6.851997],[-71.045493,-6.851848],[-71.045487,-6.851699],[-71.045474,-6.851551],[-71.045453,-6.851403],[-71.045426,-6.851256],[-71.045392,-6.851111],[-71.045351,-6.850968],[-71.045304,-6.850826],[-71.045249,-6.850687],[-71.045188,-6.850551],[-71.045121,-6.850418],[-71.045048,-6.850288],[-71.044968,-6.850162],[-71.044883,-6.85004],[-71.044791,-6.849922],[-71.044695,-6.849808],[-71.044593,-6.849699],[-71.044486,-6.849595],[-71.044374,-6.849496],[-71.044258,-6.849403],[-71.044137,-6.849315],[-71.044012,-6.849233],[-71.043884,-6.849158],[-71.043752,-6.849088],[-71.043617,-6.849024],[-71.043479,-6.848967],[-71.043338,-6.848917],[-71.043196,-6.848873],[-71.043051,-6.848837],[-71.042905,-6.848807],[-71.042757,-6.848784],[-71.039892,-6.848406],[-71.039687,-6.848383],[-71.039481,-6.848367],[-71.039275,-6.848358],[-71.039069,-6.848356],[-71.038863,-6.848361],[-71.038658,-6.848373],[-71.038452,-6.848393],[-71.038248,-6.84842],[-71.038045,-6.848453],[-71.037843,-6.848494],[-71.037642,-6.848542],[-71.037444,-6.848597],[-71.037247,-6.848658],[-71.037052,-6.848727],[-71.036861,-6.848802],[-71.036671,-6.848884],[-71.036485,-6.848972],[-71.036302,-6.849067],[-71.036123,-6.849168],[-71.035947,-6.849275],[-71.035774,-6.849388],[-71.035606,-6.849507],[-71.035442,-6.849632],[-71.035283,-6.849763],[-71.035128,-6.849899],[-71.034978,-6.85004],[-71.034833,-6.850187],[-71.034694,-6.850338],[-71.034559,-6.850494],[-71.03443,-6.850655],[-71.034307,-6.85082],[-71.03419,-6.85099],[-71.034078,-6.851163],[-71.032805,-6.853222],[-71.032735,-6.853341],[-71.03267,-6.853464],[-71.032612,-6.853589],[-71.03256,-6.853717],[-71.032514,-6.853848],[-71.032474,-6.85398],[-71.032441,-6.854114],[-71.032414,-6.85425],[-71.032394,-6.854387],[-71.03238,-6.854524],[-71.032373,-6.854662],[-71.032372,-6.854801],[-71.032415,-6.856962],[-71.032414,-6.857107],[-71.032407,-6.857251],[-71.032391,-6.857395],[-71.032369,-6.857537],[-71.03234,-6.857679],[-71.032303,-6.857818],[-71.03226,-6.857956],[-71.03221,-6.858091],[-71.032153,-6.858224],[-71.03209,-6.858354],[-71.03202,-6.85848],[-71.031944,-6.858603],[-71.031862,-6.858722],[-71.031774,-6.858836],[-71.03168,-6.858946],[-71.031581,-6.859052],[-71.031477,-6.859152],[-71.031369,-6.859247],[-71.031255,-6.859336],[-71.029709,-6.860492],[-71.029592,-6.860575],[-71.02947,-6.860653],[-71.029345,-6.860724],[-71.029217,-6.860789],[-71.029085,-6.860847],[-71.028951,-6.860899],[-71.028814,-6.860944],[-71.028675,-6.860982],[-71.028534,-6.861014],[-71.028392,-6.861038],[-71.028249,-6.861055],[-71.028105,-6.861065],[-71.027961,-6.861068],[-71.027817,-6.861064],[-71.027674,-6.861052],[-71.027531,-6.861034],[-71.027389,-6.861008],[-71.027249,-6.860975],[-71.02711,-6.860936],[-71.026974,-6.860889],[-71.024754,-6.860071],[-71.024611,-6.860015],[-71.02447,-6.859952],[-71.024332,-6.859884],[-71.024196,-6.859809],[-71.024064,-6.859729],[-71.023936,-6.859644],[-71.023812,-6.859553],[-71.023691,-6.859457],[-71.023575,-6.859356],[-71.023463,-6.85925],[-71.023355,-6.859139],[-71.023253,-6.859024],[-71.023155,-6.858904],[-71.023063,-6.858781],[-71.022976,-6.858654],[-71.022894,-6.858523],[-71.022819,-6.858388],[-71.022749,-6.858251],[-71.022684,-6.858111],[-71.022626,-6.857968],[-71.022574,-6.857823],[-71.02209,-6.856371],[-71.022031,-6.856184],[-71.021979,-6.855994],[-71.021934,-6.855803],[-71.021896,-6.85561],[-71.021865,-6.855416],[-71.021841,-6.855222],[-71.021824,-6.855026],[-71.021814,-6.85483],[-71.021811,-6.854633],[-71.021815,-6.854437],[-71.021827,-6.854241],[-71.021845,-6.854045],[-71.021871,-6.853851],[-71.021903,-6.853657],[-71.021943,-6.853465],[-71.021989,-6.853274],[-71.022043,-6.853085],[-71.022103,-6.852898],[-71.022683,-6.851205],[-71.022746,-6.85103],[-71.022815,-6.850857],[-71.022891,-6.850687],[-71.022972,-6.850519],[-71.023059,-6.850354],[-71.023151,-6.850192],[-71.023249,-6.850034],[-71.023352,-6.849879],[-71.023461,-6.849727],[-71.023574,-6.84958],[-71.026175,-6.846319],[-71.026322,-6.846141],[-71.026472,-6.845966],[-71.026627,-6.845795],[-71.026787,-6.845628],[-71.02695,-6.845466],[-71.027118,-6.845307],[-71.02729,-6.845153],[-71.027465,-6.845004],[-71.027644,-6.844858],[-71.027827,-6.844718],[-71.029985,-6.843104],[-71.030185,-6.842958],[-71.030389,-6.842818],[-71.030597,-6.842684],[-71.030809,-6.842555],[-71.031024,-6.842432],[-71.031242,-6.842315],[-71.031464,-6.842204],[-71.031688,-6.842099],[-71.031916,-6.842001],[-71.032146,-6.841908],[-71.032378,-6.841822],[-71.032612,-6.841743],[-71.032849,-6.841669],[-71.033088,-6.841603],[-71.033328,-6.841542],[-71.03357,-6.841489],[-71.033813,-6.841442],[-71.034058,-6.841402],[-71.034303,-6.841368],[-71.034549,-6.841341],[-71.034796,-6.841321],[-71.035044,-6.841308],[-71.035291,-6.841302],[-71.035539,-6.841302],[-71.035787,-6.841309],[-71.036034,-6.841323],[-71.036281,-6.841343],[-71.036527,-6.841371],[-71.040253,-6.841836],[-71.040397,-6.841851],[-71.040543,-6.841858],[-71.040688,-6.841859],[-71.040833,-6.841852],[-71.040978,-6.841838],[-71.041122,-6.841817],[-71.041265,-6.84179],[-71.041406,-6.841755],[-71.041545,-6.841713],[-71.041682,-6.841665],[-71.041817,-6.84161],[-71.041949,-6.841549],[-71.042077,-6.841481],[-71.042203,-6.841407],[-71.042324,-6.841328],[-71.042442,-6.841242],[-71.042555,-6.84115],[-71.042663,-6.841054],[-71.042767,-6.840952],[-71.042865,-6.840845],[-71.042959,-6.840734],[-71.043046,-6.840618],[-71.043128,-6.840498],[-71.043205,-6.840374],[-71.043274,-6.840246],[-71.043338,-6.840116],[-71.043395,-6.839982],[-71.043446,-6.839846],[-71.04349,-6.839707],[-71.043527,-6.839567],[-71.043557,-6.839424],[-71.04358,-6.839281],[-71.043596,-6.839137],[-71.043606,-6.838992],[-71.043608,-6.838846],[-71.043603,-6.838701],[-71.043591,-6.838556],[-71.043572,-6.838412],[-71.043545,-6.838269],[-71.043512,-6.838128],[-71.043472,-6.837988],[-71.043426,-6.83785],[-71.043372,-6.837715],[-71.043313,-6.837582],[-71.043246,-6.837453],[-71.043174,-6.837327],[-71.043095,-6.837205],[-71.043011,-6.837086],[-71.042921,-6.836972],[-71.042826,-6.836863],[-71.042725,-6.836758],[-71.042619,-6.836658],[-71.042509,-6.836564],[-71.042394,-6.836474],[-71.042275,-6.836391],[-71.042152,-6.836314],[-71.042025,-6.836242],[-71.041895,-6.836177],[-71.040526,-6.835533],[-71.04031,-6.835434],[-71.04009,-6.835342],[-71.039869,-6.835254],[-71.039645,-6.835173],[-71.039419,-6.835098],[-71.039191,-6.835029],[-71.038961,-6.834965],[-71.03873,-6.834908],[-71.038498,-6.834857],[-71.038264,-6.834812],[-71.038029,-6.834773],[-71.037793,-6.834741],[-71.037556,-6.834714],[-71.037319,-6.834694],[-71.034765,-6.834511],[-71.034524,-6.834497],[-71.034283,-6.83449],[-71.034042,-6.834488],[-71.033801,-6.834494],[-71.03356,-6.834505],[-71.033319,-6.834523],[-71.033079,-6.834548],[-71.03284,-6.834579],[-71.032602,-6.834616],[-71.032365,-6.834659],[-71.032129,-6.834709],[-71.031894,-6.834765],[-71.031662,-6.834828],[-71.03143,-6.834896],[-71.031201,-6.834971],[-71.029262,-6.835631],[-71.029071,-6.8357],[-71.028883,-6.835775],[-71.028697,-6.835856],[-71.028515,-6.835944],[-71.028335,-6.836038],[-71.028159,-6.836138],[-71.027987,-6.836244],[-71.027818,-6.836355],[-71.027653,-6.836473],[-71.027492,-6.836596],[-71.027335,-6.836724],[-71.027183,-6.836858],[-71.027036,-6.836997],[-71.026893,-6.837141],[-71.026756,-6.837289],[-71.026623,-6.837443],[-71.026496,-6.8376],[-71.02509,-6.839406],[-71.024995,-6.839534],[-71.024906,-6.839665],[-71.024823,-6.8398],[-71.024746,-6.839939],[-71.024675,-6.840081],[-71.02461,-6.840226],[-71.024552,-6.840374],[-71.0245,-6.840524],[-71.023994,-6.842104],[-71.023946,-6.842244],[-71.023892,-6.842381],[-71.023833,-6.842516],[-71.023769,-6.842649],[-71.023699,-6.842779],[-71.023623,-6.842906],[-71.023543,-6.843029],[-71.023458,-6.84315],[-71.023367,-6.843266],[-71.023272,-6.843379],[-71.023173,-6.843488],[-71.022068,-6.844649],[-71.02197,-6.844747],[-71.021868,-6.84484],[-71.021761,-6.844929],[-71.02165,-6.845012],[-71.021535,-6.84509],[-71.021416,-6.845162],[-71.021294,-6.845228],[-71.021169,-6.845289],[-71.021041,-6.845343],[-71.020911,-6.845391],[-71.020779,-6.845433],[-71.020645,-6.845469],[-71.018669,-6.845941],[-71.018435,-6.845994],[-71.018199,-6.84604],[-71.017963,-6.84608],[-71.017725,-6.846114],[-71.017487,-6.846142],[-71.017248,-6.846163],[-71.017009,-6.846178],[-71.016769,-6.846187],[-71.016529,-6.846189],[-71.013301,-6.846177],[-71.013049,-6.846179],[-71.012796,-6.846189],[-71.012544,-6.846205],[-71.012292,-6.846229],[-71.012041,-6.84626],[-71.011791,-6.846298],[-71.011543,-6.846342],[-71.011295,-6.846394],[-71.011049,-6.846452],[-71.010805,-6.846518],[-71.010563,-6.84659],[-71.008599,-6.847204],[-71.008381,-6.84727],[-71.008161,-6.84733],[-71.007939,-6.847384],[-71.007716,-6.847433],[-71.007492,-6.847476],[-71.007267,-6.847513],[-71.007041,-6.847545],[-71.004437,-6.847877],[-71.004306,-6.84789],[-71.004174,-6.847896],[-71.004043,-6.847895],[-71.003912,-6.847887],[-71.003781,-6.847872],[-71.003651,-6.84785],[-71.003523,-6.847821],[-71.003396,-6.847785],[-71.003272,-6.847742],[-71.00315,-6.847693],[-71.003031,-6.847637],[-71.002915,-6.847574],[-71.002803,-6.847506],[-71.002694,-6.847432],[-71.00259,-6.847352],[-71.00249,-6.847266],[-71.002394,-6.847175],[-71.002304,-6.84708],[-71.002219,-6.846979],[-71.00214,-6.846874],[-71.002067,-6.846765],[-71.001999,-6.846652],[-71.001938,-6.846536],[-71.001883,-6.846417],[-71.001834,-6.846295],[-71.001792,-6.84617],[-71.001757,-6.846043],[-71.001729,-6.845915],[-71.001708,-6.845785],[-71.001693,-6.845654],[-71.001686,-6.845523],[-71.001686,-6.845391],[-71.001693,-6.84526],[-71.001707,-6.845129],[-71.001728,-6.845],[-71.001756,-6.844871],[-71.001791,-6.844744],[-71.001833,-6.84462],[-71.001881,-6.844497],[-71.001936,-6.844378],[-71.001998,-6.844261],[-71.002065,-6.844149],[-71.002138,-6.844039],[-71.002218,-6.843934],[-71.002302,-6.843834],[-71.002392,-6.843738],[-71.002487,-6.843647],[-71.002587,-6.843561],[-71.002692,-6.843481],[-71.0028,-6.843407],[-71.002912,-6.843338],[-71.003028,-6.843276],[-71.007491,-6.841027],[-71.007717,-6.84091],[-71.007939,-6.840786],[-71.008157,-6.840656],[-71.008372,-6.840519],[-71.008583,-6.840377],[-71.00879,-6.840229],[-71.008992,-6.840075],[-71.00919,-6.839916],[-71.009384,-6.839751],[-71.011315,-6.838058],[-71.01144,-6.837944],[-71.01156,-6.837825],[-71.011676,-6.837702],[-71.011787,-6.837574],[-71.011893,-6.837442],[-71.011993,-6.837306],[-71.012088,-6.837166],[-71.012178,-6.837023],[-71.012262,-6.836876],[-71.01234,-6.836726],[-71.012412,-6.836573],[-71.012479,-6.836417],[-71.012539,-6.836259],[-71.012593,-6.836099],[-71.012641,-6.835936],[-71.012682,-6.835772],[-71.013037,-6.834234],[-71.013067,-6.83409],[-71.01309,-6.833945],[-71.013107,-6.833799],[-71.013117,-6.833652],[-71.013121,-6.833505],[-71.013117,-6.833358],[-71.013108,-6.833211],[-71.013091,-6.833065],[-71.013068,-6.83292],[-71.013038,-6.832775],[-71.013002,-6.832633],[-71.01296,-6.832492],[-71.012911,-6.832353],[-71.012856,-6.832217],[-71.012795,-6.832083],[-71.012728,-6.831952],[-71.012655,-6.831824],[-71.012576,-6.8317],[-71.012492,-6.831579],[-71.012402,-6.831463],[-71.012307,-6.83135],[-71.012207,-6.831242],[-71.012103,-6.831138],[-71.008274,-6.827516],[-71.008178,-6.827421],[-71.008086,-6.827321],[-71.007999,-6.827216],[-71.007917,-6.827108],[-71.007841,-6.826996],[-71.00777,-6.82688],[-71.007704,-6.826761],[-71.007644,-6.82664],[-71.00759,-6.826515],[-71.007542,-6.826388],[-71.0075,-6.826259],[-71.007465,-6.826128],[-71.007435,-6.825995],[-71.007412,-6.825862],[-71.007151,-6.824103],[-71.007114,-6.823878],[-71.00707,-6.823654],[-71.007019,-6.823431],[-71.006961,-6.82321],[-71.006896,-6.822991],[-71.006824,-6.822774],[-71.006746,-6.82256],[-71.006661,-6.822348],[-71.006569,-6.822138],[-71.006471,-6.821932],[-71.006367,-6.821729],[-71.005588,-6.82027],[-71.00548,-6.820075],[-71.005366,-6.819884],[-71.005246,-6.819696],[-71.005121,-6.819512],[-71.00499,-6.819331],[-71.004854,-6.819155],[-71.004713,-6.818983],[-71.004566,-6.818815],[-71.004414,-6.818652],[-71.004258,-6.818494],[-71.004096,-6.81834],[-71.00393,-6.818191],[-71.00376,-6.818048],[-71.003585,-6.81791],[-71.003406,-6.817777],[-71.000303,-6.815542],[-71.000101,-6.815393],[-70.999904,-6.815239],[-70.999712,-6.815079],[-70.999524,-6.814913],[-70.99934,-6.814743],[-70.999161,-6.814567],[-70.998988,-6.814387],[-70.998819,-6.814202],[-70.998655,-6.814012],[-70.998497,-6.813818],[-70.998344,-6.813619],[-70.998197,-6.813417],[-70.998056,-6.81321],[-70.99792,-6.813],[-70.99779,-6.812785],[-70.997666,-6.812568],[-70.997548,-6.812347],[-70.997437,-6.812123],[-70.997331,-6.811895],[-70.997232,-6.811665],[-70.99714,-6.811433],[-70.997053,-6.811198],[-70.996974,-6.81096],[-70.996901,-6.810721],[-70.996835,-6.810479],[-70.996775,-6.810236],[-70.996722,-6.809991],[-70.996676,-6.809745],[-70.996637,-6.809498],[-70.996605,-6.809249],[-70.996579,-6.809],[-70.996561,-6.80875],[-70.996549,-6.8085],[-70.996544,-6.80825],[-70.996547,-6.807999],[-70.996556,-6.807749],[-70.996631,-6.806261],[-70.996645,-6.806035],[-70.996665,-6.80581],[-70.996691,-6.805585],[-70.996722,-6.80536],[-70.996759,-6.805137],[-70.996801,-6.804915],[-70.997973,-6.799164],[-70.997999,-6.799019],[-70.998018,-6.798872],[-70.99803,-6.798725],[-70.998035,-6.798578],[-70.998033,-6.79843],[-70.998024,-6.798283],[-70.998007,-6.798136],[-70.997984,-6.797991],[-70.997954,-6.797846],[-70.997917,-6.797703],[-70.997874,-6.797562],[-70.997823,-6.797424],[-70.997238,-6.795927],[-70.997184,-6.795797],[-70.997123,-6.79567],[-70.997056,-6.795546],[-70.996983,-6.795425],[-70.996904,-6.795308],[-70.99682,-6.795195],[-70.99673,-6.795086],[-70.996635,-6.794981],[-70.996535,-6.794882],[-70.99643,-6.794787],[-70.996321,-6.794698],[-70.996207,-6.794614],[-70.99609,-6.794535],[-70.995969,-6.794463],[-70.995844,-6.794396],[-70.995717,-6.794336],[-70.995586,-6.794282],[-70.995453,-6.794234],[-70.995318,-6.794193],[-70.995181,-6.794158],[-70.995043,-6.794131],[-70.994903,-6.79411],[-70.994763,-6.794095],[-70.994622,-6.794088],[-70.994481,-6.794088],[-70.99434,-6.794094],[-70.994199,-6.794107],[-70.994059,-6.794128],[-70.993921,-6.794155],[-70.993784,-6.794188],[-70.993648,-6.794229],[-70.993515,-6.794275],[-70.993384,-6.794329],[-70.993256,-6.794388],[-70.993131,-6.794454],[-70.991029,-6.795628],[-70.990899,-6.795704],[-70.990773,-6.795785],[-70.990651,-6.795871],[-70.990532,-6.795962],[-70.990417,-6.796058],[-70.990306,-6.796158],[-70.990199,-6.796263],[-70.990097,-6.796373],[-70.99,-6.796486],[-70.989907,-6.796604],[-70.989819,-6.796725],[-70.989736,-6.79685],[-70.988883,-6.798196],[-70.98881,-6.798306],[-70.98873,-6.798411],[-70.988646,-6.798511],[-70.988556,-6.798607],[-70.988461,-6.798698],[-70.988361,-6.798784],[-70.988257,-6.798864],[-70.988149,-6.798938],[-70.988037,-6.799007],[-70.987921,-6.799069],[-70.987802,-6.799125],[-70.98768,-6.799175],[-70.987556,-6.799218],[-70.986046,-6.799696],[-70.985904,-6.799737],[-70.985761,-6.799771],[-70.985616,-6.799799],[-70.985471,-6.799819],[-70.985324,-6.799833],[-70.985177,-6.799839],[-70.98503,-6.799838],[-70.984883,-6.799831],[-70.984737,-6.799816],[-70.984591,-6.799794],[-70.984447,-6.799766],[-70.984304,-6.79973],[-70.984163,-6.799688],[-70.984024,-6.799639],[-70.983888,-6.799583],[-70.983754,-6.799521],[-70.983624,-6.799453],[-70.983497,-6.799378],[-70.983374,-6.799298],[-70.983255,-6.799212],[-70.98314,-6.79912],[-70.983029,-6.799023],[-70.982924,-6.79892],[-70.982823,-6.798813],[-70.982728,-6.798701],[-70.982638,-6.798584],[-70.982554,-6.798464],[-70.982475,-6.798339],[-70.982403,-6.798211],[-70.982337,-6.798079],[-70.982277,-6.797945],[-70.982224,-6.797808],[-70.982178,-6.797668],[-70.982138,-6.797527],[-70.982105,-6.797383],[-70.982079,-6.797239],[-70.982059,-6.797093],[-70.982047,-6.796946],[-70.982042,-6.796799],[-70.982044,-6.796652],[-70.982053,-6.796505],[-70.982185,-6.794959],[-70.982205,-6.794765],[-70.982232,-6.794571],[-70.982266,-6.794378],[-70.982307,-6.794187],[-70.982355,-6.793997],[-70.98241,-6.793809],[-70.982471,-6.793624],[-70.982539,-6.79344],[-70.982614,-6.793259],[-70.982695,-6.793081],[-70.982783,-6.792906],[-70.982876,-6.792735],[-70.982976,-6.792566],[-70.983082,-6.792402],[-70.983194,-6.792241],[-70.983311,-6.792085],[-70.983434,-6.791933],[-70.983563,-6.791785],[-70.983697,-6.791642],[-70.983835,-6.791504],[-70.983979,-6.791372],[-70.984127,-6.791244],[-70.98428,-6.791122],[-70.984438,-6.791005],[-70.984599,-6.790894],[-70.984764,-6.790789],[-70.984933,-6.790691],[-70.986857,-6.78961],[-70.987072,-6.789485],[-70.987283,-6.789355],[-70.98749,-6.789219],[-70.987694,-6.789077],[-70.989507,-6.787778],[-70.989629,-6.787686],[-70.989747,-6.787589],[-70.98986,-6.787486],[-70.989969,-6.787378],[-70.990072,-6.787266],[-70.990171,-6.787149],[-70.990263,-6.787027],[-70.99035,-6.786902],[-70.990432,-6.786772],[-70.990507,-6.786639],[-70.990576,-6.786503],[-70.990639,-6.786364],[-70.990695,-6.786222],[-70.990745,-6.786077],[-70.990788,-6.785931],[-70.990825,-6.785782],[-70.990855,-6.785632],[-70.990877,-6.785481],[-70.990893,-6.785329],[-70.990902,-6.785176],[-70.990904,-6.785024],[-70.990899,-6.784871],[-70.990887,-6.784719],[-70.990868,-6.784567],[-70.990842,-6.784416],[-70.990809,-6.784267],[-70.990769,-6.784119],[-70.990723,-6.783974],[-70.99067,-6.78383],[-70.990611,-6.78369],[-70.990545,-6.783552],[-70.990473,-6.783417],[-70.990395,-6.783285],[-70.990311,-6.783158],[-70.990221,-6.783034],[-70.990126,-6.782914],[-70.990025,-6.782799],[-70.989919,-6.782689],[-70.989808,-6.782584],[-70.989693,-6.782484],[-70.989573,-6.782389],[-70.989449,-6.7823],[-70.989321,-6.782216],[-70.989189,-6.782139],[-70.989054,-6.782067],[-70.988916,-6.782002],[-70.988775,-6.781943],[-70.988631,-6.781891],[-70.988485,-6.781845],[-70.988337,-6.781806],[-70.988188,-6.781774],[-70.988037,-6.781749],[-70.987885,-6.78173],[-70.987733,-6.781719],[-70.98758,-6.781714],[-70.987427,-6.781717],[-70.98154,-6.781946],[-70.981393,-6.781948],[-70.981245,-6.781944],[-70.981098,-6.781932],[-70.980951,-6.781913],[-70.980806,-6.781887],[-70.980662,-6.781853],[-70.980519,-6.781814],[-70.980379,-6.781767],[-70.980241,-6.781714],[-70.980106,-6.781654],[-70.979974,-6.781587],[-70.979845,-6.781515],[-70.97972,-6.781436],[-70.979599,-6.781351],[-70.979482,-6.781261],[-70.97937,-6.781165],[-70.979262,-6.781064],[-70.979159,-6.780958],[-70.979062,-6.780847],[-70.97897,-6.780731],[-70.978883,-6.780611],[-70.978803,-6.780488],[-70.978728,-6.78036],[-70.97866,-6.780229],[-70.978598,-6.780095],[-70.978543,-6.779958],[-70.978494,-6.779818],[-70.978452,-6.779677],[-70.978417,-6.779533],[-70.978389,-6.779388],[-70.978367,-6.779242],[-70.978353,-6.779095],[-70.978346,-6.778947],[-70.978346,-6.7788],[-70.978353,-6.778652],[-70.978368,-6.778505],[-70.978389,-6.778359],[-70.978417,-6.778214],[-70.978453,-6.77807],[-70.978495,-6.777929],[-70.978543,-6.777789],[-70.978599,-6.777653],[-70.978661,-6.777518],[-70.978729,-6.777387],[-70.978804,-6.77726],[-70.978885,-6.777136],[-70.978971,-6.777016],[-70.979063,-6.776901],[-70.979161,-6.77679],[-70.979264,-6.776684],[-70.979371,-6.776583],[-70.981968,-6.774263],[-70.98205,-6.774186],[-70.982126,-6.774103],[-70.982198,-6.774016],[-70.982263,-6.773925],[-70.982323,-6.773829],[-70.982377,-6.77373],[-70.982425,-6.773628],[-70.982466,-6.773523],[-70.982501,-6.773416],[-70.982528,-6.773307],[-70.982549,-6.773196],[-70.982563,-6.773084],[-70.982571,-6.772972],[-70.982571,-6.772859],[-70.982564,-6.772747],[-70.98255,-6.772635],[-70.982529,-6.772524],[-70.982501,-6.772415],[-70.982466,-6.772308],[-70.982425,-6.772203],[-70.982378,-6.772101],[-70.982324,-6.772002],[-70.982264,-6.771907],[-70.982198,-6.771815],[-70.982127,-6.771728],[-70.98205,-6.771645],[-70.981968,-6.771567],[-70.981882,-6.771495],[-70.981792,-6.771428],[-70.981697,-6.771367],[-70.981599,-6.771312],[-70.981497,-6.771263],[-70.981393,-6.77122],[-70.981286,-6.771184],[-70.981177,-6.771155],[-70.981067,-6.771133],[-70.980955,-6.771117],[-70.979377,-6.770949],[-70.979221,-6.770935],[-70.979065,-6.770929],[-70.978908,-6.770929],[-70.978752,-6.770937],[-70.978596,-6.770951],[-70.978441,-6.770971],[-70.978288,-6.770999],[-70.978135,-6.771033],[-70.977984,-6.771074],[-70.977835,-6.771122],[-70.977688,-6.771176],[-70.976222,-6.771751],[-70.976016,-6.771828],[-70.975808,-6.771899],[-70.975598,-6.771964],[-70.975386,-6.772023],[-70.975173,-6.772075],[-70.974957,-6.77212],[-70.974741,-6.772159],[-70.974524,-6.772192],[-70.974305,-6.772218],[-70.974086,-6.772238],[-70.971748,-6.772411],[-70.971522,-6.772425],[-70.971296,-6.772433],[-70.97107,-6.772436],[-70.970844,-6.772433],[-70.969389,-6.772395],[-70.96917,-6.772392],[-70.96895,-6.772396],[-70.968731,-6.772407],[-70.968513,-6.772424],[-70.968295,-6.772448],[-70.968078,-6.772478],[-70.967862,-6.772515],[-70.967647,-6.772558],[-70.967433,-6.772608],[-70.967221,-6.772664],[-70.967011,-6.772726],[-70.966803,-6.772795],[-70.966597,-6.772869],[-70.966393,-6.77295],[-70.966192,-6.773037],[-70.965993,-6.77313],[-70.965798,-6.773229],[-70.965605,-6.773334],[-70.965416,-6.773444],[-70.96523,-6.77356],[-70.965047,-6.773681],[-70.962529,-6.775413],[-70.962434,-6.775473],[-70.962337,-6.775528],[-70.962236,-6.775576],[-70.962132,-6.775618],[-70.962026,-6.775654],[-70.961918,-6.775683],[-70.961808,-6.775705],[-70.961697,-6.77572],[-70.961586,-6.775729],[-70.961474,-6.775731],[-70.961362,-6.775725],[-70.961251,-6.775713],[-70.96114,-6.775694],[-70.961032,-6.775668],[-70.960924,-6.775636],[-70.96082,-6.775596],[-70.960717,-6.775551],[-70.960618,-6.775499],[-70.960522,-6.775441],[-70.96043,-6.775378],[-70.960342,-6.775309],[-70.960259,-6.775234],[-70.96018,-6.775155],[-70.960106,-6.77507],[-70.960038,-6.774982],[-70.959975,-6.774889],[-70.959918,-6.774793],[-70.959867,-6.774693],[-70.959823,-6.77459],[-70.959785,-6.774485],[-70.959753,-6.774378],[-70.959728,-6.774269],[-70.95971,-6.774158],[-70.959699,-6.774047],[-70.959695,-6.773935],[-70.959698,-6.773823],[-70.959707,-6.773712],[-70.959724,-6.773601],[-70.959747,-6.773492],[-70.959777,-6.773384],[-70.959814,-6.773278],[-70.959857,-6.773175],[-70.961381,-6.76982],[-70.961436,-6.769691],[-70.961484,-6.76956],[-70.961526,-6.769426],[-70.961562,-6.76929],[-70.961591,-6.769153],[-70.961613,-6.769014],[-70.961629,-6.768875],[-70.961638,-6.768735],[-70.96164,-6.768595],[-70.961635,-6.768455],[-70.961623,-6.768315],[-70.961605,-6.768176],[-70.96158,-6.768038],[-70.961548,-6.767901],[-70.96151,-6.767766],[-70.961465,-6.767633],[-70.961414,-6.767503],[-70.961356,-6.767375],[-70.961292,-6.76725],[-70.961223,-6.767128],[-70.961147,-6.76701],[-70.961066,-6.766895],[-70.96098,-6.766785],[-70.960888,-6.766679],[-70.959773,-6.765452],[-70.95965,-6.765322],[-70.959521,-6.765196],[-70.959387,-6.765075],[-70.959249,-6.76496],[-70.959106,-6.764851],[-70.958959,-6.764747],[-70.958808,-6.764649],[-70.958653,-6.764557],[-70.958495,-6.764472],[-70.958333,-6.764393],[-70.958169,-6.76432],[-70.958001,-6.764254],[-70.957831,-6.764195],[-70.957659,-6.764142],[-70.957485,-6.764097],[-70.957309,-6.764058],[-70.957132,-6.764027],[-70.956954,-6.764002],[-70.956774,-6.763985],[-70.956595,-6.763974],[-70.956415,-6.763971],[-70.956235,-6.763975],[-70.956055,-6.763986],[-70.955876,-6.764005],[-70.955698,-6.76403],[-70.953395,-6.764406],[-70.95317,-6.764446],[-70.952947,-6.764493],[-70.952726,-6.764547],[-70.952506,-6.764608],[-70.952288,-6.764676],[-70.952073,-6.76475],[-70.95186,-6.764831],[-70.951649,-6.764919],[-70.951442,-6.765013],[-70.951237,-6.765114],[-70.951036,-6.765221],[-70.950838,-6.765334],[-70.950644,-6.765453],[-70.950453,-6.765579],[-70.950267,-6.76571],[-70.950085,-6.765847],[-70.949907,-6.765989],[-70.949733,-6.766137],[-70.948558,-6.767172],[-70.948389,-6.767325],[-70.948225,-6.767483],[-70.948066,-6.767646],[-70.947912,-6.767814],[-70.947763,-6.767987],[-70.94762,-6.768164],[-70.947482,-6.768346],[-70.94735,-6.768531],[-70.947223,-6.768721],[-70.947103,-6.768914],[-70.946988,-6.769111],[-70.946032,-6.770816],[-70.94594,-6.770976],[-70.945845,-6.771134],[-70.945746,-6.77129],[-70.944423,-6.773341],[-70.944343,-6.773458],[-70.944258,-6.77357],[-70.944167,-6.773679],[-70.944071,-6.773782],[-70.943969,-6.773881],[-70.943863,-6.773974],[-70.943752,-6.774062],[-70.943637,-6.774145],[-70.943518,-6.774221],[-70.943395,-6.774291],[-70.943269,-6.774355],[-70.94314,-6.774413],[-70.943008,-6.774464],[-70.942874,-6.774508],[-70.942737,-6.774546],[-70.942599,-6.774576],[-70.94246,-6.7746],[-70.942319,-6.774617],[-70.942178,-6.774626],[-70.942036,-6.774629],[-70.941895,-6.774624],[-70.941754,-6.774612],[-70.941614,-6.774593],[-70.941475,-6.774567],[-70.941337,-6.774535],[-70.941201,-6.774495],[-70.941068,-6.774448],[-70.940937,-6.774395],[-70.940808,-6.774336],[-70.940683,-6.77427],[-70.940562,-6.774197],[-70.940444,-6.774119],[-70.94033,-6.774035],[-70.940221,-6.773945],[-70.940116,-6.77385],[-70.940016,-6.77375],[-70.939921,-6.773645],[-70.939832,-6.773535],[-70.939749,-6.773421],[-70.939671,-6.773303],[-70.939599,-6.773181],[-70.939534,-6.773056],[-70.939474,-6.772927],[-70.939039,-6.771915],[-70.93895,-6.7717],[-70.938866,-6.771483],[-70.938788,-6.771264],[-70.938716,-6.771043],[-70.93865,-6.77082],[-70.938589,-6.770596],[-70.938534,-6.77037],[-70.938485,-6.770143],[-70.938016,-6.767833],[-70.937984,-6.767693],[-70.937945,-6.767555],[-70.937899,-6.76742],[-70.937847,-6.767286],[-70.937788,-6.767155],[-70.937723,-6.767028],[-70.937651,-6.766903],[-70.937573,-6.766783],[-70.93749,-6.766666],[-70.937401,-6.766554],[-70.937306,-6.766446],[-70.937206,-6.766343],[-70.937101,-6.766246],[-70.936992,-6.766153],[-70.936878,-6.766066],[-70.936759,-6.765985],[-70.936637,-6.76591],[-70.936512,-6.76584],[-70.936383,-6.765778],[-70.936251,-6.765721],[-70.936116,-6.765671],[-70.93598,-6.765628],[-70.935841,-6.765592],[-70.9357,-6.765563],[-70.935559,-6.765541],[-70.935416,-6.765525],[-70.935273,-6.765517],[-70.935129,-6.765516],[-70.934986,-6.765522],[-70.934843,-6.765535],[-70.934701,-6.765555],[-70.93456,-6.765582],[-70.934421,-6.765617],[-70.934284,-6.765658],[-70.934148,-6.765705],[-70.932768,-6.766232],[-70.932585,-6.766305],[-70.932404,-6.766385],[-70.932227,-6.766472],[-70.932053,-6.766565],[-70.931883,-6.766664],[-70.931716,-6.76677],[-70.931553,-6.766881],[-70.931395,-6.766999],[-70.93124,-6.767121],[-70.931091,-6.76725],[-70.930946,-6.767384],[-70.930806,-6.767523],[-70.930671,-6.767667],[-70.930542,-6.767816],[-70.930418,-6.767969],[-70.92901,-6.769777],[-70.928862,-6.769973],[-70.928719,-6.770173],[-70.928581,-6.770377],[-70.92845,-6.770584],[-70.925653,-6.775117],[-70.925575,-6.775237],[-70.925491,-6.775353],[-70.925401,-6.775465],[-70.925306,-6.775572],[-70.925206,-6.775674],[-70.925101,-6.775772],[-70.924991,-6.775863],[-70.924877,-6.77595],[-70.924758,-6.77603],[-70.924636,-6.776105],[-70.92451,-6.776173],[-70.924381,-6.776235],[-70.924249,-6.776291],[-70.924115,-6.77634],[-70.923978,-6.776383],[-70.923839,-6.776418],[-70.923699,-6.776447],[-70.923557,-6.776469],[-70.923415,-6.776483],[-70.923272,-6.776491],[-70.923129,-6.776491],[-70.922986,-6.776485],[-70.922843,-6.776471],[-70.920199,-6.776152],[-70.919951,-6.776126],[-70.919703,-6.776106],[-70.919455,-6.776093],[-70.919206,-6.776088],[-70.918957,-6.776088],[-70.918709,-6.776096],[-70.91846,-6.776111],[-70.918212,-6.776132],[-70.917965,-6.77616],[-70.917719,-6.776195],[-70.917474,-6.776237],[-70.91723,-6.776286],[-70.916987,-6.776341],[-70.916746,-6.776403],[-70.916507,-6.776471],[-70.91627,-6.776546],[-70.916035,-6.776628],[-70.915802,-6.776716],[-70.915572,-6.77681],[-70.915344,-6.77691],[-70.915119,-6.777017],[-70.914898,-6.77713],[-70.908002,-6.780763],[-70.907795,-6.780869],[-70.907587,-6.780969],[-70.907375,-6.781063],[-70.907162,-6.781152],[-70.905431,-6.781849],[-70.905212,-6.78194],[-70.904996,-6.782037],[-70.904782,-6.78214],[-70.904571,-6.782248],[-70.904363,-6.782362],[-70.904158,-6.782482],[-70.903956,-6.782606],[-70.902615,-6.783458],[-70.902429,-6.783573],[-70.90224,-6.783682],[-70.902048,-6.783786],[-70.901852,-6.783884],[-70.901655,-6.783977],[-70.901454,-6.784064],[-70.901251,-6.784145],[-70.901046,-6.784221],[-70.900839,-6.78429],[-70.90063,-6.784354],[-70.898977,-6.784833],[-70.898796,-6.784882],[-70.898613,-6.784925],[-70.898428,-6.784961],[-70.898242,-6.784992],[-70.898056,-6.785015],[-70.897868,-6.785032],[-70.89768,-6.785043],[-70.897492,-6.785047],[-70.897304,-6.785045],[-70.897116,-6.785036],[-70.896929,-6.78502],[-70.896742,-6.784998],[-70.896556,-6.78497],[-70.896371,-6.784935],[-70.896187,-6.784894],[-70.896005,-6.784847],[-70.894024,-6.784293],[-70.893843,-6.784238],[-70.893663,-6.784178],[-70.893486,-6.784111],[-70.893311,-6.784039],[-70.893139,-6.78396],[-70.89297,-6.783875],[-70.892804,-6.783784],[-70.892641,-6.783688],[-70.892481,-6.783586],[-70.892325,-6.783478],[-70.892173,-6.783365],[-70.892025,-6.783247],[-70.891882,-6.783124],[-70.891742,-6.782996],[-70.891607,-6.782863],[-70.889226,-6.780431],[-70.889059,-6.780255],[-70.888897,-6.780076],[-70.88874,-6.779892],[-70.888587,-6.779704],[-70.88844,-6.779512],[-70.888298,-6.779316],[-70.888161,-6.779116],[-70.88803,-6.778913],[-70.887904,-6.778706],[-70.887783,-6.778497],[-70.886515,-6.776214],[-70.886391,-6.775997],[-70.88626,-6.775782],[-70.886123,-6.775572],[-70.88598,-6.775366],[-70.885832,-6.775163],[-70.885678,-6.774965],[-70.885519,-6.774771],[-70.885355,-6.774582],[-70.885185,-6.774397],[-70.88501,-6.774217],[-70.88483,-6.774042],[-70.884646,-6.773872],[-70.881816,-6.771336],[-70.881695,-6.771232],[-70.88157,-6.771133],[-70.88144,-6.77104],[-70.881307,-6.770953],[-70.88117,-6.770871],[-70.88103,-6.770796],[-70.880886,-6.770726],[-70.88074,-6.770663],[-70.880591,-6.770606],[-70.88044,-6.770556],[-70.880287,-6.770512],[-70.880132,-6.770474],[-70.879975,-6.770444],[-70.879817,-6.77042],[-70.879659,-6.770403],[-70.8795,-6.770392],[-70.87934,-6.770389],[-70.879181,-6.770392],[-70.879022,-6.770403],[-70.878863,-6.77042],[-70.878706,-6.770444],[-70.878549,-6.770474],[-70.878394,-6.770512],[-70.878241,-6.770556],[-70.87809,-6.770606],[-70.877941,-6.770663],[-70.877795,-6.770727],[-70.877651,-6.770796],[-70.877511,-6.770872],[-70.877374,-6.770953],[-70.87724,-6.771041],[-70.877111,-6.771134],[-70.876986,-6.771232],[-70.876865,-6.771336],[-70.876748,-6.771445],[-70.876637,-6.771559],[-70.87653,-6.771678],[-70.876429,-6.771801],[-70.875531,-6.772939],[-70.875402,-6.773107],[-70.875279,-6.773279],[-70.87516,-6.773454],[-70.875047,-6.773633],[-70.87494,-6.773814],[-70.874837,-6.774],[-70.874741,-6.774188],[-70.874649,-6.774378],[-70.872643,-6.778741],[-70.872555,-6.778923],[-70.872461,-6.779103],[-70.872361,-6.779279],[-70.872255,-6.779452],[-70.872143,-6.779621],[-70.872025,-6.779786],[-70.871902,-6.779947],[-70.871773,-6.780103],[-70.871639,-6.780256],[-70.8715,-6.780403],[-70.871356,-6.780546],[-70.871207,-6.780683],[-70.871054,-6.780816],[-70.870896,-6.780943],[-70.870734,-6.781064],[-70.870568,-6.78118],[-70.870397,-6.781291],[-70.870224,-6.781395],[-70.870046,-6.781493],[-70.869866,-6.781586],[-70.869682,-6.781672],[-70.869496,-6.781751],[-70.869307,-6.781825],[-70.869115,-6.781891],[-70.868922,-6.781951],[-70.868726,-6.782005],[-70.865092,-6.782933],[-70.864972,-6.78296],[-70.864851,-6.78298],[-70.864728,-6.782993],[-70.864606,-6.782999],[-70.864483,-6.782999],[-70.86436,-6.782991],[-70.864238,-6.782977],[-70.864117,-6.782955],[-70.863998,-6.782927],[-70.86388,-6.782892],[-70.863764,-6.782851],[-70.863651,-6.782803],[-70.863541,-6.782749],[-70.863434,-6.782688],[-70.86333,-6.782622],[-70.863231,-6.78255],[-70.863136,-6.782472],[-70.863045,-6.782389],[-70.862959,-6.782301],[-70.862878,-6.782209],[-70.862803,-6.782112],[-70.862733,-6.782011],[-70.862669,-6.781906],[-70.862612,-6.781797],[-70.86256,-6.781686],[-70.862515,-6.781572],[-70.862476,-6.781455],[-70.862444,-6.781337],[-70.862419,-6.781217],[-70.8624,-6.781095],[-70.862389,-6.780973],[-70.862384,-6.78085],[-70.862386,-6.780727],[-70.862396,-6.780605],[-70.862412,-6.780483],[-70.862435,-6.780362],[-70.862465,-6.780243],[-70.862501,-6.780126],[-70.862544,-6.780011],[-70.862594,-6.779899],[-70.86265,-6.779789],[-70.862712,-6.779683],[-70.86278,-6.779581],[-70.862853,-6.779482],[-70.862932,-6.779388],[-70.863017,-6.779299],[-70.863106,-6.779214],[-70.863199,-6.779135],[-70.863298,-6.779061],[-70.8634,-6.778993],[-70.863506,-6.77893],[-70.867236,-6.776872],[-70.867451,-6.77675],[-70.867662,-6.776622],[-70.86787,-6.776488],[-70.868074,-6.776348],[-70.868274,-6.776203],[-70.86847,-6.776053],[-70.868662,-6.775897],[-70.868849,-6.775736],[-70.869032,-6.77557],[-70.869211,-6.775399],[-70.869385,-6.775223],[-70.869553,-6.775043],[-70.869717,-6.774858],[-70.871691,-6.772567],[-70.871853,-6.772374],[-70.87201,-6.772177],[-70.87216,-6.771975],[-70.872306,-6.771769],[-70.872445,-6.771559],[-70.872578,-6.771345],[-70.872706,-6.771128],[-70.872827,-6.770907],[-70.872942,-6.770683],[-70.873051,-6.770456],[-70.873153,-6.770225],[-70.87364,-6.769089],[-70.873704,-6.768932],[-70.873761,-6.768772],[-70.873812,-6.768609],[-70.873856,-6.768445],[-70.873893,-6.768279],[-70.873923,-6.768112],[-70.873947,-6.767944],[-70.873964,-6.767775],[-70.873973,-6.767605],[-70.873976,-6.767435],[-70.873972,-6.767265],[-70.873961,-6.767096],[-70.873943,-6.766927],[-70.873918,-6.766759],[-70.873886,-6.766592],[-70.873847,-6.766426],[-70.873802,-6.766262],[-70.87375,-6.7661],[-70.873692,-6.765941],[-70.873627,-6.765784],[-70.873555,-6.765629],[-70.873478,-6.765478],[-70.873394,-6.76533],[-70.873304,-6.765186],[-70.873209,-6.765045],[-70.873108,-6.764909],[-70.873001,-6.764776],[-70.872889,-6.764649],[-70.872772,-6.764525],[-70.87265,-6.764407],[-70.872523,-6.764294],[-70.872391,-6.764186],[-70.872256,-6.764084],[-70.872116,-6.763987],[-70.871973,-6.763896],[-70.871825,-6.76381],[-70.871675,-6.763731],[-70.871521,-6.763659],[-70.871365,-6.763592],[-70.871206,-6.763532],[-70.871044,-6.763479],[-70.870881,-6.763432],[-70.870716,-6.763392],[-70.870549,-6.763358],[-70.870381,-6.763332],[-70.868261,-6.763041],[-70.868025,-6.763012],[-70.867788,-6.76299],[-70.867551,-6.762976],[-70.867314,-6.762968],[-70.867076,-6.762968],[-70.866838,-6.762974],[-70.866601,-6.762988],[-70.866364,-6.763009],[-70.866128,-6.763037],[-70.865893,-6.763072],[-70.865659,-6.763113],[-70.865427,-6.763162],[-70.865196,-6.763218],[-70.864966,-6.763281],[-70.864739,-6.76335],[-70.864514,-6.763426],[-70.864291,-6.763509],[-70.864071,-6.763599],[-70.862713,-6.764174],[-70.862597,-6.76422],[-70.862478,-6.764259],[-70.862357,-6.764292],[-70.862234,-6.764318],[-70.86211,-6.764336],[-70.861986,-6.764349],[-70.861861,-6.764354],[-70.861735,-6.764352],[-70.861611,-6.764343],[-70.861486,-6.764328],[-70.861363,-6.764305],[-70.861241,-6.764276],[-70.861121,-6.76424],[-70.861004,-6.764197],[-70.860888,-6.764148],[-70.860776,-6.764093],[-70.860667,-6.764032],[-70.860561,-6.763964],[-70.86046,-6.763891],[-70.860362,-6.763813],[-70.860269,-6.763729],[-70.860181,-6.76364],[-70.860098,-6.763546],[-70.86002,-6.763448],[-70.859948,-6.763346],[-70.859881,-6.76324],[-70.859821,-6.76313],[-70.859767,-6.763018],[-70.859719,-6.762902],[-70.859677,-6.762784],[-70.859642,-6.762664],[-70.859614,-6.762542],[-70.859263,-6.760808],[-70.859243,-6.760691],[-70.85923,-6.760574],[-70.859223,-6.760455],[-70.859223,-6.760337],[-70.85923,-6.760218],[-70.859243,-6.7601],[-70.859263,-6.759984],[-70.85929,-6.759868],[-70.859323,-6.759754],[-70.859363,-6.759643],[-70.859409,-6.759533],[-70.859462,-6.759427],[-70.85952,-6.759324],[-70.859584,-6.759224],[-70.859654,-6.759128],[-70.859729,-6.759036],[-70.859809,-6.758948],[-70.859894,-6.758866],[-70.859983,-6.758788],[-70.860077,-6.758715],[-70.860175,-6.758648],[-70.860276,-6.758587],[-70.860381,-6.758531],[-70.860489,-6.758482],[-70.860599,-6.758439],[-70.860712,-6.758402],[-70.862953,-6.757739],[-70.863092,-6.757696],[-70.86323,-6.757648],[-70.863366,-6.757597],[-70.8635,-6.757542],[-70.864996,-6.7569],[-70.865082,-6.75686],[-70.865165,-6.756813],[-70.865243,-6.75676],[-70.865318,-6.756701],[-70.865388,-6.756637],[-70.865453,-6.756568],[-70.865512,-6.756494],[-70.865566,-6.756416],[-70.865614,-6.756334],[-70.865656,-6.756249],[-70.865691,-6.756161],[-70.865719,-6.75607],[-70.865741,-6.755978],[-70.865755,-6.755884],[-70.865763,-6.755789],[-70.865763,-6.755694],[-70.865756,-6.7556],[-70.865742,-6.755506],[-70.865722,-6.755413],[-70.865694,-6.755323],[-70.86566,-6.755234],[-70.865619,-6.755149],[-70.865571,-6.755066],[-70.865518,-6.754988],[-70.865459,-6.754914],[-70.865395,-6.754844],[-70.865325,-6.754779],[-70.865251,-6.75472],[-70.865173,-6.754666],[-70.865091,-6.754619],[-70.865005,-6.754578],[-70.864917,-6.754543],[-70.864826,-6.754515],[-70.864734,-6.754494],[-70.86464,-6.754479],[-70.864545,-6.754472],[-70.86445,-6.754472],[-70.864356,-6.754479],[-70.864262,-6.754493],[-70.864169,-6.754515],[-70.864079,-6.754543],[-70.861587,-6.755416],[-70.861368,-6.755496],[-70.861151,-6.755581],[-70.860936,-6.755672],[-70.860724,-6.755769],[-70.860515,-6.755871],[-70.860308,-6.755978],[-70.860104,-6.756091],[-70.859903,-6.756208],[-70.859705,-6.756331],[-70.85951,-6.756459],[-70.853409,-6.760585],[-70.853244,-6.760699],[-70.853082,-6.760817],[-70.852922,-6.760938],[-70.852765,-6.761063],[-70.851672,-6.761954],[-70.851494,-6.762095],[-70.851313,-6.762231],[-70.851129,-6.762363],[-70.850941,-6.76249],[-70.85075,-6.762612],[-70.848313,-6.764134],[-70.848111,-6.764256],[-70.847906,-6.764373],[-70.847699,-6.764484],[-70.847488,-6.764591],[-70.847275,-6.764691],[-70.847059,-6.764786],[-70.84684,-6.764876],[-70.84662,-6.764959],[-70.846397,-6.765037],[-70.846172,-6.765109],[-70.845946,-6.765175],[-70.845718,-6.765235],[-70.843191,-6.765867],[-70.842955,-6.765923],[-70.842718,-6.765972],[-70.84248,-6.766015],[-70.842241,-6.766051],[-70.842,-6.766082],[-70.841759,-6.766105],[-70.841518,-6.766122],[-70.841276,-6.766133],[-70.841034,-6.766137],[-70.840792,-6.766135],[-70.84055,-6.766126],[-70.840308,-6.766111],[-70.840067,-6.76609],[-70.839827,-6.766061],[-70.836952,-6.765687],[-70.836712,-6.765652],[-70.836474,-6.765611],[-70.836236,-6.765564],[-70.836,-6.76551],[-70.835765,-6.76545],[-70.835532,-6.765384],[-70.8353,-6.765311],[-70.835071,-6.765233],[-70.834844,-6.765148],[-70.834619,-6.765057],[-70.834397,-6.76496],[-70.834178,-6.764857],[-70.833961,-6.764749],[-70.833747,-6.764635],[-70.828074,-6.7615],[-70.827854,-6.761383],[-70.827632,-6.761271],[-70.827406,-6.761166],[-70.827177,-6.761067],[-70.826946,-6.760975],[-70.826713,-6.760889],[-70.826477,-6.760809],[-70.826239,-6.760736],[-70.820781,-6.759139],[-70.820543,-6.759066],[-70.820306,-6.758986],[-70.820071,-6.758899],[-70.81984,-6.758806],[-70.81961,-6.758707],[-70.819384,-6.758601],[-70.81916,-6.758489],[-70.81894,-6.758371],[-70.818723,-6.758247],[-70.81851,-6.758117],[-70.817164,-6.757272],[-70.817042,-6.757199],[-70.816916,-6.757132],[-70.816787,-6.757072],[-70.816656,-6.757018],[-70.816522,-6.756971],[-70.816385,-6.75693],[-70.816247,-6.756896],[-70.816108,-6.756869],[-70.815967,-6.756849],[-70.815826,-6.756835],[-70.815683,-6.756829],[-70.815541,-6.756829],[-70.815399,-6.756837],[-70.815258,-6.756851],[-70.815117,-6.756873],[-70.814978,-6.756901],[-70.81484,-6.756936],[-70.814704,-6.756978],[-70.814571,-6.757027],[-70.814439,-6.757082],[-70.814311,-6.757143],[-70.814186,-6.757211],[-70.814064,-6.757284],[-70.813947,-6.757364],[-70.813833,-6.757449],[-70.813723,-6.75754],[-70.813618,-6.757636],[-70.813518,-6.757737],[-70.813423,-6.757842],[-70.813334,-6.757953],[-70.813249,-6.758067],[-70.813171,-6.758186],[-70.813099,-6.758308],[-70.813032,-6.758434],[-70.812972,-6.758563],[-70.812918,-6.758694],[-70.812871,-6.758828],[-70.812831,-6.758965],[-70.812797,-6.759103],[-70.81277,-6.759242],[-70.81275,-6.759383],[-70.812736,-6.759524],[-70.81273,-6.759666],[-70.812731,-6.759809],[-70.812739,-6.759951],[-70.812754,-6.760092],[-70.812775,-6.760232],[-70.812804,-6.760372],[-70.812839,-6.760509],[-70.812881,-6.760645],[-70.81293,-6.760779],[-70.812985,-6.76091],[-70.813047,-6.761038],[-70.813114,-6.761163],[-70.813188,-6.761284],[-70.813268,-6.761402],[-70.813353,-6.761516],[-70.813444,-6.761625],[-70.814778,-6.763151],[-70.814858,-6.763245],[-70.817508,-6.766382],[-70.81762,-6.766521],[-70.817726,-6.766663],[-70.817827,-6.766809],[-70.817921,-6.76696],[-70.81801,-6.767114],[-70.818092,-6.767271],[-70.818168,-6.767432],[-70.818237,-6.767596],[-70.8183,-6.767762],[-70.818357,-6.76793],[-70.818406,-6.768101],[-70.818448,-6.768274],[-70.818484,-6.768448],[-70.818513,-6.768623],[-70.818534,-6.768799],[-70.818549,-6.768976],[-70.818556,-6.769154],[-70.818557,-6.769332],[-70.81855,-6.769509],[-70.818536,-6.769686],[-70.818515,-6.769863],[-70.818487,-6.770038],[-70.818452,-6.770212],[-70.818411,-6.770385],[-70.818362,-6.770556],[-70.818306,-6.770725],[-70.818244,-6.770891],[-70.818175,-6.771055],[-70.8181,-6.771216],[-70.818019,-6.771374],[-70.817931,-6.771528],[-70.817837,-6.771679],[-70.817737,-6.771826],[-70.817631,-6.771969],[-70.81752,-6.772107],[-70.817403,-6.772241],[-70.817281,-6.77237],[-70.817154,-6.772495],[-70.817022,-6.772614],[-70.816885,-6.772727],[-70.816744,-6.772835],[-70.816599,-6.772938],[-70.81645,-6.773034],[-70.816297,-6.773125],[-70.81614,-6.773209],[-70.81598,-6.773287],[-70.815818,-6.773359],[-70.815652,-6.773424],[-70.815484,-6.773482],[-70.815314,-6.773534],[-70.815142,-6.773578],[-70.814969,-6.773616],[-70.814794,-6.773647],[-70.814617,-6.773671],[-70.814441,-6.773688],[-70.814263,-6.773698],[-70.814085,-6.7737],[-70.813908,-6.773696],[-70.81373,-6.773684],[-70.813553,-6.773666],[-70.813378,-6.77364],[-70.813203,-6.773607],[-70.81303,-6.773568],[-70.812858,-6.773521],[-70.812688,-6.773468],[-70.812521,-6.773408],[-70.812356,-6.773342],[-70.812194,-6.773268],[-70.812036,-6.773189],[-70.81188,-6.773103],[-70.811728,-6.773011],[-70.81158,-6.772913],[-70.811435,-6.772809],[-70.809623,-6.771449],[-70.80946,-6.771322],[-70.809301,-6.771191],[-70.809146,-6.771056],[-70.808995,-6.770915],[-70.808849,-6.770771],[-70.808707,-6.770621],[-70.80857,-6.770468],[-70.808438,-6.77031],[-70.80831,-6.770149],[-70.808187,-6.769983],[-70.80807,-6.769814],[-70.807957,-6.769642],[-70.80785,-6.769466],[-70.807748,-6.769287],[-70.806886,-6.767716],[-70.806774,-6.767506],[-70.806668,-6.767292],[-70.806567,-6.767076],[-70.806472,-6.766857],[-70.806383,-6.766636],[-70.8063,-6.766413],[-70.806222,-6.766187],[-70.806151,-6.76596],[-70.805595,-6.764101],[-70.805522,-6.763868],[-70.805442,-6.763638],[-70.805357,-6.763409],[-70.805265,-6.763183],[-70.805167,-6.762959],[-70.805063,-6.762738],[-70.804953,-6.76252],[-70.80372,-6.760151],[-70.803612,-6.759936],[-70.80351,-6.759719],[-70.803414,-6.7595],[-70.803323,-6.759277],[-70.803239,-6.759053],[-70.80316,-6.758826],[-70.803087,-6.758598],[-70.803021,-6.758367],[-70.802961,-6.758135],[-70.802906,-6.757901],[-70.802859,-6.757666],[-70.802817,-6.75743],[-70.802781,-6.757192],[-70.802375,-6.754196],[-70.802352,-6.754054],[-70.802322,-6.753913],[-70.802285,-6.753773],[-70.802241,-6.753636],[-70.802191,-6.753501],[-70.802133,-6.753369],[-70.802069,-6.753239],[-70.801999,-6.753113],[-70.801923,-6.752991],[-70.80184,-6.752872],[-70.801752,-6.752758],[-70.801658,-6.752649],[-70.801559,-6.752544],[-70.801454,-6.752444],[-70.801345,-6.75235],[-70.801231,-6.752261],[-70.801113,-6.752178],[-70.800991,-6.752101],[-70.800866,-6.75203],[-70.800736,-6.751966],[-70.800604,-6.751908],[-70.800469,-6.751856],[-70.800332,-6.751812],[-70.800193,-6.751774],[-70.800052,-6.751743],[-70.799909,-6.75172],[-70.799766,-6.751703],[-70.799622,-6.751694],[-70.799478,-6.751692],[-70.799333,-6.751697],[-70.79919,-6.751709],[-70.799047,-6.751729],[-70.798905,-6.751755],[-70.798764,-6.751789],[-70.798626,-6.751829],[-70.798489,-6.751877],[-70.798356,-6.751931],[-70.798225,-6.751991],[-70.798097,-6.752058],[-70.797973,-6.752132],[-70.797852,-6.752211],[-70.797736,-6.752297],[-70.797624,-6.752388],[-70.797517,-6.752485],[-70.797414,-6.752586],[-70.797317,-6.752693],[-70.797226,-6.752805],[-70.79714,-6.752921],[-70.794998,-6.755964],[-70.794912,-6.75608],[-70.794821,-6.756191],[-70.794724,-6.756298],[-70.794622,-6.7564],[-70.794515,-6.756496],[-70.794403,-6.756587],[-70.794287,-6.756673],[-70.794167,-6.756752],[-70.794043,-6.756825],[-70.793916,-6.756893],[-70.793785,-6.756953],[-70.793651,-6.757007],[-70.793515,-6.757055],[-70.793377,-6.757095],[-70.793237,-6.757129],[-70.793095,-6.757156],[-70.792952,-6.757175],[-70.792809,-6.757188],[-70.792665,-6.757193],[-70.792521,-6.757191],[-70.792377,-6.757182],[-70.792234,-6.757166],[-70.792092,-6.757143],[-70.791951,-6.757112],[-70.791811,-6.757075],[-70.791674,-6.757031],[-70.79154,-6.75698],[-70.791407,-6.756922],[-70.791278,-6.756858],[-70.791153,-6.756787],[-70.791031,-6.756711],[-70.790913,-6.756628],[-70.790799,-6.75654],[-70.79069,-6.756446],[-70.790585,-6.756347],[-70.790486,-6.756242],[-70.790392,-6.756133],[-70.790303,-6.756019],[-70.79022,-6.755902],[-70.790144,-6.75578],[-70.790073,-6.755654],[-70.790009,-6.755525],[-70.789951,-6.755393],[-70.7899,-6.755258],[-70.789856,-6.755121],[-70.789818,-6.754982],[-70.789788,-6.754841],[-70.789764,-6.754699],[-70.789748,-6.754556],[-70.789479,-6.751532],[-70.789463,-6.751389],[-70.789439,-6.751246],[-70.789408,-6.751105],[-70.789371,-6.750966],[-70.789327,-6.750829],[-70.789275,-6.750694],[-70.789217,-6.750562],[-70.789153,-6.750433],[-70.789082,-6.750307],[-70.789005,-6.750185],[-70.788922,-6.750067],[-70.788834,-6.749953],[-70.78874,-6.749844],[-70.78864,-6.74974],[-70.788535,-6.74964],[-70.788426,-6.749546],[-70.788312,-6.749458],[-70.788194,-6.749375],[-70.788071,-6.749299],[-70.787945,-6.749228],[-70.787816,-6.749164],[-70.787684,-6.749107],[-70.787549,-6.749056],[-70.787411,-6.749012],[-70.787272,-6.748975],[-70.787131,-6.748945],[-70.786989,-6.748921],[-70.786845,-6.748906],[-70.786701,-6.748897],[-70.786557,-6.748895],[-70.786413,-6.748901],[-70.786269,-6.748913],[-70.786126,-6.748933],[-70.785984,-6.74896],[-70.785844,-6.748994],[-70.785706,-6.749035],[-70.78557,-6.749083],[-70.785436,-6.749137],[-70.785305,-6.749198],[-70.785178,-6.749266],[-70.783906,-6.749981],[-70.783701,-6.750099],[-70.783499,-6.750223],[-70.783301,-6.750352],[-70.783106,-6.750487],[-70.782915,-6.750626],[-70.782727,-6.75077],[-70.782543,-6.750919],[-70.782364,-6.751073],[-70.782188,-6.751232],[-70.781046,-6.75229],[-70.780873,-6.752455],[-70.780704,-6.752624],[-70.78054,-6.752798],[-70.78038,-6.752976],[-70.780225,-6.753158],[-70.780076,-6.753344],[-70.779931,-6.753534],[-70.778496,-6.755467],[-70.778377,-6.755634],[-70.778264,-6.755804],[-70.778157,-6.755977],[-70.778056,-6.756155],[-70.777962,-6.756336],[-70.777873,-6.75652],[-70.777792,-6.756707],[-70.777716,-6.756897],[-70.777648,-6.757089],[-70.777586,-6.757284],[-70.77753,-6.75748],[-70.777482,-6.757678],[-70.777441,-6.757878],[-70.777406,-6.75808],[-70.777379,-6.758282],[-70.777359,-6.758485],[-70.777345,-6.758689],[-70.777339,-6.758893],[-70.77734,-6.759097],[-70.777348,-6.759301],[-70.777363,-6.759504],[-70.777385,-6.759707],[-70.777414,-6.759909],[-70.777451,-6.76011],[-70.777494,-6.76031],[-70.777544,-6.760508],[-70.777601,-6.760704],[-70.777664,-6.760898],[-70.777735,-6.761089],[-70.777812,-6.761279],[-70.777895,-6.761465],[-70.777985,-6.761648],[-70.778081,-6.761828],[-70.778184,-6.762005],[-70.778292,-6.762178],[-70.778407,-6.762347],[-70.778527,-6.762512],[-70.778653,-6.762673],[-70.778784,-6.762829],[-70.778921,-6.76298],[-70.779063,-6.763127],[-70.77921,-6.763269],[-70.779362,-6.763405],[-70.779518,-6.763537],[-70.779679,-6.763662],[-70.779845,-6.763782],[-70.780014,-6.763896],[-70.780187,-6.764005],[-70.780364,-6.764107],[-70.780544,-6.764203],[-70.780727,-6.764293],[-70.780914,-6.764376],[-70.781103,-6.764453],[-70.781295,-6.764523],[-70.781489,-6.764586],[-70.781685,-6.764643],[-70.781883,-6.764693],[-70.782083,-6.764735],[-70.782284,-6.764771],[-70.782486,-6.7648],[-70.785654,-6.765197],[-70.785816,-6.765221],[-70.785977,-6.765252],[-70.786137,-6.76529],[-70.786295,-6.765335],[-70.786451,-6.765386],[-70.786605,-6.765445],[-70.786755,-6.765509],[-70.786903,-6.765581],[-70.787048,-6.765658],[-70.787189,-6.765742],[-70.787327,-6.765832],[-70.78746,-6.765927],[-70.787589,-6.766029],[-70.787714,-6.766135],[-70.787834,-6.766248],[-70.787949,-6.766365],[-70.788059,-6.766487],[-70.788163,-6.766613],[-70.788262,-6.766744],[-70.788355,-6.76688],[-70.788443,-6.767019],[-70.788524,-6.767161],[-70.788599,-6.767307],[-70.788667,-6.767457],[-70.788729,-6.767609],[-70.788784,-6.767763],[-70.788833,-6.76792],[-70.788875,-6.768079],[-70.789239,-6.769593],[-70.789272,-6.769744],[-70.789298,-6.769897],[-70.789318,-6.770051],[-70.789331,-6.770205],[-70.789338,-6.77036],[-70.789338,-6.770514],[-70.789331,-6.770669],[-70.789318,-6.770823],[-70.789298,-6.770977],[-70.789272,-6.77113],[-70.789239,-6.771281],[-70.7892,-6.771431],[-70.788767,-6.772946],[-70.788713,-6.773123],[-70.788653,-6.773297],[-70.788588,-6.773469],[-70.788517,-6.773639],[-70.78844,-6.773807],[-70.788357,-6.773972],[-70.788269,-6.774134],[-70.788175,-6.774292],[-70.787372,-6.775601],[-70.787284,-6.775738],[-70.787191,-6.775871],[-70.787092,-6.776001],[-70.786989,-6.776127],[-70.78688,-6.776248],[-70.786767,-6.776365],[-70.786649,-6.776477],[-70.786526,-6.776585],[-70.786399,-6.776687],[-70.786269,-6.776784],[-70.786134,-6.776876],[-70.784848,-6.77772],[-70.78465,-6.777845],[-70.784448,-6.777965],[-70.784242,-6.778078],[-70.784033,-6.778185],[-70.783821,-6.778286],[-70.783606,-6.77838],[-70.783389,-6.778467],[-70.783168,-6.778548],[-70.782946,-6.778622],[-70.782721,-6.778689],[-70.782494,-6.77875],[-70.782265,-6.778803],[-70.782035,-6.778849],[-70.781804,-6.778889],[-70.781572,-6.778921],[-70.781338,-6.778946],[-70.781104,-6.778964],[-70.78087,-6.778975],[-70.780635,-6.778978],[-70.780401,-6.778975],[-70.780166,-6.778964],[-70.779932,-6.778947],[-70.779699,-6.778922],[-70.779466,-6.77889],[-70.779235,-6.778851],[-70.779005,-6.778804],[-70.778776,-6.778751],[-70.778549,-6.778691],[-70.774242,-6.77748],[-70.774056,-6.777431],[-70.773868,-6.777389],[-70.773679,-6.777354],[-70.773488,-6.777325],[-70.773297,-6.777304],[-70.773105,-6.777289],[-70.772913,-6.777282],[-70.77272,-6.777281],[-70.772528,-6.777287],[-70.772336,-6.7773],[-70.772144,-6.77732],[-70.771953,-6.777347],[-70.771764,-6.777381],[-70.771576,-6.777422],[-70.771389,-6.777469],[-70.771204,-6.777523],[-70.771022,-6.777584],[-70.770841,-6.777651],[-70.770663,-6.777725],[-70.770488,-6.777805],[-70.770316,-6.777892],[-70.770147,-6.777984],[-70.769982,-6.778083],[-70.76982,-6.778187],[-70.769663,-6.778297],[-70.769509,-6.778413],[-70.769359,-6.778534],[-70.769214,-6.778661],[-70.76799,-6.779769],[-70.767814,-6.779933],[-70.767641,-6.780102],[-70.767474,-6.780276],[-70.767311,-6.780454],[-70.767152,-6.780636],[-70.766999,-6.780822],[-70.764804,-6.783565],[-70.76473,-6.783653],[-70.76465,-6.783735],[-70.764566,-6.783813],[-70.764477,-6.783885],[-70.764384,-6.783952],[-70.764287,-6.784013],[-70.764186,-6.784067],[-70.764083,-6.784116],[-70.763976,-6.784158],[-70.763867,-6.784194],[-70.763756,-6.784223],[-70.763644,-6.784246],[-70.763531,-6.784261],[-70.763416,-6.784269],[-70.763302,-6.784271],[-70.763187,-6.784265],[-70.763073,-6.784253],[-70.762961,-6.784234],[-70.762849,-6.784207],[-70.762739,-6.784175],[-70.762632,-6.784135],[-70.762527,-6.784089],[-70.762425,-6.784037],[-70.762326,-6.783978],[-70.762232,-6.783914],[-70.762141,-6.783844],[-70.762055,-6.783769],[-70.761973,-6.783688],[-70.761896,-6.783603],[-70.761825,-6.783513],[-70.76176,-6.783419],[-70.7617,-6.783322],[-70.761646,-6.78322],[-70.761599,-6.783116],[-70.761558,-6.783009],[-70.761524,-6.7829],[-70.761496,-6.782789],[-70.761475,-6.782676],[-70.761461,-6.782563],[-70.761454,-6.782448],[-70.761454,-6.782334],[-70.761461,-6.782219],[-70.761475,-6.782106],[-70.761496,-6.781993],[-70.761523,-6.781882],[-70.761558,-6.781773],[-70.761599,-6.781666],[-70.761646,-6.781561],[-70.761699,-6.78146],[-70.76293,-6.779299],[-70.763054,-6.779088],[-70.763183,-6.77888],[-70.763319,-6.778677],[-70.763459,-6.778476],[-70.763605,-6.77828],[-70.763756,-6.778088],[-70.763912,-6.7779],[-70.764074,-6.777716],[-70.76424,-6.777537],[-70.764411,-6.777362],[-70.764587,-6.777192],[-70.764767,-6.777026],[-70.764952,-6.776866],[-70.765141,-6.776711],[-70.765334,-6.776561],[-70.765531,-6.776416],[-70.765732,-6.776276],[-70.765936,-6.776142],[-70.766144,-6.776014],[-70.766356,-6.775891],[-70.766571,-6.775774],[-70.767521,-6.775273],[-70.767742,-6.77516],[-70.767967,-6.775053],[-70.768194,-6.774953],[-70.768424,-6.774858],[-70.768656,-6.77477],[-70.768891,-6.774689],[-70.772727,-6.773416],[-70.772872,-6.773364],[-70.773016,-6.773305],[-70.773156,-6.77324],[-70.773294,-6.773169],[-70.773428,-6.773091],[-70.773559,-6.773008],[-70.773685,-6.772919],[-70.773808,-6.772824],[-70.773926,-6.772724],[-70.774039,-6.772619],[-70.774148,-6.772508],[-70.774251,-6.772393],[-70.77435,-6.772273],[-70.774442,-6.772149],[-70.774529,-6.772021],[-70.774611,-6.771889],[-70.774686,-6.771754],[-70.774755,-6.771615],[-70.774817,-6.771474],[-70.774874,-6.771329],[-70.774923,-6.771183],[-70.774966,-6.771034],[-70.775003,-6.770884],[-70.775032,-6.770732],[-70.775054,-6.770578],[-70.77507,-6.770424],[-70.775079,-6.77027],[-70.77508,-6.770115],[-70.775075,-6.76996],[-70.775063,-6.769806],[-70.775044,-6.769652],[-70.775018,-6.7695],[-70.774985,-6.769348],[-70.774945,-6.769199],[-70.774898,-6.769051],[-70.774845,-6.768905],[-70.774786,-6.768763],[-70.77472,-6.768622],[-70.774648,-6.768485],[-70.774569,-6.768352],[-70.774485,-6.768222],[-70.774395,-6.768096],[-70.772899,-6.766097],[-70.772805,-6.765978],[-70.772707,-6.765863],[-70.772604,-6.765751],[-70.772496,-6.765645],[-70.772384,-6.765542],[-70.772268,-6.765445],[-70.772147,-6.765352],[-70.772023,-6.765265],[-70.771896,-6.765183],[-70.771765,-6.765106],[-70.771631,-6.765035],[-70.771494,-6.76497],[-70.771354,-6.76491],[-70.771213,-6.764857],[-70.769199,-6.764142],[-70.769065,-6.764098],[-70.768929,-6.764061],[-70.768791,-6.76403],[-70.768652,-6.764006],[-70.768512,-6.763989],[-70.768371,-6.763979],[-70.76823,-6.763976],[-70.768089,-6.76398],[-70.767949,-6.763991],[-70.767809,-6.764008],[-70.76767,-6.764032],[-70.767532,-6.764064],[-70.767396,-6.764101],[-70.767262,-6.764146],[-70.767131,-6.764197],[-70.767002,-6.764254],[-70.766876,-6.764318],[-70.766754,-6.764387],[-70.766634,-6.764463],[-70.766519,-6.764544],[-70.766408,-6.764631],[-70.766301,-6.764723],[-70.766199,-6.764821],[-70.766102,-6.764923],[-70.76601,-6.76503],[-70.765924,-6.765141],[-70.765842,-6.765256],[-70.765767,-6.765375],[-70.765698,-6.765498],[-70.765634,-6.765624],[-70.765577,-6.765753],[-70.76477,-6.767703],[-70.764043,-6.768949],[-70.763916,-6.769159],[-70.763784,-6.769365],[-70.763647,-6.769568],[-70.763504,-6.769767],[-70.763356,-6.769962],[-70.763202,-6.770152],[-70.763044,-6.770339],[-70.76288,-6.770521],[-70.762712,-6.770699],[-70.762539,-6.770872],[-70.762361,-6.77104],[-70.761667,-6.77168],[-70.761498,-6.77184],[-70.761333,-6.772004],[-70.761173,-6.772172],[-70.761016,-6.772344],[-70.760865,-6.772521],[-70.760718,-6.772701],[-70.759601,-6.774105],[-70.759482,-6.77426],[-70.759369,-6.77442],[-70.759261,-6.774583],[-70.75916,-6.77475],[-70.759064,-6.77492],[-70.758975,-6.775094],[-70.758892,-6.775271],[-70.758816,-6.775451],[-70.758746,-6.775633],[-70.758683,-6.775818],[-70.758626,-6.776005],[-70.758577,-6.776194],[-70.758534,-6.776385],[-70.758498,-6.776577],[-70.758468,-6.77677],[-70.758446,-6.776964],[-70.758317,-6.778309],[-70.758297,-6.778553],[-70.758284,-6.778798],[-70.758277,-6.779043],[-70.758277,-6.779288],[-70.758283,-6.779532],[-70.758296,-6.779777],[-70.758448,-6.78204],[-70.75846,-6.782266],[-70.758464,-6.782493],[-70.758461,-6.782719],[-70.758451,-6.782945],[-70.758434,-6.783171],[-70.75841,-6.783396],[-70.758379,-6.78362],[-70.75834,-6.783843],[-70.758295,-6.784065],[-70.758242,-6.784285],[-70.758183,-6.784504],[-70.758116,-6.78472],[-70.758043,-6.784934],[-70.757963,-6.785146],[-70.757876,-6.785355],[-70.757783,-6.785561],[-70.757683,-6.785765],[-70.757577,-6.785965],[-70.757465,-6.786161],[-70.757346,-6.786354],[-70.757222,-6.786543],[-70.757091,-6.786728],[-70.756955,-6.786909],[-70.756813,-6.787085],[-70.756665,-6.787257],[-70.756512,-6.787424],[-70.756354,-6.787586],[-70.756191,-6.787743],[-70.756023,-6.787895],[-70.75585,-6.788041],[-70.755673,-6.788182],[-70.755491,-6.788317],[-70.755305,-6.788446],[-70.755115,-6.788569],[-70.754921,-6.788687],[-70.754724,-6.788798],[-70.754523,-6.788902],[-70.754319,-6.789001],[-70.754112,-6.789092],[-70.753902,-6.789178],[-70.75369,-6.789256],[-70.739526,-6.794237],[-70.739285,-6.794318],[-70.739043,-6.794392],[-70.738798,-6.794459],[-70.738552,-6.79452],[-70.738304,-6.794573],[-70.738055,-6.794619],[-70.737805,-6.794659],[-70.737553,-6.794691],[-70.737301,-6.794716],[-70.737048,-6.794735],[-70.736795,-6.794746],[-70.736542,-6.79475],[-70.736288,-6.794747],[-70.736035,-6.794737],[-70.735782,-6.794719],[-70.73553,-6.794695],[-70.735278,-6.794664],[-70.735028,-6.794625],[-70.734778,-6.79458],[-70.73453,-6.794528],[-70.734284,-6.794468],[-70.734039,-6.794402],[-70.729981,-6.793243],[-70.729869,-6.793215],[-70.729756,-6.793194],[-70.729642,-6.79318],[-70.729527,-6.793173],[-70.729412,-6.793173],[-70.729297,-6.79318],[-70.729183,-6.793194],[-70.72907,-6.793216],[-70.728959,-6.793244],[-70.728849,-6.793279],[-70.728742,-6.793321],[-70.728638,-6.79337],[-70.728537,-6.793425],[-70.728439,-6.793486],[-70.728346,-6.793553],[-70.728256,-6.793625],[-70.728172,-6.793703],[-70.728092,-6.793786],[-70.728018,-6.793874],[-70.727949,-6.793967],[-70.727887,-6.794063],[-70.72783,-6.794163],[-70.72778,-6.794266],[-70.727736,-6.794373],[-70.727699,-6.794482],[-70.727668,-6.794592],[-70.727645,-6.794705],[-70.727629,-6.794819],[-70.727619,-6.794933],[-70.727617,-6.795048],[-70.727622,-6.795163],[-70.727634,-6.795278],[-70.727653,-6.795391],[-70.72768,-6.795503],[-70.727713,-6.795613],[-70.727752,-6.795721],[-70.727799,-6.795826],[-70.727852,-6.795928],[-70.727911,-6.796027],[-70.727976,-6.796122],[-70.729923,-6.798775],[-70.730002,-6.798889],[-70.730076,-6.799006],[-70.730144,-6.799127],[-70.730206,-6.799251],[-70.730263,-6.799378],[-70.730313,-6.799507],[-70.730356,-6.799638],[-70.730394,-6.799772],[-70.730425,-6.799907],[-70.730449,-6.800043],[-70.730467,-6.800181],[-70.730479,-6.800319],[-70.730483,-6.800458],[-70.730481,-6.800596],[-70.730473,-6.800734],[-70.730458,-6.800872],[-70.730436,-6.801009],[-70.730408,-6.801145],[-70.730373,-6.801279],[-70.730332,-6.801411],[-70.730284,-6.801542],[-70.730231,-6.801669],[-70.730171,-6.801794],[-70.730105,-6.801917],[-70.728826,-6.804166],[-70.728759,-6.804291],[-70.728698,-6.80442],[-70.728643,-6.804551],[-70.728595,-6.804685],[-70.728553,-6.804821],[-70.728519,-6.804959],[-70.728491,-6.805099],[-70.72847,-6.805239],[-70.728456,-6.805381],[-70.728449,-6.805523],[-70.728448,-6.805665],[-70.728455,-6.805808],[-70.728469,-6.805949],[-70.72849,-6.80609],[-70.728518,-6.806229],[-70.728552,-6.806367],[-70.728594,-6.806504],[-70.728642,-6.806638],[-70.728696,-6.806769],[-70.728757,-6.806898],[-70.728824,-6.807023],[-70.728897,-6.807145],[-70.728977,-6.807263],[-70.729061,-6.807378],[-70.729152,-6.807487],[-70.729247,-6.807593],[-70.729348,-6.807693],[-70.729454,-6.807789],[-70.729564,-6.807879],[-70.729678,-6.807964],[-70.729797,-6.808042],[-70.729919,-6.808115],[-70.730044,-6.808182],[-70.730173,-6.808243],[-70.730305,-6.808297],[-70.730439,-6.808345],[-70.730575,-6.808386],[-70.730713,-6.80842],[-70.730853,-6.808448],[-70.730994,-6.808468],[-70.731136,-6.808482],[-70.731278,-6.808489],[-70.73142,-6.808488],[-70.731562,-6.808481],[-70.731704,-6.808467],[-70.731845,-6.808446],[-70.731984,-6.808417],[-70.732122,-6.808382],[-70.732258,-6.808341],[-70.732392,-6.808292],[-70.732523,-6.808238],[-70.732652,-6.808176],[-70.732777,-6.808109],[-70.732899,-6.808035],[-70.735117,-6.806621],[-70.735303,-6.806498],[-70.735486,-6.80637],[-70.735664,-6.806236],[-70.735839,-6.806097],[-70.736009,-6.805952],[-70.736174,-6.805802],[-70.736335,-6.805648],[-70.736491,-6.805488],[-70.736643,-6.805324],[-70.736789,-6.805155],[-70.73693,-6.804982],[-70.737065,-6.804805],[-70.737195,-6.804624],[-70.737919,-6.803581],[-70.738053,-6.803382],[-70.738182,-6.80318],[-70.738306,-6.802975],[-70.738424,-6.802766],[-70.738536,-6.802554],[-70.738643,-6.80234],[-70.738744,-6.802122],[-70.738839,-6.801902],[-70.739411,-6.80053],[-70.739503,-6.800316],[-70.739601,-6.800105],[-70.739705,-6.799896],[-70.739813,-6.799689],[-70.739927,-6.799486],[-70.740717,-6.798119],[-70.740801,-6.797981],[-70.74089,-6.797847],[-70.740986,-6.797718],[-70.741086,-6.797592],[-70.741192,-6.797471],[-70.741304,-6.797354],[-70.74142,-6.797243],[-70.741541,-6.797136],[-70.741667,-6.797035],[-70.741796,-6.79694],[-70.74193,-6.79685],[-70.742068,-6.796766],[-70.742209,-6.796689],[-70.742353,-6.796617],[-70.7425,-6.796552],[-70.74265,-6.796493],[-70.742803,-6.796441],[-70.742957,-6.796395],[-70.743114,-6.796356],[-70.743272,-6.796325],[-70.743431,-6.796299],[-70.743591,-6.796281],[-70.743752,-6.79627],[-70.743913,-6.796266],[-70.744074,-6.796269],[-70.744235,-6.796279],[-70.744395,-6.796295],[-70.744554,-6.796319],[-70.744713,-6.79635],[-70.744869,-6.796387],[-70.745024,-6.796431],[-70.745177,-6.796482],[-70.745328,-6.79654],[-70.745475,-6.796604],[-70.74562,-6.796674],[-70.745762,-6.79675],[-70.7459,-6.796833],[-70.746035,-6.796922],[-70.746166,-6.797016],[-70.746292,-6.797116],[-70.746414,-6.797221],[-70.746531,-6.797332],[-70.746644,-6.797447],[-70.746751,-6.797567],[-70.746853,-6.797692],[-70.746949,-6.797821],[-70.74704,-6.797954],[-70.747124,-6.798091],[-70.747203,-6.798232],[-70.747276,-6.798376],[-70.747342,-6.798523],[-70.747402,-6.798672],[-70.747455,-6.798824],[-70.747502,-6.798978],[-70.747967,-6.800649],[-70.748022,-6.800858],[-70.748071,-6.801069],[-70.748113,-6.801281],[-70.74815,-6.801493],[-70.74818,-6.801707],[-70.748203,-6.801922],[-70.74822,-6.802137],[-70.748231,-6.802353],[-70.748236,-6.802569],[-70.748234,-6.802785],[-70.748226,-6.803001],[-70.748155,-6.804348],[-70.748139,-6.804584],[-70.748118,-6.804818],[-70.74809,-6.805052],[-70.748056,-6.805286],[-70.748016,-6.805518],[-70.74797,-6.805749],[-70.747918,-6.805979],[-70.74786,-6.806207],[-70.747499,-6.807558],[-70.747458,-6.807698],[-70.74741,-6.807837],[-70.747357,-6.807973],[-70.747297,-6.808106],[-70.74723,-6.808236],[-70.747158,-6.808364],[-70.74708,-6.808487],[-70.746997,-6.808607],[-70.746908,-6.808723],[-70.746814,-6.808835],[-70.746714,-6.808943],[-70.74661,-6.809045],[-70.745505,-6.810085],[-70.745338,-6.810237],[-70.745167,-6.810383],[-70.744992,-6.810525],[-70.744812,-6.810661],[-70.744628,-6.810791],[-70.74444,-6.810916],[-70.744248,-6.811034],[-70.744053,-6.811147],[-70.743854,-6.811254],[-70.743653,-6.811355],[-70.743448,-6.811449],[-70.74324,-6.811537],[-70.74303,-6.811619],[-70.742817,-6.811694],[-70.742602,-6.811762],[-70.742386,-6.811824],[-70.742167,-6.811879],[-70.741947,-6.811928],[-70.741725,-6.811969],[-70.741502,-6.812004],[-70.740014,-6.812213],[-70.73977,-6.812244],[-70.739526,-6.812268],[-70.739282,-6.812285],[-70.739037,-6.812296],[-70.738791,-6.812301],[-70.738546,-6.812298],[-70.738301,-6.812289],[-70.738056,-6.812274],[-70.737812,-6.812251],[-70.737568,-6.812222],[-70.737326,-6.812187],[-70.733694,-6.811606],[-70.733536,-6.811584],[-70.733377,-6.811569],[-70.733217,-6.811561],[-70.733058,-6.811561],[-70.732898,-6.811567],[-70.732739,-6.81158],[-70.732581,-6.811601],[-70.732423,-6.811628],[-70.732267,-6.811662],[-70.732113,-6.811703],[-70.731961,-6.811751],[-70.731811,-6.811806],[-70.731663,-6.811867],[-70.731519,-6.811934],[-70.731377,-6.812008],[-70.731239,-6.812088],[-70.731104,-6.812174],[-70.730974,-6.812266],[-70.730847,-6.812364],[-70.730725,-6.812467],[-70.730608,-6.812575],[-70.730496,-6.812689],[-70.730389,-6.812807],[-70.730287,-6.81293],[-70.73019,-6.813057],[-70.730099,-6.813188],[-70.730015,-6.813323],[-70.729936,-6.813462],[-70.729863,-6.813604],[-70.729797,-6.813749],[-70.729737,-6.813897],[-70.729684,-6.814048],[-70.729638,-6.814201],[-70.729598,-6.814355],[-70.729565,-6.814511],[-70.729539,-6.814669],[-70.72952,-6.814827],[-70.729508,-6.814987],[-70.729503,-6.815146],[-70.729506,-6.815306],[-70.729515,-6.815465],[-70.729531,-6.815624],[-70.729554,-6.815782],[-70.729584,-6.815938],[-70.729621,-6.816094],[-70.729665,-6.816247],[-70.729716,-6.816398],[-70.729773,-6.816547],[-70.729837,-6.816694],[-70.730475,-6.818074],[-70.730559,-6.818247],[-70.730648,-6.818417],[-70.730744,-6.818584],[-70.730846,-6.818747],[-70.730953,-6.818907],[-70.731066,-6.819062],[-70.731185,-6.819214],[-70.731309,-6.819361],[-70.731437,-6.819504],[-70.731571,-6.819642],[-70.73171,-6.819775],[-70.731853,-6.819904],[-70.732001,-6.820027],[-70.732153,-6.820144],[-70.732309,-6.820257],[-70.732469,-6.820364],[-70.735026,-6.822004],[-70.735135,-6.822078],[-70.735241,-6.822156],[-70.735343,-6.82224],[-70.735441,-6.822328],[-70.735535,-6.82242],[-70.735625,-6.822517],[-70.735711,-6.822617],[-70.735791,-6.822722],[-70.735867,-6.822829],[-70.735938,-6.822941],[-70.736871,-6.824481],[-70.736967,-6.824647],[-70.737058,-6.824816],[-70.737142,-6.824987],[-70.73722,-6.825162],[-70.737292,-6.82534],[-70.737358,-6.825519],[-70.737417,-6.825701],[-70.73747,-6.825885],[-70.737516,-6.826071],[-70.737556,-6.826258],[-70.737589,-6.826447],[-70.737616,-6.826637],[-70.737635,-6.826827],[-70.737648,-6.827018],[-70.737655,-6.827209],[-70.737654,-6.827401],[-70.737607,-6.829739],[-70.737598,-6.829971],[-70.737584,-6.830203],[-70.737562,-6.830435],[-70.737535,-6.830666],[-70.7375,-6.830895],[-70.737459,-6.831124],[-70.737411,-6.831352],[-70.737357,-6.831578],[-70.737297,-6.831802],[-70.73723,-6.832025],[-70.737157,-6.832246],[-70.737077,-6.832464],[-70.736992,-6.83268],[-70.7369,-6.832894],[-70.736802,-6.833105],[-70.736698,-6.833313],[-70.736588,-6.833517],[-70.736472,-6.833719],[-70.736351,-6.833917],[-70.736224,-6.834112],[-70.736092,-6.834303],[-70.735954,-6.834491],[-70.735811,-6.834674],[-70.735662,-6.834853],[-70.73452,-6.836192],[-70.73439,-6.836339],[-70.734254,-6.836482],[-70.734114,-6.836619],[-70.733969,-6.836751],[-70.733819,-6.836878],[-70.733664,-6.836999],[-70.733506,-6.837115],[-70.733343,-6.837224],[-70.733176,-6.837328],[-70.733006,-6.837426],[-70.732832,-6.837517],[-70.732655,-6.837603],[-70.732475,-6.837681],[-70.732293,-6.837753],[-70.732107,-6.837819],[-70.73192,-6.837878],[-70.731731,-6.83793],[-70.73154,-6.837975],[-70.731347,-6.838013],[-70.731153,-6.838044],[-70.730958,-6.838068],[-70.729158,-6.838258],[-70.728963,-6.838275],[-70.728768,-6.838285],[-70.728572,-6.838288],[-70.728376,-6.838283],[-70.728181,-6.838272],[-70.727986,-6.838254],[-70.727792,-6.838229],[-70.727599,-6.838197],[-70.727407,-6.838157],[-70.727216,-6.838111],[-70.727028,-6.838058],[-70.726842,-6.837999],[-70.726657,-6.837933],[-70.726476,-6.83786],[-70.726297,-6.83778],[-70.726121,-6.837694],[-70.725948,-6.837602],[-70.724134,-6.836592],[-70.723931,-6.836476],[-70.723731,-6.836354],[-70.723534,-6.836227],[-70.723341,-6.836096],[-70.723151,-6.835959],[-70.722964,-6.835817],[-70.722782,-6.835671],[-70.722603,-6.83552],[-70.722428,-6.835364],[-70.722258,-6.835204],[-70.716398,-6.829561],[-70.716211,-6.829376],[-70.716029,-6.829186],[-70.715853,-6.828991],[-70.715681,-6.828791],[-70.715515,-6.828587],[-70.715354,-6.828379],[-70.715199,-6.828167],[-70.71505,-6.82795],[-70.714906,-6.827729],[-70.714769,-6.827505],[-70.714638,-6.827277],[-70.714512,-6.827046],[-70.714393,-6.826811],[-70.714281,-6.826574],[-70.714174,-6.826333],[-70.714075,-6.82609],[-70.713981,-6.825844],[-70.713895,-6.825595],[-70.713815,-6.825345],[-70.713742,-6.825092],[-70.713675,-6.824837],[-70.713616,-6.824581],[-70.713563,-6.824324],[-70.713517,-6.824065],[-70.713478,-6.823804],[-70.713447,-6.823543],[-70.713286,-6.822061],[-70.71326,-6.82179],[-70.713241,-6.821517],[-70.713229,-6.821244],[-70.713223,-6.820971],[-70.713225,-6.820698],[-70.713233,-6.820425],[-70.713248,-6.820153],[-70.713271,-6.81988],[-70.713299,-6.819609],[-70.713335,-6.819338],[-70.713378,-6.819068],[-70.713427,-6.8188],[-70.713483,-6.818533],[-70.713546,-6.818267],[-70.713616,-6.818003],[-70.714368,-6.815283],[-70.714412,-6.815108],[-70.71445,-6.814932],[-70.714481,-6.814754],[-70.714505,-6.814575],[-70.714522,-6.814395],[-70.714532,-6.814215],[-70.714534,-6.814034],[-70.71453,-6.813853],[-70.714519,-6.813673],[-70.7145,-6.813493],[-70.714475,-6.813315],[-70.714442,-6.813137],[-70.714403,-6.812961],[-70.714356,-6.812786],[-70.714303,-6.812613],[-70.714243,-6.812443],[-70.714177,-6.812275],[-70.714104,-6.81211],[-70.714025,-6.811947],[-70.713939,-6.811788],[-70.713847,-6.811633],[-70.713749,-6.811481],[-70.713645,-6.811333],[-70.713536,-6.811189],[-70.713421,-6.81105],[-70.7133,-6.810915],[-70.713175,-6.810785],[-70.713044,-6.810661],[-70.712909,-6.810541],[-70.712769,-6.810427],[-70.712624,-6.810318],[-70.712476,-6.810215],[-70.712324,-6.810118],[-70.712167,-6.810027],[-70.712008,-6.809942],[-70.711845,-6.809864],[-70.711679,-6.809791],[-70.711511,-6.809726],[-70.71134,-6.809667],[-70.706325,-6.808046],[-70.706188,-6.807998],[-70.706052,-6.807943],[-70.70592,-6.807882],[-70.705791,-6.807814],[-70.705665,-6.80774],[-70.705543,-6.80766],[-70.705426,-6.807574],[-70.705312,-6.807482],[-70.705203,-6.807385],[-70.705099,-6.807283],[-70.705,-6.807175],[-70.704907,-6.807064],[-70.704819,-6.806947],[-70.704737,-6.806827],[-70.70466,-6.806702],[-70.70459,-6.806574],[-70.704527,-6.806443],[-70.70447,-6.806309],[-70.704419,-6.806172],[-70.704375,-6.806033],[-70.704338,-6.805892],[-70.704308,-6.805749],[-70.704285,-6.805605],[-70.704269,-6.80546],[-70.704261,-6.805315],[-70.704259,-6.805169],[-70.704264,-6.805023],[-70.704277,-6.804878],[-70.704296,-6.804733],[-70.704323,-6.80459],[-70.704357,-6.804448],[-70.704397,-6.804308],[-70.704445,-6.80417],[-70.704499,-6.804035],[-70.704559,-6.803902],[-70.704626,-6.803772],[-70.7047,-6.803646],[-70.704779,-6.803524],[-70.704864,-6.803405],[-70.704955,-6.803291],[-70.705051,-6.803182],[-70.705153,-6.803077],[-70.70526,-6.802978],[-70.705371,-6.802883],[-70.705487,-6.802795],[-70.705607,-6.802712],[-70.705731,-6.802635],[-70.705858,-6.802564],[-70.705989,-6.802499],[-70.706123,-6.802441],[-70.70974,-6.800977],[-70.709872,-6.80092],[-70.710001,-6.800856],[-70.710127,-6.800785],[-70.710249,-6.800709],[-70.710368,-6.800626],[-70.710482,-6.800538],[-70.710591,-6.800444],[-70.710696,-6.800345],[-70.710796,-6.800241],[-70.71089,-6.800131],[-70.710979,-6.800018],[-70.711062,-6.7999],[-70.711139,-6.799778],[-70.711209,-6.799652],[-70.711274,-6.799523],[-70.711332,-6.799391],[-70.711383,-6.799256],[-70.711428,-6.799119],[-70.711465,-6.79898],[-70.711496,-6.798839],[-70.711519,-6.798697],[-70.711536,-6.798553],[-70.711545,-6.79841],[-70.711547,-6.798265],[-70.711542,-6.798121],[-70.71153,-6.797978],[-70.711511,-6.797835],[-70.711484,-6.797693],[-70.71145,-6.797553],[-70.71141,-6.797414],[-70.711363,-6.797278],[-70.711309,-6.797144],[-70.711248,-6.797013],[-70.711181,-6.796886],[-70.711107,-6.796762],[-70.711028,-6.796641],[-70.710942,-6.796525],[-70.710851,-6.796413],[-70.710755,-6.796306],[-70.710653,-6.796204],[-70.710546,-6.796107],[-70.710435,-6.796015],[-70.710319,-6.795929],[-70.710199,-6.795849],[-70.710075,-6.795775],[-70.709948,-6.795708],[-70.709817,-6.795646],[-70.709684,-6.795592],[-70.709548,-6.795544],[-70.709409,-6.795502],[-70.706535,-6.794724],[-70.706342,-6.794674],[-70.706148,-6.794629],[-70.705953,-6.794587],[-70.702737,-6.793941],[-70.702599,-6.793917],[-70.70246,-6.793899],[-70.70232,-6.793888],[-70.70218,-6.793884],[-70.70204,-6.793887],[-70.7019,-6.793897],[-70.701761,-6.793913],[-70.701622,-6.793936],[-70.701486,-6.793965],[-70.70135,-6.794002],[-70.701217,-6.794044],[-70.701085,-6.794094],[-70.700957,-6.794149],[-70.700831,-6.794211],[-70.700708,-6.794278],[-70.700589,-6.794352],[-70.700473,-6.794431],[-70.700362,-6.794516],[-70.700254,-6.794605],[-70.700151,-6.794701],[-70.700053,-6.7948],[-70.69996,-6.794905],[-70.699872,-6.795014],[-70.699789,-6.795127],[-70.699712,-6.795244],[-70.69964,-6.795364],[-70.699575,-6.795488],[-70.699515,-6.795615],[-70.699462,-6.795745],[-70.699415,-6.795877],[-70.699375,-6.796011],[-70.698938,-6.797599],[-70.698876,-6.79784],[-70.69882,-6.798082],[-70.69877,-6.798326],[-70.698728,-6.798571],[-70.698692,-6.798817],[-70.698663,-6.799064],[-70.698641,-6.799312],[-70.698625,-6.79956],[-70.698617,-6.799809],[-70.698615,-6.800058],[-70.69862,-6.800307],[-70.698632,-6.800555],[-70.698651,-6.800803],[-70.698677,-6.801051],[-70.69933,-6.806602],[-70.699354,-6.806836],[-70.699372,-6.80707],[-70.699385,-6.807305],[-70.699391,-6.80754],[-70.699391,-6.807775],[-70.699385,-6.80801],[-70.699151,-6.813991],[-70.699138,-6.814234],[-70.699119,-6.814476],[-70.699093,-6.814718],[-70.699061,-6.814959],[-70.699022,-6.815199],[-70.698977,-6.815438],[-70.698925,-6.815676],[-70.698867,-6.815912],[-70.698803,-6.816147],[-70.698732,-6.81638],[-70.698655,-6.816611],[-70.698572,-6.816839],[-70.698483,-6.817066],[-70.697778,-6.818787],[-70.697699,-6.81897],[-70.697614,-6.81915],[-70.697522,-6.819327],[-70.697425,-6.819501],[-70.697321,-6.819671],[-70.697212,-6.819837],[-70.697097,-6.82],[-70.696976,-6.820158],[-70.69685,-6.820313],[-70.696718,-6.820462],[-70.696582,-6.820607],[-70.69644,-6.820747],[-70.696293,-6.820882],[-70.696142,-6.821012],[-70.695987,-6.821136],[-70.695827,-6.821255],[-70.695663,-6.821369],[-70.695495,-6.821476],[-70.695324,-6.821578],[-70.695149,-6.821673],[-70.694971,-6.821763],[-70.694789,-6.821846],[-70.694605,-6.821922],[-70.694419,-6.821993],[-70.69423,-6.822056],[-70.694039,-6.822113],[-70.693846,-6.822164],[-70.693652,-6.822207],[-70.693456,-6.822244],[-70.693259,-6.822274],[-70.693061,-6.822297],[-70.692862,-6.822313],[-70.692663,-6.822322],[-70.692464,-6.822324],[-70.692265,-6.822319],[-70.692066,-6.822307],[-70.691867,-6.822288],[-70.69167,-6.822263],[-70.691473,-6.82223],[-70.691278,-6.822191],[-70.691084,-6.822144],[-70.690892,-6.822091],[-70.690702,-6.822032],[-70.690514,-6.821965],[-70.690328,-6.821893],[-70.690145,-6.821813],[-70.689965,-6.821728],[-70.689789,-6.821636],[-70.689615,-6.821538],[-70.686554,-6.819739],[-70.686432,-6.819663],[-70.686313,-6.819582],[-70.686199,-6.819496],[-70.686089,-6.819405],[-70.685983,-6.819308],[-70.685881,-6.819207],[-70.685784,-6.819102],[-70.685692,-6.818992],[-70.685606,-6.818877],[-70.685524,-6.81876],[-70.685449,-6.818638],[-70.685378,-6.818513],[-70.685314,-6.818385],[-70.685255,-6.818254],[-70.684652,-6.816818],[-70.684559,-6.816588],[-70.684473,-6.816356],[-70.684392,-6.816121],[-70.684319,-6.815885],[-70.684252,-6.815647],[-70.684191,-6.815406],[-70.684137,-6.815165],[-70.68409,-6.814921],[-70.684049,-6.814677],[-70.684015,-6.814432],[-70.683988,-6.814186],[-70.683968,-6.813939],[-70.683954,-6.813691],[-70.683947,-6.813444],[-70.683947,-6.813196],[-70.683954,-6.812948],[-70.684067,-6.81019],[-70.68407,-6.810012],[-70.684067,-6.809834],[-70.684056,-6.809656],[-70.684038,-6.809478],[-70.684013,-6.809301],[-70.683981,-6.809126],[-70.683942,-6.808952],[-70.683896,-6.80878],[-70.683843,-6.808609],[-70.683783,-6.808441],[-70.683717,-6.808276],[-70.683644,-6.808113],[-70.683564,-6.807953],[-70.683478,-6.807797],[-70.683386,-6.807644],[-70.683287,-6.807495],[-70.683183,-6.807351],[-70.683073,-6.80721],[-70.682958,-6.807074],[-70.682837,-6.806943],[-70.682711,-6.806817],[-70.68258,-6.806696],[-70.682444,-6.80658],[-70.682303,-6.80647],[-70.682159,-6.806365],[-70.68201,-6.806267],[-70.681857,-6.806175],[-70.681701,-6.806088],[-70.681541,-6.806008],[-70.681379,-6.805935],[-70.681213,-6.805868],[-70.681045,-6.805808],[-70.680875,-6.805755],[-70.680703,-6.805709],[-70.680529,-6.805669],[-70.680353,-6.805637],[-70.680176,-6.805612],[-70.679999,-6.805594],[-70.679821,-6.805583],[-70.679642,-6.805579],[-70.679464,-6.805582],[-70.679286,-6.805593],[-70.679108,-6.805611],[-70.678931,-6.805636],[-70.678756,-6.805667],[-70.678582,-6.805706],[-70.678409,-6.805752],[-70.678239,-6.805805],[-70.678071,-6.805865],[-70.677905,-6.805931],[-70.677742,-6.806004],[-70.67596,-6.806847],[-70.675836,-6.806909],[-70.675716,-6.806976],[-70.675599,-6.807049],[-70.675485,-6.807128],[-70.675376,-6.807211],[-70.67527,-6.8073],[-70.675168,-6.807393],[-70.675071,-6.807491],[-70.674978,-6.807593],[-70.674891,-6.807699],[-70.674808,-6.80781],[-70.67473,-6.807924],[-70.673884,-6.809233],[-70.673758,-6.809434],[-70.673639,-6.809638],[-70.673525,-6.809845],[-70.673417,-6.810056],[-70.673316,-6.810269],[-70.673221,-6.810486],[-70.673132,-6.810705],[-70.67305,-6.810927],[-70.672974,-6.811151],[-70.672904,-6.811377],[-70.672842,-6.811605],[-70.672786,-6.811835],[-70.672736,-6.812066],[-70.672693,-6.812298],[-70.672658,-6.812532],[-70.672628,-6.812767],[-70.672606,-6.813002],[-70.672591,-6.813238],[-70.672582,-6.813475],[-70.672581,-6.813711],[-70.672586,-6.813948],[-70.672829,-6.820591],[-70.67284,-6.820793],[-70.672858,-6.820994],[-70.672883,-6.821195],[-70.672915,-6.821394],[-70.672954,-6.821592],[-70.673,-6.821789],[-70.673052,-6.821984],[-70.673112,-6.822177],[-70.673178,-6.822368],[-70.673251,-6.822556],[-70.67333,-6.822742],[-70.673416,-6.822925],[-70.673508,-6.823105],[-70.673606,-6.823281],[-70.67371,-6.823454],[-70.673821,-6.823624],[-70.673937,-6.823789],[-70.674059,-6.82395],[-70.674186,-6.824107],[-70.674319,-6.824259],[-70.674457,-6.824406],[-70.6746,-6.824549],[-70.674748,-6.824687],[-70.674901,-6.824819],[-70.675058,-6.824946],[-70.67522,-6.825067],[-70.675386,-6.825182],[-70.675555,-6.825292],[-70.675729,-6.825396],[-70.675906,-6.825494],[-70.676086,-6.825585],[-70.676269,-6.82567],[-70.676455,-6.825749],[-70.676644,-6.825821],[-70.676835,-6.825886],[-70.677029,-6.825945],[-70.677224,-6.825997],[-70.678686,-6.826359],[-70.678906,-6.82641],[-70.679128,-6.826454],[-70.679351,-6.826491],[-70.679575,-6.826521],[-70.679799,-6.826545],[-70.680025,-6.826561],[-70.68025,-6.826571],[-70.680476,-6.826573],[-70.680702,-6.826569],[-70.680928,-6.826558],[-70.681153,-6.826539],[-70.681378,-6.826514],[-70.681601,-6.826482],[-70.681824,-6.826443],[-70.682045,-6.826397],[-70.682265,-6.826344],[-70.682483,-6.826285],[-70.682699,-6.826219],[-70.684271,-6.825712],[-70.684412,-6.82567],[-70.684555,-6.825635],[-70.684699,-6.825608],[-70.684844,-6.825587],[-70.68499,-6.825574],[-70.685137,-6.825568],[-70.685284,-6.825569],[-70.68543,-6.825577],[-70.685576,-6.825593],[-70.685721,-6.825615],[-70.685865,-6.825645],[-70.686007,-6.825682],[-70.686147,-6.825725],[-70.686285,-6.825776],[-70.68642,-6.825833],[-70.686553,-6.825897],[-70.686681,-6.825967],[-70.686807,-6.826044],[-70.686928,-6.826126],[-70.687045,-6.826215],[-70.687158,-6.826309],[-70.687266,-6.826408],[-70.687369,-6.826513],[-70.687466,-6.826622],[-70.687558,-6.826737],[-70.687645,-6.826855],[-70.688497,-6.828089],[-70.688613,-6.828262],[-70.688722,-6.82844],[-70.688826,-6.82862],[-70.688923,-6.828805],[-70.689013,-6.828992],[-70.689097,-6.829183],[-70.689175,-6.829376],[-70.689245,-6.829572],[-70.689309,-6.82977],[-70.689367,-6.82997],[-70.689417,-6.830172],[-70.68946,-6.830376],[-70.689496,-6.830581],[-70.689526,-6.830787],[-70.689548,-6.830994],[-70.689563,-6.831202],[-70.68957,-6.83141],[-70.689571,-6.831618],[-70.689564,-6.831826],[-70.689551,-6.832034],[-70.68953,-6.832241],[-70.689502,-6.832447],[-70.689467,-6.832652],[-70.689425,-6.832856],[-70.689376,-6.833059],[-70.68932,-6.833259],[-70.689257,-6.833458],[-70.689188,-6.833654],[-70.689111,-6.833848],[-70.689028,-6.834039],[-70.688939,-6.834227],[-70.688843,-6.834412],[-70.688741,-6.834593],[-70.688633,-6.834771],[-70.688518,-6.834945],[-70.688398,-6.835115],[-70.688272,-6.835281],[-70.68814,-6.835442],[-70.687285,-6.836454],[-70.687126,-6.836636],[-70.686964,-6.836814],[-70.686796,-6.836988],[-70.686624,-6.837157],[-70.686447,-6.837321],[-70.686266,-6.83748],[-70.686081,-6.837635],[-70.685891,-6.837785],[-70.685698,-6.837929],[-70.685501,-6.838068],[-70.685301,-6.838202],[-70.685097,-6.838331],[-70.684889,-6.838454],[-70.684678,-6.838572],[-70.681955,-6.840044],[-70.681748,-6.840153],[-70.681539,-6.840256],[-70.681327,-6.840353],[-70.681112,-6.840445],[-70.680895,-6.840532],[-70.680676,-6.840613],[-70.680455,-6.840688],[-70.680233,-6.840757],[-70.674782,-6.842379],[-70.674594,-6.842431],[-70.674405,-6.842477],[-70.674214,-6.842515],[-70.674021,-6.842547],[-70.673828,-6.842572],[-70.673634,-6.84259],[-70.673439,-6.842601],[-70.673244,-6.842605],[-70.673049,-6.842602],[-70.672854,-6.842591],[-70.67266,-6.842574],[-70.672467,-6.84255],[-70.672274,-6.842519],[-70.672083,-6.842481],[-70.671893,-6.842437],[-70.671705,-6.842385],[-70.671519,-6.842327],[-70.671335,-6.842262],[-70.671154,-6.842191],[-70.670975,-6.842113],[-70.670799,-6.842028],[-70.670626,-6.841938],[-70.670457,-6.841841],[-70.670291,-6.841739],[-70.670129,-6.84163],[-70.669971,-6.841516],[-70.669818,-6.841396],[-70.669668,-6.841271],[-70.669524,-6.84114],[-70.669384,-6.841004],[-70.669249,-6.840863],[-70.669119,-6.840718],[-70.668994,-6.840568],[-70.668875,-6.840414],[-70.668762,-6.840255],[-70.668654,-6.840093],[-70.668552,-6.839926],[-70.668457,-6.839757],[-70.668367,-6.839583],[-70.668284,-6.839407],[-70.668207,-6.839228],[-70.668137,-6.839046],[-70.668073,-6.838862],[-70.668016,-6.838676],[-70.667965,-6.838488],[-70.667922,-6.838298],[-70.667885,-6.838106],[-70.667855,-6.837914],[-70.666987,-6.83156],[-70.666949,-6.831309],[-70.666904,-6.831059],[-70.666852,-6.83081],[-70.666793,-6.830563],[-70.666727,-6.830318],[-70.666655,-6.830074],[-70.666575,-6.829833],[-70.666489,-6.829594],[-70.666396,-6.829358],[-70.666296,-6.829124],[-70.66619,-6.828893],[-70.666077,-6.828665],[-70.665958,-6.828441],[-70.663891,-6.824668],[-70.663773,-6.824444],[-70.663661,-6.824217],[-70.663555,-6.823988],[-70.663456,-6.823755],[-70.663363,-6.82352],[-70.663277,-6.823282],[-70.663197,-6.823042],[-70.663125,-6.8228],[-70.663059,-6.822556],[-70.663,-6.82231],[-70.662948,-6.822062],[-70.662903,-6.821813],[-70.662865,-6.821563],[-70.662833,-6.821312],[-70.662809,-6.821061],[-70.662463,-6.816825],[-70.662446,-6.816658],[-70.662422,-6.816492],[-70.66239,-6.816327],[-70.662352,-6.816164],[-70.662307,-6.816003],[-70.662255,-6.815844],[-70.662196,-6.815687],[-70.66213,-6.815532],[-70.662058,-6.815381],[-70.66198,-6.815233],[-70.661895,-6.815088],[-70.661805,-6.814947],[-70.661708,-6.81481],[-70.661606,-6.814677],[-70.661498,-6.814549],[-70.661384,-6.814426],[-70.661266,-6.814307],[-70.661142,-6.814194],[-70.661014,-6.814085],[-70.660882,-6.813983],[-70.660745,-6.813886],[-70.660604,-6.813795],[-70.660459,-6.81371],[-70.660311,-6.813632],[-70.66016,-6.81356],[-70.660005,-6.813494],[-70.659849,-6.813435],[-70.659689,-6.813383],[-70.659528,-6.813337],[-70.659365,-6.813299],[-70.6592,-6.813267],[-70.659034,-6.813242],[-70.658867,-6.813225],[-70.6587,-6.813215],[-70.658532,-6.813211],[-70.658365,-6.813215],[-70.658197,-6.813226],[-70.658031,-6.813245],[-70.657865,-6.81327],[-70.6577,-6.813302],[-70.657537,-6.813341],[-70.657376,-6.813388],[-70.6543,-6.814341],[-70.654056,-6.814412],[-70.653812,-6.814477],[-70.653565,-6.814535],[-70.653317,-6.814586],[-70.653067,-6.81463],[-70.652817,-6.814666],[-70.652565,-6.814696],[-70.652313,-6.814719],[-70.65206,-6.814735],[-70.651807,-6.814744],[-70.651553,-6.814745],[-70.6513,-6.81474],[-70.651047,-6.814727],[-70.650794,-6.814708],[-70.650542,-6.814681],[-70.650291,-6.814647],[-70.642777,-6.81353],[-70.642544,-6.813498],[-70.642311,-6.813473],[-70.642076,-6.813454],[-70.641842,-6.81344],[-70.641607,-6.813433],[-70.641372,-6.813432],[-70.641137,-6.813437],[-70.640903,-6.813448],[-70.640668,-6.813465],[-70.640434,-6.813488],[-70.640201,-6.813517],[-70.631516,-6.814723],[-70.631267,-6.814754],[-70.631017,-6.814778],[-70.630767,-6.814795],[-70.630516,-6.814806],[-70.630265,-6.814809],[-70.630014,-6.814805],[-70.629763,-6.814795],[-70.629513,-6.814777],[-70.629263,-6.814753],[-70.629015,-6.814721],[-70.628767,-6.814683],[-70.62852,-6.814638],[-70.628274,-6.814586],[-70.624052,-6.813631],[-70.623828,-6.813583],[-70.623602,-6.813541],[-70.623376,-6.813505],[-70.623149,-6.813474],[-70.622921,-6.813449],[-70.622693,-6.81343],[-70.622464,-6.813417],[-70.622235,-6.813409],[-70.622005,-6.813408],[-70.620536,-6.813416],[-70.620377,-6.81342],[-70.620219,-6.813431],[-70.620061,-6.81345],[-70.619904,-6.813475],[-70.619749,-6.813507],[-70.619595,-6.813546],[-70.619443,-6.813591],[-70.619293,-6.813643],[-70.619145,-6.813702],[-70.619,-6.813767],[-70.618858,-6.813838],[-70.61872,-6.813916],[-70.618585,-6.813999],[-70.618454,-6.814088],[-70.618326,-6.814183],[-70.618204,-6.814284],[-70.618085,-6.81439],[-70.617972,-6.8145],[-70.617863,-6.814616],[-70.61776,-6.814736],[-70.617661,-6.814861],[-70.617569,-6.81499],[-70.617482,-6.815123],[-70.617401,-6.81526],[-70.617327,-6.8154],[-70.617258,-6.815543],[-70.617196,-6.815689],[-70.61714,-6.815837],[-70.617091,-6.815988],[-70.617048,-6.816141],[-70.617013,-6.816296],[-70.616984,-6.816452],[-70.616962,-6.816609],[-70.616947,-6.816767],[-70.616817,-6.818519],[-70.616806,-6.818724],[-70.616801,-6.81893],[-70.616804,-6.819136],[-70.616814,-6.819342],[-70.616831,-6.819547],[-70.616855,-6.819751],[-70.616887,-6.819955],[-70.616925,-6.820157],[-70.61697,-6.820358],[-70.617022,-6.820557],[-70.617082,-6.820754],[-70.617148,-6.820949],[-70.61722,-6.821141],[-70.6173,-6.821331],[-70.617386,-6.821518],[-70.617478,-6.821702],[-70.617577,-6.821883],[-70.619898,-6.825961],[-70.620021,-6.82617],[-70.62015,-6.826376],[-70.620284,-6.826579],[-70.620423,-6.826778],[-70.620568,-6.826973],[-70.620718,-6.827164],[-70.620873,-6.827352],[-70.621033,-6.827534],[-70.621198,-6.827713],[-70.621368,-6.827887],[-70.621542,-6.828056],[-70.621721,-6.828221],[-70.621904,-6.828381],[-70.622092,-6.828536],[-70.622283,-6.828685],[-70.622479,-6.82883],[-70.622678,-6.828969],[-70.626928,-6.831854],[-70.627041,-6.831935],[-70.62715,-6.832022],[-70.627255,-6.832115],[-70.627354,-6.832212],[-70.627449,-6.832315],[-70.627538,-6.832423],[-70.627621,-6.832535],[-70.627698,-6.832651],[-70.62777,-6.83277],[-70.627835,-6.832894],[-70.627894,-6.83302],[-70.627946,-6.83315],[-70.627991,-6.833282],[-70.62803,-6.833416],[-70.628061,-6.833552],[-70.628086,-6.833689],[-70.628103,-6.833827],[-70.628114,-6.833966],[-70.628117,-6.834106],[-70.628113,-6.834245],[-70.628102,-6.834384],[-70.628084,-6.834523],[-70.628058,-6.83466],[-70.628026,-6.834795],[-70.627986,-6.834929],[-70.62794,-6.835061],[-70.627887,-6.83519],[-70.627828,-6.835316],[-70.627762,-6.835439],[-70.62769,-6.835559],[-70.627612,-6.835674],[-70.627528,-6.835786],[-70.627438,-6.835893],[-70.627343,-6.835995],[-70.627243,-6.836092],[-70.627138,-6.836184],[-70.627029,-6.83627],[-70.626915,-6.836351],[-70.626797,-6.836426],[-70.626675,-6.836494],[-70.62655,-6.836556],[-70.626422,-6.836612],[-70.626292,-6.836661],[-70.626159,-6.836703],[-70.626024,-6.836739],[-70.625887,-6.836767],[-70.625749,-6.836789],[-70.62561,-6.836803],[-70.625471,-6.83681],[-70.625332,-6.83681],[-70.625192,-6.836802],[-70.625053,-6.836788],[-70.623411,-6.836575],[-70.623213,-6.836546],[-70.623016,-6.83651],[-70.622821,-6.836468],[-70.622627,-6.836419],[-70.622435,-6.836364],[-70.622244,-6.836302],[-70.622056,-6.836234],[-70.621871,-6.836159],[-70.621688,-6.836079],[-70.621508,-6.835992],[-70.621331,-6.835899],[-70.621157,-6.8358],[-70.620986,-6.835696],[-70.620819,-6.835586],[-70.620656,-6.83547],[-70.620497,-6.835349],[-70.620342,-6.835223],[-70.620192,-6.835091],[-70.620046,-6.834955],[-70.619904,-6.834814],[-70.619768,-6.834668],[-70.619636,-6.834517],[-70.61951,-6.834362],[-70.619389,-6.834203],[-70.617994,-6.832307],[-70.617855,-6.832112],[-70.617721,-6.831914],[-70.617592,-6.831712],[-70.617468,-6.831506],[-70.61735,-6.831298],[-70.617238,-6.831086],[-70.617131,-6.830872],[-70.615642,-6.827778],[-70.615541,-6.827561],[-70.615446,-6.827342],[-70.615357,-6.82712],[-70.615274,-6.826896],[-70.615196,-6.82667],[-70.615125,-6.826442],[-70.61506,-6.826212],[-70.615,-6.82598],[-70.613843,-6.82119],[-70.613788,-6.820949],[-70.61374,-6.820706],[-70.613699,-6.820463],[-70.613664,-6.820218],[-70.613636,-6.819972],[-70.613614,-6.819726],[-70.6136,-6.819479],[-70.613592,-6.819232],[-70.613591,-6.818985],[-70.613596,-6.818737],[-70.613609,-6.818491],[-70.613628,-6.818244],[-70.613654,-6.817998],[-70.613686,-6.817753],[-70.613726,-6.817509],[-70.613772,-6.817266],[-70.613824,-6.817024],[-70.613883,-6.816784],[-70.613949,-6.816546],[-70.614021,-6.81631],[-70.6141,-6.816075],[-70.614185,-6.815843],[-70.614276,-6.815613],[-70.614374,-6.815386],[-70.614478,-6.815162],[-70.614588,-6.81494],[-70.614704,-6.814722],[-70.614825,-6.814506],[-70.616227,-6.812108],[-70.61633,-6.811926],[-70.61643,-6.811742],[-70.616525,-6.811556],[-70.616615,-6.811367],[-70.616701,-6.811176],[-70.617887,-6.808472],[-70.617986,-6.808237],[-70.618079,-6.807999],[-70.618164,-6.807759],[-70.618243,-6.807516],[-70.618315,-6.807271],[-70.61838,-6.807025],[-70.618438,-6.806776],[-70.618489,-6.806526],[-70.618533,-6.806275],[-70.61857,-6.806022],[-70.6186,-6.805769],[-70.618622,-6.805515],[-70.618638,-6.80526],[-70.618646,-6.805005],[-70.618647,-6.80475],[-70.618641,-6.804495],[-70.618627,-6.80424],[-70.618607,-6.803986],[-70.618579,-6.803732],[-70.618304,-6.801516],[-70.618282,-6.801362],[-70.618253,-6.80121],[-70.618218,-6.801059],[-70.618176,-6.800909],[-70.618128,-6.800762],[-70.618073,-6.800617],[-70.618012,-6.800474],[-70.617946,-6.800334],[-70.617873,-6.800197],[-70.617794,-6.800063],[-70.61771,-6.799933],[-70.617621,-6.799807],[-70.617526,-6.799684],[-70.617425,-6.799566],[-70.61732,-6.799452],[-70.61721,-6.799342],[-70.617096,-6.799238],[-70.616977,-6.799138],[-70.616854,-6.799044],[-70.616727,-6.798955],[-70.616596,-6.798871],[-70.616462,-6.798793],[-70.616324,-6.798721],[-70.615031,-6.798078],[-70.614885,-6.79801],[-70.614736,-6.797947],[-70.614584,-6.797892],[-70.61443,-6.797842],[-70.614275,-6.7978],[-70.614117,-6.797764],[-70.613958,-6.797735],[-70.613798,-6.797713],[-70.613638,-6.797698],[-70.613476,-6.79769],[-70.613315,-6.797689],[-70.613153,-6.797695],[-70.612992,-6.797708],[-70.612832,-6.797728],[-70.612673,-6.797755],[-70.612515,-6.797788],[-70.612359,-6.797829],[-70.610197,-6.798438],[-70.61005,-6.798483],[-70.609905,-6.798534],[-70.609763,-6.798591],[-70.609623,-6.798654],[-70.609485,-6.798723],[-70.609351,-6.798797],[-70.60922,-6.798878],[-70.609093,-6.798963],[-70.60897,-6.799054],[-70.60885,-6.799151],[-70.608735,-6.799252],[-70.608624,-6.799358],[-70.608517,-6.799469],[-70.608416,-6.799584],[-70.607162,-6.801065],[-70.607008,-6.801253],[-70.606858,-6.801446],[-70.606713,-6.801642],[-70.606574,-6.801842],[-70.606441,-6.802045],[-70.606313,-6.802252],[-70.60619,-6.802463],[-70.606073,-6.802677],[-70.605962,-6.802893],[-70.605857,-6.803113],[-70.605758,-6.803336],[-70.605665,-6.803561],[-70.605578,-6.803788],[-70.605497,-6.804018],[-70.605422,-6.80425],[-70.605354,-6.804483],[-70.605292,-6.804719],[-70.605236,-6.804956],[-70.605187,-6.805194],[-70.605144,-6.805434],[-70.605108,-6.805675],[-70.604502,-6.810092],[-70.604472,-6.810286],[-70.604434,-6.810479],[-70.60439,-6.810671],[-70.60434,-6.810861],[-70.604282,-6.811049],[-70.604218,-6.811235],[-70.604147,-6.811418],[-70.60407,-6.811599],[-70.603987,-6.811777],[-70.603897,-6.811951],[-70.603801,-6.812123],[-70.603698,-6.812291],[-70.60359,-6.812455],[-70.603476,-6.812615],[-70.603357,-6.812772],[-70.603232,-6.812923],[-70.603102,-6.813071],[-70.602966,-6.813213],[-70.602826,-6.813351],[-70.60268,-6.813483],[-70.602531,-6.81361],[-70.602376,-6.813732],[-70.602218,-6.813848],[-70.602055,-6.813959],[-70.601888,-6.814063],[-70.601718,-6.814162],[-70.601545,-6.814255],[-70.601368,-6.814341],[-70.601189,-6.814421],[-70.601006,-6.814494],[-70.600821,-6.814561],[-70.600634,-6.814622],[-70.600445,-6.814675],[-70.600254,-6.814722],[-70.600061,-6.814762],[-70.599868,-6.814795],[-70.599673,-6.814821],[-70.599477,-6.814841],[-70.599281,-6.814853],[-70.599084,-6.814858],[-70.598887,-6.814856],[-70.598691,-6.814848],[-70.598495,-6.814832],[-70.5983,-6.814809],[-70.598105,-6.81478],[-70.597912,-6.814743],[-70.59772,-6.8147],[-70.59753,-6.814649],[-70.597342,-6.814593],[-70.597156,-6.814529],[-70.596972,-6.814459],[-70.596791,-6.814382],[-70.596613,-6.814299],[-70.596438,-6.81421],[-70.596266,-6.814114],[-70.593533,-6.812529],[-70.593317,-6.8124],[-70.593105,-6.812265],[-70.592897,-6.812125],[-70.592693,-6.811978],[-70.592493,-6.811826],[-70.589925,-6.809815],[-70.58969,-6.809636],[-70.589451,-6.809462],[-70.589208,-6.809293],[-70.588961,-6.809131],[-70.58871,-6.808974],[-70.588456,-6.808823],[-70.588198,-6.808678],[-70.587937,-6.808539],[-70.587673,-6.808406],[-70.587406,-6.808279],[-70.587136,-6.808159],[-70.586863,-6.808045],[-70.586587,-6.807937],[-70.586309,-6.807836],[-70.586029,-6.807741],[-70.585747,-6.807653],[-70.585463,-6.807572],[-70.585176,-6.807497],[-70.584889,-6.807429],[-70.584599,-6.807368],[-70.584309,-6.807313],[-70.584017,-6.807265],[-70.583724,-6.807224],[-70.58343,-6.80719],[-70.583136,-6.807163],[-70.582841,-6.807142],[-70.582545,-6.807129],[-70.582249,-6.807122],[-70.581954,-6.807123],[-70.581658,-6.80713],[-70.580124,-6.807185],[-70.579872,-6.807191],[-70.57962,-6.807189],[-70.579368,-6.807181],[-70.579116,-6.807165],[-70.578865,-6.807143],[-70.578614,-6.807113],[-70.578365,-6.807077],[-70.575356,-6.806594],[-70.575173,-6.806568],[-70.57499,-6.806549],[-70.574806,-6.806537],[-70.574622,-6.806532],[-70.574438,-6.806534],[-70.574254,-6.806542],[-70.574071,-6.806557],[-70.573888,-6.80658],[-70.573706,-6.806609],[-70.573525,-6.806645],[-70.573346,-6.806687],[-70.573169,-6.806736],[-70.572993,-6.806792],[-70.57282,-6.806854],[-70.572649,-6.806923],[-70.572481,-6.806998],[-70.572316,-6.807079],[-70.572154,-6.807167],[-70.571995,-6.80726],[-70.57184,-6.807359],[-70.571689,-6.807464],[-70.571541,-6.807575],[-70.571398,-6.80769],[-70.57126,-6.807812],[-70.571126,-6.807938],[-70.570996,-6.808069],[-70.570872,-6.808205],[-70.570753,-6.808345],[-70.57064,-6.80849],[-70.570531,-6.808639],[-70.570429,-6.808792],[-70.570332,-6.808949],[-70.570241,-6.809109],[-70.570156,-6.809272],[-70.570078,-6.809439],[-70.570005,-6.809608],[-70.569939,-6.80978],[-70.56988,-6.809954],[-70.569827,-6.81013],[-70.569335,-6.811886],[-70.569278,-6.812098],[-70.569226,-6.812311],[-70.56918,-6.812525],[-70.569139,-6.812741],[-70.569103,-6.812957],[-70.568517,-6.816783],[-70.568478,-6.817016],[-70.568433,-6.817249],[-70.568382,-6.81748],[-70.568325,-6.81771],[-70.568262,-6.817939],[-70.568192,-6.818165],[-70.568117,-6.81839],[-70.568036,-6.818613],[-70.56795,-6.818833],[-70.567857,-6.819051],[-70.567759,-6.819267],[-70.567655,-6.81948],[-70.567546,-6.81969],[-70.56604,-6.822494],[-70.565928,-6.82271],[-70.565821,-6.82293],[-70.565721,-6.823152],[-70.565626,-6.823377],[-70.565537,-6.823604],[-70.565455,-6.823834],[-70.565379,-6.824066],[-70.565309,-6.8243],[-70.565246,-6.824535],[-70.565188,-6.824773],[-70.565138,-6.825011],[-70.563781,-6.831851],[-70.563745,-6.832013],[-70.563703,-6.832173],[-70.563654,-6.832332],[-70.563598,-6.832489],[-70.563536,-6.832643],[-70.563467,-6.832794],[-70.563392,-6.832942],[-70.563311,-6.833087],[-70.563224,-6.833229],[-70.563132,-6.833367],[-70.563033,-6.8335],[-70.562929,-6.83363],[-70.56282,-6.833755],[-70.562705,-6.833876],[-70.562586,-6.833991],[-70.562462,-6.834102],[-70.562333,-6.834207],[-70.562201,-6.834307],[-70.562064,-6.834401],[-70.561923,-6.834489],[-70.561779,-6.834572],[-70.561631,-6.834648],[-70.56148,-6.834718],[-70.561327,-6.834782],[-70.561171,-6.834839],[-70.561013,-6.83489],[-70.560852,-6.834934],[-70.560691,-6.834971],[-70.560527,-6.835002],[-70.560363,-6.835026],[-70.560197,-6.835043],[-70.560032,-6.835052],[-70.55846,-6.835114],[-70.558236,-6.835119],[-70.558012,-6.835118],[-70.557788,-6.835109],[-70.557564,-6.835094],[-70.557341,-6.835072],[-70.557119,-6.835043],[-70.556897,-6.835007],[-70.556677,-6.834965],[-70.556458,-6.834916],[-70.556241,-6.83486],[-70.556026,-6.834798],[-70.555813,-6.834729],[-70.555602,-6.834653],[-70.555393,-6.834572],[-70.555187,-6.834483],[-70.554983,-6.834389],[-70.554783,-6.834288],[-70.554586,-6.834182],[-70.554392,-6.834069],[-70.554202,-6.833951],[-70.554015,-6.833826],[-70.553833,-6.833696],[-70.553654,-6.833561],[-70.55247,-6.832634],[-70.552285,-6.832485],[-70.552104,-6.832331],[-70.551927,-6.832172],[-70.551755,-6.832008],[-70.551588,-6.831839],[-70.551426,-6.831666],[-70.551268,-6.831488],[-70.551116,-6.831306],[-70.550968,-6.83112],[-70.550826,-6.830929],[-70.55069,-6.830735],[-70.550558,-6.830537],[-70.550433,-6.830336],[-70.550313,-6.830131],[-70.549134,-6.82805],[-70.549017,-6.82785],[-70.548896,-6.827654],[-70.548769,-6.827461],[-70.548638,-6.827271],[-70.5455,-6.822854],[-70.54541,-6.822733],[-70.545314,-6.822617],[-70.545213,-6.822505],[-70.545106,-6.822398],[-70.544995,-6.822297],[-70.544879,-6.822201],[-70.544758,-6.82211],[-70.544634,-6.822026],[-70.544505,-6.821947],[-70.544373,-6.821875],[-70.544237,-6.821809],[-70.544099,-6.821749],[-70.543958,-6.821696],[-70.543814,-6.82165],[-70.543669,-6.821611],[-70.543521,-6.821579],[-70.543373,-6.821554],[-70.543223,-6.821536],[-70.543073,-6.821525],[-70.542922,-6.821521],[-70.542771,-6.821524],[-70.542621,-6.821535],[-70.542471,-6.821553],[-70.542323,-6.821577],[-70.542175,-6.821609],[-70.54203,-6.821648],[-70.541886,-6.821694],[-70.541745,-6.821746],[-70.540227,-6.822351],[-70.540043,-6.822429],[-70.539861,-6.822512],[-70.539682,-6.822601],[-70.539506,-6.822697],[-70.539334,-6.822798],[-70.539165,-6.822905],[-70.539,-6.823018],[-70.538838,-6.823136],[-70.538681,-6.82326],[-70.538528,-6.823389],[-70.53838,-6.823523],[-70.538236,-6.823661],[-70.538097,-6.823805],[-70.537962,-6.823953],[-70.537833,-6.824106],[-70.537709,-6.824263],[-70.537591,-6.824424],[-70.537478,-6.824589],[-70.53737,-6.824758],[-70.536189,-6.826685],[-70.53611,-6.826805],[-70.536026,-6.826922],[-70.535936,-6.827035],[-70.535841,-6.827143],[-70.53574,-6.827246],[-70.535634,-6.827344],[-70.535524,-6.827436],[-70.535409,-6.827523],[-70.53529,-6.827604],[-70.535167,-6.827679],[-70.53504,-6.827748],[-70.534911,-6.82781],[-70.534778,-6.827866],[-70.534642,-6.827915],[-70.534505,-6.827958],[-70.534365,-6.827993],[-70.534224,-6.828022],[-70.534081,-6.828044],[-70.533938,-6.828058],[-70.533794,-6.828065],[-70.53365,-6.828065],[-70.533506,-6.828058],[-70.533363,-6.828044],[-70.53322,-6.828023],[-70.533079,-6.827994],[-70.532939,-6.827959],[-70.532802,-6.827916],[-70.532666,-6.827867],[-70.532533,-6.827812],[-70.532403,-6.827749],[-70.532277,-6.827681],[-70.532154,-6.827606],[-70.532034,-6.827525],[-70.531919,-6.827438],[-70.531809,-6.827346],[-70.531703,-6.827248],[-70.531602,-6.827145],[-70.531507,-6.827037],[-70.531417,-6.826925],[-70.531332,-6.826808],[-70.531254,-6.826687],[-70.531181,-6.826563],[-70.531115,-6.826435],[-70.531056,-6.826304],[-70.531003,-6.82617],[-70.530956,-6.826033],[-70.530917,-6.825895],[-70.530885,-6.825755],[-70.530859,-6.825613],[-70.530841,-6.82547],[-70.530829,-6.825326],[-70.530825,-6.825182],[-70.530828,-6.825038],[-70.530839,-6.824895],[-70.53115,-6.821671],[-70.531176,-6.821429],[-70.531209,-6.821189],[-70.531249,-6.820949],[-70.531295,-6.820711],[-70.531347,-6.820474],[-70.531405,-6.820238],[-70.531895,-6.818376],[-70.53195,-6.818158],[-70.531999,-6.817939],[-70.532042,-6.817719],[-70.532081,-6.817498],[-70.532113,-6.817275],[-70.53214,-6.817052],[-70.532162,-6.816829],[-70.532439,-6.813504],[-70.532463,-6.813262],[-70.532493,-6.813021],[-70.532529,-6.812781],[-70.532572,-6.812542],[-70.532621,-6.812304],[-70.532677,-6.812068],[-70.532739,-6.811833],[-70.532807,-6.8116],[-70.532882,-6.811369],[-70.53454,-6.806449],[-70.534616,-6.806233],[-70.534697,-6.80602],[-70.534784,-6.805808],[-70.534876,-6.805599],[-70.534973,-6.805392],[-70.535644,-6.804009],[-70.535751,-6.803779],[-70.535852,-6.803545],[-70.535947,-6.803309],[-70.536035,-6.803071],[-70.536116,-6.80283],[-70.53619,-6.802587],[-70.536258,-6.802342],[-70.536319,-6.802095],[-70.536372,-6.801846],[-70.536419,-6.801597],[-70.536458,-6.801345],[-70.536491,-6.801093],[-70.536516,-6.80084],[-70.536534,-6.800587],[-70.536546,-6.800333],[-70.536549,-6.800079],[-70.536546,-6.799825],[-70.536536,-6.799571],[-70.536519,-6.799317],[-70.536073,-6.793948],[-70.536065,-6.793805],[-70.536063,-6.793662],[-70.536069,-6.79352],[-70.536082,-6.793378],[-70.536102,-6.793236],[-70.536129,-6.793096],[-70.536162,-6.792957],[-70.536203,-6.792821],[-70.53625,-6.792686],[-70.536304,-6.792554],[-70.536364,-6.792424],[-70.53643,-6.792298],[-70.536503,-6.792175],[-70.536582,-6.792056],[-70.536666,-6.791941],[-70.536756,-6.79183],[-70.536851,-6.791724],[-70.536952,-6.791622],[-70.537057,-6.791526],[-70.537167,-6.791435],[-70.537281,-6.791349],[-70.5374,-6.79127],[-70.537522,-6.791196],[-70.537648,-6.791128],[-70.537777,-6.791067],[-70.537908,-6.791012],[-70.538043,-6.790963],[-70.538179,-6.790921],[-70.538318,-6.790886],[-70.538458,-6.790858],[-70.538599,-6.790837],[-70.538741,-6.790823],[-70.538884,-6.790816],[-70.539026,-6.790816],[-70.539169,-6.790822],[-70.539311,-6.790836],[-70.539452,-6.790857],[-70.539592,-6.790885],[-70.539731,-6.79092],[-70.539868,-6.790961],[-70.541297,-6.791434],[-70.541436,-6.791484],[-70.541572,-6.79154],[-70.541705,-6.791602],[-70.541836,-6.791671],[-70.541963,-6.791746],[-70.542086,-6.791826],[-70.542205,-6.791913],[-70.54232,-6.792004],[-70.542431,-6.792102],[-70.542537,-6.792204],[-70.542638,-6.792311],[-70.542734,-6.792423],[-70.542824,-6.792539],[-70.542909,-6.79266],[-70.542988,-6.792784],[-70.543062,-6.792912],[-70.543129,-6.793043],[-70.543189,-6.793177],[-70.543886,-6.794818],[-70.54398,-6.795047],[-70.544067,-6.795278],[-70.544148,-6.795511],[-70.544222,-6.795747],[-70.54429,-6.795984],[-70.544351,-6.796224],[-70.544406,-6.796464],[-70.544454,-6.796706],[-70.544496,-6.79695],[-70.544531,-6.797194],[-70.544559,-6.79744],[-70.545047,-6.802245],[-70.545065,-6.802447],[-70.545079,-6.802649],[-70.545088,-6.802852],[-70.545092,-6.803055],[-70.545111,-6.80469],[-70.545116,-6.804865],[-70.545129,-6.805039],[-70.545149,-6.805213],[-70.545176,-6.805385],[-70.54521,-6.805557],[-70.545251,-6.805727],[-70.545299,-6.805895],[-70.545354,-6.806061],[-70.545416,-6.806224],[-70.545484,-6.806385],[-70.545559,-6.806543],[-70.545641,-6.806698],[-70.545728,-6.806849],[-70.545822,-6.806997],[-70.545922,-6.80714],[-70.546028,-6.807279],[-70.546139,-6.807414],[-70.546256,-6.807544],[-70.546378,-6.80767],[-70.546505,-6.80779],[-70.546637,-6.807904],[-70.546774,-6.808014],[-70.546914,-6.808117],[-70.547059,-6.808215],[-70.547208,-6.808307],[-70.547361,-6.808392],[-70.547517,-6.808471],[-70.547676,-6.808544],[-70.547838,-6.80861],[-70.548003,-6.808669],[-70.548169,-6.808722],[-70.548338,-6.808767],[-70.548509,-6.808806],[-70.548681,-6.808837],[-70.548854,-6.808862],[-70.549028,-6.808879],[-70.549203,-6.808889],[-70.549377,-6.808892],[-70.549552,-6.808888],[-70.549727,-6.808877],[-70.549901,-6.808858],[-70.550074,-6.808832],[-70.550246,-6.8088],[-70.550416,-6.80876],[-70.550584,-6.808713],[-70.550751,-6.808659],[-70.550915,-6.808599],[-70.551076,-6.808532],[-70.551235,-6.808458],[-70.55139,-6.808378],[-70.551542,-6.808291],[-70.551691,-6.808198],[-70.551835,-6.8081],[-70.551975,-6.807995],[-70.552111,-6.807885],[-70.552242,-6.807769],[-70.552368,-6.807648],[-70.552489,-6.807522],[-70.552605,-6.807391],[-70.552715,-6.807256],[-70.55282,-6.807116],[-70.552919,-6.806971],[-70.553821,-6.805595],[-70.553933,-6.805418],[-70.554039,-6.805237],[-70.55414,-6.805053],[-70.554234,-6.804866],[-70.554322,-6.804676],[-70.554403,-6.804483],[-70.554479,-6.804287],[-70.554548,-6.804089],[-70.55461,-6.803889],[-70.554666,-6.803687],[-70.554716,-6.803483],[-70.554758,-6.803278],[-70.554794,-6.803072],[-70.554823,-6.802864],[-70.554845,-6.802656],[-70.554861,-6.802447],[-70.55487,-6.802237],[-70.554914,-6.800488],[-70.554915,-6.8003],[-70.554909,-6.800111],[-70.554896,-6.799923],[-70.554876,-6.799736],[-70.554848,-6.799549],[-70.554814,-6.799364],[-70.554773,-6.79918],[-70.554724,-6.798998],[-70.554669,-6.798818],[-70.554607,-6.79864],[-70.554538,-6.798464],[-70.554463,-6.798292],[-70.554381,-6.798122],[-70.554293,-6.797955],[-70.554199,-6.797792],[-70.554098,-6.797632],[-70.553992,-6.797477],[-70.55388,-6.797326],[-70.553762,-6.797179],[-70.553638,-6.797036],[-70.553509,-6.796898],[-70.553375,-6.796766],[-70.553237,-6.796638],[-70.553093,-6.796516],[-70.552945,-6.796399],[-70.552793,-6.796288],[-70.552636,-6.796183],[-70.552476,-6.796084],[-70.552312,-6.795991],[-70.552144,-6.795904],[-70.551974,-6.795824],[-70.546923,-6.793563],[-70.546768,-6.79349],[-70.546617,-6.79341],[-70.546469,-6.793324],[-70.546324,-6.793232],[-70.546184,-6.793133],[-70.546048,-6.793029],[-70.545916,-6.79292],[-70.545789,-6.792805],[-70.545667,-6.792684],[-70.545551,-6.792559],[-70.545439,-6.792429],[-70.545333,-6.792294],[-70.545233,-6.792155],[-70.545139,-6.792012],[-70.545051,-6.791865],[-70.54497,-6.791714],[-70.544894,-6.791561],[-70.544825,-6.791404],[-70.544763,-6.791244],[-70.544708,-6.791082],[-70.54409,-6.78914],[-70.544033,-6.788949],[-70.543982,-6.788756],[-70.543938,-6.788561],[-70.5439,-6.788366],[-70.543869,-6.788169],[-70.543845,-6.787971],[-70.543827,-6.787772],[-70.543816,-6.787573],[-70.543812,-6.787373],[-70.543814,-6.787174],[-70.543823,-6.786975],[-70.543839,-6.786776],[-70.543862,-6.786578],[-70.543891,-6.78638],[-70.544431,-6.78311],[-70.544449,-6.782984],[-70.544459,-6.782856],[-70.544463,-6.782729],[-70.544459,-6.782601],[-70.544449,-6.782474],[-70.544432,-6.782347],[-70.544408,-6.782222],[-70.544377,-6.782098],[-70.54434,-6.781976],[-70.544296,-6.781856],[-70.544245,-6.781739],[-70.544188,-6.781625],[-70.544125,-6.781513],[-70.544056,-6.781406],[-70.543982,-6.781302],[-70.543902,-6.781203],[-70.543816,-6.781108],[-70.543726,-6.781018],[-70.543631,-6.780933],[-70.543531,-6.780853],[-70.543427,-6.780779],[-70.54332,-6.78071],[-70.543208,-6.780647],[-70.543094,-6.780591],[-70.542976,-6.780541],[-70.542856,-6.780497],[-70.542734,-6.78046],[-70.54261,-6.780429],[-70.542485,-6.780406],[-70.542358,-6.780389],[-70.542231,-6.780379],[-70.542103,-6.780376],[-70.541975,-6.78038],[-70.541848,-6.78039],[-70.541722,-6.780408],[-70.541596,-6.780433],[-70.541472,-6.780464],[-70.541351,-6.780502],[-70.541231,-6.780546],[-70.541114,-6.780597],[-70.541,-6.780655],[-70.540889,-6.780718],[-70.540781,-6.780787],[-70.540678,-6.780862],[-70.540579,-6.780943],[-70.540484,-6.781028],[-70.540394,-6.781119],[-70.54031,-6.781215],[-70.54023,-6.781315],[-70.540156,-6.781419],[-70.539689,-6.782116],[-70.53956,-6.782315],[-70.539435,-6.782518],[-70.539316,-6.782724],[-70.539203,-6.782932],[-70.539094,-6.783144],[-70.538992,-6.783359],[-70.538895,-6.783576],[-70.538804,-6.783796],[-70.538719,-6.784018],[-70.538639,-6.784242],[-70.538566,-6.784468],[-70.537727,-6.78717],[-70.537684,-6.787299],[-70.537635,-6.787426],[-70.53758,-6.78755],[-70.537519,-6.787671],[-70.537452,-6.78779],[-70.53738,-6.787905],[-70.537302,-6.788017],[-70.53722,-6.788125],[-70.537132,-6.788229],[-70.53704,-6.788328],[-70.536943,-6.788424],[-70.536842,-6.788514],[-70.536736,-6.7886],[-70.536627,-6.788681],[-70.535346,-6.78958],[-70.535171,-6.789699],[-70.534993,-6.789812],[-70.534812,-6.789919],[-70.534627,-6.79002],[-70.534439,-6.790115],[-70.534247,-6.790204],[-70.534054,-6.790287],[-70.533857,-6.790364],[-70.533658,-6.790435],[-70.533458,-6.790499],[-70.533255,-6.790556],[-70.53305,-6.790608],[-70.532844,-6.790652],[-70.532637,-6.79069],[-70.532428,-6.790722],[-70.532219,-6.790746],[-70.532008,-6.790764],[-70.531798,-6.790776],[-70.531587,-6.79078],[-70.531376,-6.790778],[-70.531165,-6.790769],[-70.530955,-6.790754],[-70.530745,-6.790731],[-70.530537,-6.790702],[-70.530329,-6.790667],[-70.528531,-6.790329],[-70.528294,-6.790281],[-70.528058,-6.790226],[-70.527823,-6.790166],[-70.527591,-6.790099],[-70.52736,-6.790026],[-70.527131,-6.789947],[-70.526905,-6.789862],[-70.523252,-6.788432],[-70.523087,-6.788371],[-70.522919,-6.788317],[-70.52275,-6.788269],[-70.522578,-6.788227],[-70.522405,-6.788193],[-70.522231,-6.788165],[-70.522056,-6.788144],[-70.521881,-6.78813],[-70.521705,-6.788122],[-70.521528,-6.788122],[-70.521352,-6.788128],[-70.521176,-6.788141],[-70.521001,-6.788161],[-70.520827,-6.788188],[-70.520654,-6.788222],[-70.520482,-6.788262],[-70.520312,-6.788309],[-70.520144,-6.788363],[-70.519978,-6.788423],[-70.519815,-6.788489],[-70.519655,-6.788562],[-70.516891,-6.78988],[-70.516701,-6.789974],[-70.516513,-6.790072],[-70.516327,-6.790174],[-70.516144,-6.790281],[-70.515963,-6.790392],[-70.51136,-6.793293],[-70.511155,-6.793418],[-70.510947,-6.793536],[-70.510735,-6.793649],[-70.51052,-6.793755],[-70.510302,-6.793855],[-70.510081,-6.793949],[-70.509857,-6.794036],[-70.509631,-6.794116],[-70.509403,-6.79419],[-70.509172,-6.794256],[-70.50773,-6.794652],[-70.507567,-6.794701],[-70.507405,-6.794756],[-70.507246,-6.794818],[-70.507089,-6.794886],[-70.506935,-6.794961],[-70.506785,-6.795041],[-70.506638,-6.795128],[-70.506495,-6.795221],[-70.506355,-6.79532],[-70.50622,-6.795425],[-70.506089,-6.795534],[-70.505963,-6.795649],[-70.505842,-6.79577],[-70.505726,-6.795895],[-70.505615,-6.796024],[-70.505509,-6.796159],[-70.505409,-6.796297],[-70.505315,-6.796439],[-70.505226,-6.796586],[-70.505144,-6.796735],[-70.505068,-6.796888],[-70.504998,-6.797044],[-70.504935,-6.797203],[-70.504878,-6.797364],[-70.504828,-6.797527],[-70.504785,-6.797692],[-70.504748,-6.797859],[-70.504719,-6.798027],[-70.504696,-6.798196],[-70.504681,-6.798366],[-70.504672,-6.798537],[-70.50467,-6.798708],[-70.504675,-6.798878],[-70.504688,-6.799049],[-70.504707,-6.799218],[-70.504733,-6.799387],[-70.504766,-6.799554],[-70.504806,-6.79972],[-70.504853,-6.799885],[-70.504907,-6.800047],[-70.504967,-6.800207],[-70.505033,-6.800364],[-70.505106,-6.800518],[-70.505186,-6.800669],[-70.505271,-6.800817],[-70.505363,-6.800962],[-70.507261,-6.803825],[-70.507352,-6.803968],[-70.507438,-6.804116],[-70.507517,-6.804267],[-70.507589,-6.80442],[-70.507656,-6.804577],[-70.507716,-6.804736],[-70.507769,-6.804898],[-70.507816,-6.805061],[-70.507856,-6.805227],[-70.50789,-6.805394],[-70.507916,-6.805562],[-70.507935,-6.805731],[-70.507948,-6.805901],[-70.507954,-6.806071],[-70.507952,-6.806241],[-70.507944,-6.806411],[-70.507929,-6.80658],[-70.507907,-6.806749],[-70.507877,-6.806917],[-70.507842,-6.807083],[-70.507799,-6.807248],[-70.507749,-6.807411],[-70.507693,-6.807571],[-70.507631,-6.80773],[-70.507562,-6.807885],[-70.507487,-6.808038],[-70.507405,-6.808187],[-70.507318,-6.808333],[-70.507224,-6.808476],[-70.507125,-6.808614],[-70.50702,-6.808748],[-70.50691,-6.808878],[-70.506795,-6.809003],[-70.506675,-6.809124],[-70.50247,-6.813159],[-70.502288,-6.813329],[-70.502101,-6.813494],[-70.50191,-6.813653],[-70.501714,-6.813808],[-70.501515,-6.813957],[-70.501311,-6.8141],[-70.501103,-6.814238],[-70.500892,-6.81437],[-70.500677,-6.814496],[-70.500459,-6.814616],[-70.500237,-6.81473],[-70.500012,-6.814838],[-70.499785,-6.81494],[-70.499555,-6.815035],[-70.499322,-6.815124],[-70.499087,-6.815207],[-70.49885,-6.815283],[-70.49861,-6.815353],[-70.498369,-6.815416],[-70.498127,-6.815472],[-70.497882,-6.815521],[-70.497637,-6.815564],[-70.49739,-6.8156],[-70.497143,-6.81563],[-70.496895,-6.815652],[-70.496646,-6.815668],[-70.496397,-6.815676],[-70.496148,-6.815678],[-70.495898,-6.815673],[-70.495649,-6.815661],[-70.495401,-6.815643],[-70.495153,-6.815617],[-70.494906,-6.815585],[-70.49466,-6.815546],[-70.494415,-6.8155],[-70.494171,-6.815447],[-70.493929,-6.815388],[-70.493689,-6.815322],[-70.484014,-6.812523],[-70.483819,-6.812463],[-70.483626,-6.812396],[-70.483436,-6.812323],[-70.483248,-6.812243],[-70.483063,-6.812157],[-70.482881,-6.812065],[-70.482703,-6.811967],[-70.482527,-6.811862],[-70.482356,-6.811752],[-70.482188,-6.811635],[-70.482024,-6.811513],[-70.481865,-6.811386],[-70.48171,-6.811253],[-70.48156,-6.811115],[-70.481415,-6.810972],[-70.481274,-6.810824],[-70.481139,-6.810672],[-70.481009,-6.810515],[-70.480884,-6.810353],[-70.480765,-6.810187],[-70.480652,-6.810018],[-70.480544,-6.809844],[-70.480443,-6.809667],[-70.480348,-6.809487],[-70.480259,-6.809303],[-70.480176,-6.809117],[-70.4801,-6.808928],[-70.48003,-6.808736],[-70.479967,-6.808542],[-70.47991,-6.808346],[-70.47986,-6.808149],[-70.479817,-6.807949],[-70.479781,-6.807749],[-70.479752,-6.807547],[-70.479729,-6.807344],[-70.479714,-6.807141],[-70.479705,-6.806937],[-70.479704,-6.806733],[-70.479709,-6.806529],[-70.479721,-6.806326],[-70.479741,-6.806122],[-70.479767,-6.80592],[-70.4798,-6.805719],[-70.47984,-6.805519],[-70.479887,-6.805321],[-70.479941,-6.805124],[-70.480001,-6.804929],[-70.480068,-6.804736],[-70.480141,-6.804546],[-70.481003,-6.802422],[-70.481054,-6.802289],[-70.481097,-6.802154],[-70.481134,-6.802017],[-70.481164,-6.801878],[-70.481188,-6.801737],[-70.481204,-6.801596],[-70.481213,-6.801454],[-70.481216,-6.801312],[-70.481211,-6.80117],[-70.481199,-6.801028],[-70.481181,-6.800887],[-70.481155,-6.800747],[-70.481123,-6.800608],[-70.481084,-6.800472],[-70.481038,-6.800337],[-70.480986,-6.800205],[-70.480927,-6.800075],[-70.480862,-6.799949],[-70.480791,-6.799825],[-70.480714,-6.799706],[-70.480631,-6.79959],[-70.480542,-6.799479],[-70.480448,-6.799372],[-70.480349,-6.79927],[-70.480245,-6.799173],[-70.480137,-6.799081],[-70.480024,-6.798994],[-70.479907,-6.798914],[-70.479786,-6.798839],[-70.479661,-6.79877],[-70.479534,-6.798707],[-70.479403,-6.79865],[-70.47927,-6.798601],[-70.479134,-6.798557],[-70.478997,-6.798521],[-70.478857,-6.798491],[-70.478717,-6.798468],[-70.478576,-6.798452],[-70.478434,-6.798443],[-70.478291,-6.798441],[-70.478149,-6.798446],[-70.478007,-6.798458],[-70.477866,-6.798477],[-70.477726,-6.798502],[-70.477588,-6.798535],[-70.477451,-6.798574],[-70.477316,-6.79862],[-70.477184,-6.798673],[-70.477055,-6.798732],[-70.476928,-6.798797],[-70.476805,-6.798869],[-70.476686,-6.798946],[-70.47657,-6.799029],[-70.475339,-6.799963],[-70.475174,-6.800093],[-70.475012,-6.800227],[-70.474854,-6.800366],[-70.4747,-6.800509],[-70.47455,-6.800657],[-70.474405,-6.800808],[-70.474264,-6.800964],[-70.474127,-6.801124],[-70.473995,-6.801288],[-70.473868,-6.801455],[-70.473746,-6.801626],[-70.471668,-6.804625],[-70.471529,-6.804832],[-70.471395,-6.805042],[-70.471267,-6.805257],[-70.471146,-6.805474],[-70.47103,-6.805695],[-70.470921,-6.80592],[-70.470817,-6.806147],[-70.47072,-6.806377],[-70.47063,-6.806609],[-70.470546,-6.806844],[-70.470468,-6.807081],[-70.470397,-6.80732],[-70.46753,-6.817478],[-70.467467,-6.817689],[-70.467398,-6.817897],[-70.467321,-6.818103],[-70.467239,-6.818306],[-70.46715,-6.818507],[-70.467054,-6.818705],[-70.466952,-6.8189],[-70.466845,-6.819091],[-70.466731,-6.819279],[-70.466611,-6.819463],[-70.466485,-6.819643],[-70.466354,-6.819819],[-70.466217,-6.819991],[-70.466075,-6.820159],[-70.465928,-6.820321],[-70.465775,-6.82048],[-70.465618,-6.820633],[-70.465456,-6.820781],[-70.465289,-6.820924],[-70.465118,-6.821061],[-70.464942,-6.821193],[-70.464763,-6.82132],[-70.464579,-6.82144],[-70.464392,-6.821555],[-70.464201,-6.821664],[-70.464006,-6.821767],[-70.463809,-6.821863],[-70.463609,-6.821953],[-70.463406,-6.822037],[-70.4632,-6.822114],[-70.462992,-6.822185],[-70.462782,-6.822249],[-70.46257,-6.822306],[-70.462356,-6.822357],[-70.462141,-6.822401],[-70.461924,-6.822437],[-70.461706,-6.822467],[-70.461488,-6.822491],[-70.461269,-6.822507],[-70.461049,-6.822516],[-70.460829,-6.822518],[-70.46061,-6.822513],[-70.46039,-6.822502],[-70.460171,-6.822483],[-70.459953,-6.822457],[-70.459736,-6.822425],[-70.45952,-6.822386],[-70.459305,-6.822339],[-70.459092,-6.822286],[-70.45888,-6.822227],[-70.458671,-6.82216],[-70.458464,-6.822087],[-70.458259,-6.822008],[-70.458057,-6.821921],[-70.457858,-6.821829],[-70.457661,-6.82173],[-70.457468,-6.821626],[-70.457279,-6.821515],[-70.455549,-6.820466],[-70.455334,-6.820331],[-70.455122,-6.82019],[-70.454915,-6.820044],[-70.454712,-6.819891],[-70.454513,-6.819733],[-70.454319,-6.81957],[-70.454129,-6.819401],[-70.453944,-6.819227],[-70.453764,-6.819047],[-70.45359,-6.818863],[-70.45342,-6.818674],[-70.453256,-6.81848],[-70.453097,-6.818282],[-70.452944,-6.818079],[-70.452797,-6.817872],[-70.452656,-6.817661],[-70.45252,-6.817447],[-70.452391,-6.817228],[-70.450105,-6.813237],[-70.449981,-6.813027],[-70.449851,-6.812821],[-70.449716,-6.812618],[-70.449576,-6.812419],[-70.44943,-6.812224],[-70.44928,-6.812033],[-70.449124,-6.811846],[-70.448963,-6.811663],[-70.448797,-6.811485],[-70.448626,-6.811311],[-70.448451,-6.811142],[-70.448271,-6.810978],[-70.448087,-6.810818],[-70.447899,-6.810664],[-70.444761,-6.808158],[-70.444651,-6.808067],[-70.444546,-6.807969],[-70.444447,-6.807867],[-70.444352,-6.80776],[-70.444263,-6.807649],[-70.444179,-6.807533],[-70.444101,-6.807413],[-70.444029,-6.80729],[-70.443964,-6.807163],[-70.443904,-6.807033],[-70.443852,-6.8069],[-70.443805,-6.806765],[-70.443766,-6.806627],[-70.443733,-6.806488],[-70.443708,-6.806348],[-70.443689,-6.806206],[-70.443677,-6.806064],[-70.443672,-6.805921],[-70.443675,-6.805778],[-70.443684,-6.805636],[-70.443701,-6.805494],[-70.443724,-6.805353],[-70.443754,-6.805213],[-70.443792,-6.805075],[-70.443836,-6.804939],[-70.443886,-6.804806],[-70.443943,-6.804675],[-70.444007,-6.804547],[-70.444077,-6.804422],[-70.444153,-6.804301],[-70.444234,-6.804184],[-70.444322,-6.804071],[-70.444415,-6.803962],[-70.444513,-6.803859],[-70.444616,-6.80376],[-70.444724,-6.803666],[-70.444836,-6.803578],[-70.444953,-6.803495],[-70.445074,-6.803419],[-70.445198,-6.803348],[-70.445325,-6.803283],[-70.445456,-6.803225],[-70.445589,-6.803174],[-70.445725,-6.803129],[-70.445863,-6.803091],[-70.446002,-6.803059],[-70.446143,-6.803035],[-70.446285,-6.803017],[-70.446427,-6.803007],[-70.44657,-6.803003],[-70.446713,-6.803007],[-70.452916,-6.803319],[-70.453106,-6.803325],[-70.453296,-6.803324],[-70.453487,-6.803316],[-70.453676,-6.803301],[-70.453865,-6.803278],[-70.454053,-6.803249],[-70.45424,-6.803213],[-70.454425,-6.80317],[-70.454609,-6.80312],[-70.45479,-6.803063],[-70.45497,-6.803],[-70.455146,-6.802929],[-70.45532,-6.802853],[-70.455492,-6.80277],[-70.455659,-6.80268],[-70.455824,-6.802585],[-70.455985,-6.802483],[-70.456142,-6.802375],[-70.456294,-6.802262],[-70.456443,-6.802143],[-70.456587,-6.802019],[-70.456726,-6.801889],[-70.45686,-6.801755],[-70.456989,-6.801615],[-70.457113,-6.801471],[-70.457232,-6.801322],[-70.457345,-6.801169],[-70.457452,-6.801011],[-70.457553,-6.80085],[-70.457648,-6.800686],[-70.457737,-6.800517],[-70.459397,-6.797228],[-70.459477,-6.797076],[-70.459563,-6.796928],[-70.459655,-6.796783],[-70.459752,-6.796642],[-70.459854,-6.796505],[-70.459962,-6.796372],[-70.460075,-6.796243],[-70.460193,-6.796118],[-70.460315,-6.795998],[-70.460442,-6.795883],[-70.460573,-6.795773],[-70.460709,-6.795668],[-70.460848,-6.795569],[-70.460992,-6.795475],[-70.461138,-6.795386],[-70.461288,-6.795303],[-70.461442,-6.795226],[-70.461598,-6.795155],[-70.461756,-6.795091],[-70.461917,-6.795032],[-70.462081,-6.79498],[-70.462246,-6.794933],[-70.462412,-6.794894],[-70.466268,-6.794055],[-70.466418,-6.794019],[-70.466567,-6.793976],[-70.466713,-6.793927],[-70.466857,-6.793871],[-70.466998,-6.793808],[-70.467137,-6.793739],[-70.467272,-6.793665],[-70.467403,-6.793584],[-70.467531,-6.793497],[-70.467655,-6.793405],[-70.467774,-6.793307],[-70.467889,-6.793204],[-70.468,-6.793096],[-70.468105,-6.792983],[-70.468205,-6.792865],[-70.4683,-6.792743],[-70.468389,-6.792617],[-70.468472,-6.792487],[-70.46855,-6.792353],[-70.468621,-6.792216],[-70.468686,-6.792076],[-70.468745,-6.791934],[-70.468797,-6.791788],[-70.468843,-6.791641],[-70.468882,-6.791491],[-70.468914,-6.79134],[-70.46894,-6.791188],[-70.468959,-6.791035],[-70.46897,-6.790881],[-70.468975,-6.790727],[-70.468973,-6.790572],[-70.468964,-6.790418],[-70.468948,-6.790264],[-70.468925,-6.790112],[-70.468895,-6.78996],[-70.468859,-6.78981],[-70.468815,-6.789662],[-70.468766,-6.789516],[-70.468709,-6.789372],[-70.468646,-6.789231],[-70.468577,-6.789093],[-70.468502,-6.788958],[-70.468421,-6.788827],[-70.466671,-6.786132],[-70.466567,-6.785968],[-70.466467,-6.785802],[-70.46637,-6.785634],[-70.46415,-6.78168],[-70.46403,-6.781473],[-70.463905,-6.781269],[-70.461831,-6.777994],[-70.461723,-6.777829],[-70.461608,-6.777668],[-70.461488,-6.777511],[-70.461363,-6.777358],[-70.461232,-6.77721],[-70.461096,-6.777066],[-70.460955,-6.776928],[-70.46081,-6.776794],[-70.460659,-6.776666],[-70.460505,-6.776543],[-70.460346,-6.776425],[-70.460183,-6.776314],[-70.460016,-6.776208],[-70.459845,-6.776108],[-70.459672,-6.776014],[-70.459494,-6.775926],[-70.459314,-6.775844],[-70.459132,-6.775769],[-70.458946,-6.775701],[-70.458758,-6.775639],[-70.458569,-6.775583],[-70.458377,-6.775535],[-70.458184,-6.775493],[-70.457989,-6.775458],[-70.457794,-6.77543],[-70.457597,-6.775408],[-70.4574,-6.775394],[-70.457203,-6.775387],[-70.457005,-6.775386],[-70.456807,-6.775393],[-70.45661,-6.775406],[-70.456414,-6.775427],[-70.456218,-6.775454],[-70.456023,-6.775488],[-70.45583,-6.775529],[-70.455638,-6.775577],[-70.455448,-6.775632],[-70.45526,-6.775693],[-70.455074,-6.775761],[-70.454891,-6.775835],[-70.454711,-6.775916],[-70.454533,-6.776003],[-70.454359,-6.776096],[-70.454188,-6.776195],[-70.452882,-6.776985],[-70.452715,-6.77709],[-70.452551,-6.7772],[-70.452391,-6.777315],[-70.452234,-6.777435],[-70.452081,-6.77756],[-70.451932,-6.777689],[-70.451787,-6.777823],[-70.451647,-6.777962],[-70.45151,-6.778104],[-70.451379,-6.778251],[-70.451252,-6.778402],[-70.449499,-6.780552],[-70.449378,-6.780696],[-70.449253,-6.780836],[-70.449123,-6.780973],[-70.44899,-6.781106],[-70.448853,-6.781234],[-70.448712,-6.781359],[-70.448567,-6.781479],[-70.448419,-6.781595],[-70.446633,-6.78295],[-70.44643,-6.7831],[-70.446222,-6.783244],[-70.446011,-6.783382],[-70.445796,-6.783515],[-70.445577,-6.783641],[-70.445354,-6.783761],[-70.445129,-6.783875],[-70.4449,-6.783983],[-70.444669,-6.784084],[-70.442529,-6.784983],[-70.442308,-6.785079],[-70.442089,-6.785182],[-70.441873,-6.78529],[-70.44166,-6.785404],[-70.44145,-6.785523],[-70.441244,-6.785648],[-70.44104,-6.785779],[-70.440841,-6.785915],[-70.440645,-6.786056],[-70.440453,-6.786202],[-70.440265,-6.786354],[-70.440081,-6.78651],[-70.439901,-6.786672],[-70.439726,-6.786838],[-70.439555,-6.787008],[-70.43808,-6.788522],[-70.437906,-6.788705],[-70.437737,-6.788894],[-70.437573,-6.789087],[-70.437415,-6.789284],[-70.437263,-6.789486],[-70.437116,-6.789693],[-70.436975,-6.789903],[-70.43684,-6.790117],[-70.436711,-6.790334],[-70.436588,-6.790556],[-70.434828,-6.793833],[-70.434728,-6.794012],[-70.434621,-6.794187],[-70.434509,-6.794359],[-70.434391,-6.794527],[-70.434267,-6.794691],[-70.434137,-6.79485],[-70.434002,-6.795005],[-70.433861,-6.795154],[-70.433716,-6.795299],[-70.433565,-6.795439],[-70.43341,-6.795574],[-70.43325,-6.795703],[-70.433086,-6.795826],[-70.432918,-6.795944],[-70.432746,-6.796055],[-70.432569,-6.796161],[-70.43239,-6.796261],[-70.432207,-6.796354],[-70.432021,-6.796441],[-70.431832,-6.796521],[-70.43164,-6.796595],[-70.431446,-6.796662],[-70.431249,-6.796722],[-70.431051,-6.796776],[-70.430851,-6.796822],[-70.43065,-6.796862],[-70.430447,-6.796895],[-70.430243,-6.79692],[-70.430038,-6.796939],[-70.429833,-6.79695],[-70.429628,-6.796954],[-70.429423,-6.796951],[-70.429217,-6.796941],[-70.429013,-6.796924],[-70.428809,-6.7969],[-70.428606,-6.796869],[-70.428404,-6.796831],[-70.428203,-6.796786],[-70.428005,-6.796734],[-70.427808,-6.796675],[-70.427613,-6.796609],[-70.427421,-6.796537],[-70.427232,-6.796458],[-70.427045,-6.796372],[-70.426861,-6.79628],[-70.426681,-6.796182],[-70.426504,-6.796077],[-70.426331,-6.795967],[-70.426162,-6.79585],[-70.425997,-6.795728],[-70.425836,-6.7956],[-70.42568,-6.795467],[-70.425529,-6.795328],[-70.425382,-6.795184],[-70.425241,-6.795035],[-70.425104,-6.794882],[-70.424974,-6.794723],[-70.424848,-6.794561],[-70.424729,-6.794394],[-70.424615,-6.794223],[-70.424507,-6.794048],[-70.424406,-6.793869],[-70.424311,-6.793687],[-70.423246,-6.791567],[-70.423156,-6.79138],[-70.423073,-6.79119],[-70.422996,-6.790998],[-70.422925,-6.790803],[-70.422861,-6.790606],[-70.422804,-6.790406],[-70.422753,-6.790205],[-70.42271,-6.790003],[-70.422673,-6.789799],[-70.422643,-6.789594],[-70.42262,-6.789388],[-70.422604,-6.789181],[-70.422595,-6.788974],[-70.422593,-6.788767],[-70.422598,-6.78856],[-70.42261,-6.788353],[-70.422628,-6.788146],[-70.422654,-6.787941],[-70.422687,-6.787736],[-70.422727,-6.787533],[-70.422773,-6.787331],[-70.422826,-6.787131],[-70.422886,-6.786932],[-70.422953,-6.786736],[-70.423026,-6.786542],[-70.423106,-6.786351],[-70.423192,-6.786162],[-70.423823,-6.784838],[-70.423911,-6.784662],[-70.424004,-6.78449],[-70.424103,-6.784321],[-70.424207,-6.784155],[-70.424317,-6.783993],[-70.424433,-6.783834],[-70.424553,-6.78368],[-70.424679,-6.78353],[-70.42481,-6.783384],[-70.424946,-6.783242],[-70.425086,-6.783106],[-70.425231,-6.782974],[-70.42538,-6.782846],[-70.425533,-6.782724],[-70.425691,-6.782608],[-70.426894,-6.781745],[-70.427078,-6.781617],[-70.427266,-6.781495],[-70.427458,-6.781378],[-70.427653,-6.781267],[-70.427851,-6.781161],[-70.428052,-6.781062],[-70.428256,-6.780968],[-70.428463,-6.780881],[-70.428673,-6.780799],[-70.431125,-6.779887],[-70.431275,-6.779828],[-70.431421,-6.779762],[-70.431565,-6.77969],[-70.431705,-6.779611],[-70.431841,-6.779526],[-70.431974,-6.779436],[-70.432102,-6.779339],[-70.432226,-6.779237],[-70.432346,-6.779129],[-70.43246,-6.779017],[-70.43257,-6.778899],[-70.432674,-6.778776],[-70.432772,-6.778649],[-70.433488,-6.777683],[-70.433627,-6.777489],[-70.433762,-6.777292],[-70.43389,-6.777092],[-70.434014,-6.776888],[-70.434132,-6.776681],[-70.434245,-6.776471],[-70.434352,-6.776259],[-70.434453,-6.776043],[-70.434549,-6.775825],[-70.43511,-6.774499],[-70.435211,-6.77427],[-70.435318,-6.774043],[-70.435432,-6.77382],[-70.435551,-6.773599],[-70.435677,-6.773382],[-70.435809,-6.773169],[-70.435946,-6.772959],[-70.43679,-6.77171],[-70.436899,-6.771543],[-70.437003,-6.771372],[-70.4371,-6.771198],[-70.437192,-6.77102],[-70.437278,-6.770839],[-70.437357,-6.770656],[-70.43743,-6.77047],[-70.437497,-6.770282],[-70.437558,-6.770091],[-70.438146,-6.768126],[-70.43819,-6.767965],[-70.438228,-6.767803],[-70.438258,-6.76764],[-70.438282,-6.767475],[-70.438299,-6.76731],[-70.438308,-6.767144],[-70.438311,-6.766977],[-70.438306,-6.766811],[-70.438295,-6.766645],[-70.438277,-6.76648],[-70.438251,-6.766316],[-70.438219,-6.766153],[-70.43818,-6.765991],[-70.438134,-6.765831],[-70.438081,-6.765673],[-70.438022,-6.765518],[-70.437956,-6.765365],[-70.437883,-6.765215],[-70.437805,-6.765069],[-70.43772,-6.764926],[-70.43763,-6.764786],[-70.437533,-6.764651],[-70.437431,-6.764519],[-70.437324,-6.764393],[-70.437211,-6.76427],[-70.437093,-6.764153],[-70.43697,-6.764041],[-70.436843,-6.763934],[-70.436711,-6.763832],[-70.436575,-6.763736],[-70.436435,-6.763646],[-70.436291,-6.763562],[-70.436144,-6.763484],[-70.435994,-6.763413],[-70.435841,-6.763348],[-70.435686,-6.763289],[-70.435528,-6.763237],[-70.435368,-6.763192],[-70.433947,-6.762822],[-70.43377,-6.762779],[-70.433592,-6.762743],[-70.433412,-6.762713],[-70.433232,-6.76269],[-70.433051,-6.762674],[-70.432869,-6.762664],[-70.432687,-6.762661],[-70.432505,-6.762665],[-70.432324,-6.762675],[-70.432142,-6.762692],[-70.431962,-6.762715],[-70.430377,-6.76295],[-70.430188,-6.762982],[-70.43,-6.76302],[-70.429814,-6.763065],[-70.429629,-6.763116],[-70.429446,-6.763174],[-70.429265,-6.763238],[-70.429087,-6.763309],[-70.428911,-6.763386],[-70.428738,-6.763469],[-70.428569,-6.763558],[-70.428402,-6.763653],[-70.428239,-6.763754],[-70.428079,-6.76386],[-70.427924,-6.763972],[-70.427772,-6.76409],[-70.427625,-6.764213],[-70.427482,-6.764341],[-70.427344,-6.764474],[-70.425997,-6.765814],[-70.425851,-6.765965],[-70.42571,-6.76612],[-70.425574,-6.76628],[-70.425443,-6.766445],[-70.425318,-6.766613],[-70.425199,-6.766786],[-70.425085,-6.766963],[-70.424977,-6.767143],[-70.424876,-6.767327],[-70.42478,-6.767513],[-70.424691,-6.767704],[-70.424608,-6.767896],[-70.424532,-6.768092],[-70.424462,-6.76829],[-70.423817,-6.770215],[-70.423749,-6.77043],[-70.423687,-6.770647],[-70.423632,-6.770865],[-70.423584,-6.771085],[-70.423543,-6.771307],[-70.423508,-6.771529],[-70.42348,-6.771753],[-70.42346,-6.771977],[-70.423446,-6.772202],[-70.423439,-6.772427],[-70.423417,-6.773831],[-70.42341,-6.774077],[-70.423396,-6.774323],[-70.423376,-6.774568],[-70.423348,-6.774812],[-70.423315,-6.775056],[-70.423274,-6.775298],[-70.423227,-6.775539],[-70.423174,-6.775779],[-70.423114,-6.776018],[-70.423047,-6.776255],[-70.422974,-6.776489],[-70.422895,-6.776722],[-70.42281,-6.776953],[-70.422718,-6.777181],[-70.422095,-6.778669],[-70.422001,-6.778886],[-70.421901,-6.779101],[-70.421795,-6.779314],[-70.421684,-6.779523],[-70.421567,-6.77973],[-70.421445,-6.779933],[-70.421318,-6.780133],[-70.415122,-6.789594],[-70.415027,-6.789733],[-70.414926,-6.789867],[-70.41482,-6.789997],[-70.414708,-6.790123],[-70.414591,-6.790243],[-70.414469,-6.790359],[-70.414342,-6.790469],[-70.414211,-6.790574],[-70.414076,-6.790673],[-70.413936,-6.790767],[-70.413793,-6.790854],[-70.413646,-6.790936],[-70.413495,-6.791011],[-70.413342,-6.79108],[-70.413186,-6.791142],[-70.413028,-6.791197],[-70.412867,-6.791246],[-70.412704,-6.791288],[-70.41254,-6.791323],[-70.412374,-6.791351],[-70.412207,-6.791372],[-70.41204,-6.791386],[-70.411872,-6.791393],[-70.411704,-6.791393],[-70.411536,-6.791386],[-70.411369,-6.791371],[-70.411202,-6.79135],[-70.411037,-6.791322],[-70.410872,-6.791287],[-70.41071,-6.791244],[-70.410549,-6.791195],[-70.410391,-6.79114],[-70.410235,-6.791077],[-70.410081,-6.791008],[-70.409931,-6.790933],[-70.409784,-6.790851],[-70.409641,-6.790764],[-70.409502,-6.79067],[-70.409366,-6.79057],[-70.409235,-6.790465],[-70.409109,-6.790355],[-70.408987,-6.790239],[-70.40887,-6.790118],[-70.408759,-6.789993],[-70.407734,-6.788788],[-70.407612,-6.78864],[-70.407497,-6.788488],[-70.407386,-6.788332],[-70.407281,-6.788173],[-70.407182,-6.78801],[-70.407088,-6.787843],[-70.407001,-6.787673],[-70.406919,-6.787501],[-70.406844,-6.787325],[-70.406775,-6.787147],[-70.406712,-6.786967],[-70.406656,-6.786784],[-70.406606,-6.7866],[-70.406562,-6.786414],[-70.406525,-6.786227],[-70.406495,-6.786038],[-70.406471,-6.785849],[-70.406454,-6.785658],[-70.406444,-6.785468],[-70.406313,-6.781838],[-70.406302,-6.781619],[-70.406285,-6.781401],[-70.40626,-6.781183],[-70.406229,-6.780966],[-70.406192,-6.780751],[-70.406148,-6.780536],[-70.406098,-6.780323],[-70.405425,-6.777643],[-70.405373,-6.77742],[-70.405327,-6.777196],[-70.405289,-6.77697],[-70.405257,-6.776744],[-70.405232,-6.776516],[-70.405214,-6.776288],[-70.405203,-6.77606],[-70.405199,-6.775831],[-70.405202,-6.775603],[-70.405212,-6.775374],[-70.405228,-6.775146],[-70.405252,-6.774918],[-70.405283,-6.774692],[-70.40532,-6.774466],[-70.405365,-6.774242],[-70.405726,-6.772553],[-70.405781,-6.772309],[-70.405844,-6.772067],[-70.405912,-6.771827],[-70.405988,-6.771589],[-70.40607,-6.771353],[-70.406159,-6.77112],[-70.406254,-6.770889],[-70.406355,-6.77066],[-70.406463,-6.770435],[-70.406577,-6.770212],[-70.406697,-6.769993],[-70.406822,-6.769777],[-70.408266,-6.76738],[-70.408381,-6.767182],[-70.40849,-6.766981],[-70.408592,-6.766776],[-70.408688,-6.766568],[-70.408778,-6.766358],[-70.408861,-6.766144],[-70.408937,-6.765928],[-70.409006,-6.76571],[-70.409069,-6.76549],[-70.409124,-6.765268],[-70.409173,-6.765044],[-70.409214,-6.764819],[-70.409249,-6.764592],[-70.409276,-6.764365],[-70.409297,-6.764137],[-70.40931,-6.763909],[-70.409316,-6.76368],[-70.409315,-6.763451],[-70.409306,-6.763222],[-70.409291,-6.762994],[-70.409268,-6.762766],[-70.409239,-6.762539],[-70.409202,-6.762313],[-70.409158,-6.762088],[-70.409107,-6.761865],[-70.409049,-6.761643],[-70.408985,-6.761424],[-70.408913,-6.761206],[-70.408835,-6.760991],[-70.40875,-6.760778],[-70.408658,-6.760568],[-70.40856,-6.760362],[-70.408456,-6.760158],[-70.408345,-6.759958],[-70.4075,-6.758485],[-70.407371,-6.758268],[-70.407236,-6.758054],[-70.407096,-6.757844],[-70.406949,-6.757639],[-70.406797,-6.757437],[-70.406639,-6.75724],[-70.406476,-6.757047],[-70.406308,-6.756859],[-70.406134,-6.756676],[-70.405956,-6.756497],[-70.405772,-6.756324],[-70.405584,-6.756156],[-70.405391,-6.755993],[-70.405193,-6.755836],[-70.404992,-6.755684],[-70.404786,-6.755538],[-70.404576,-6.755397],[-70.404362,-6.755263],[-70.404145,-6.755135],[-70.403924,-6.755012],[-70.403699,-6.754896],[-70.403472,-6.754786],[-70.401757,-6.753988],[-70.401544,-6.753893],[-70.401328,-6.753804],[-70.401109,-6.753721],[-70.400888,-6.753646],[-70.400665,-6.753577],[-70.400439,-6.753515],[-70.400212,-6.75346],[-70.399984,-6.753412],[-70.399754,-6.75337],[-70.399522,-6.753336],[-70.39929,-6.753309],[-70.399058,-6.753289],[-70.398824,-6.753276],[-70.398591,-6.75327],[-70.398357,-6.753271],[-70.398123,-6.753279],[-70.39789,-6.753294],[-70.397658,-6.753317],[-70.397426,-6.753346],[-70.397195,-6.753382],[-70.396965,-6.753426],[-70.396737,-6.753476],[-70.392239,-6.754542],[-70.392087,-6.754574],[-70.391934,-6.7546],[-70.39178,-6.754618],[-70.391625,-6.75463],[-70.39147,-6.754634],[-70.391315,-6.754632],[-70.39116,-6.754623],[-70.391006,-6.754606],[-70.390853,-6.754583],[-70.390701,-6.754553],[-70.39055,-6.754516],[-70.390401,-6.754472],[-70.390255,-6.754422],[-70.39011,-6.754365],[-70.389969,-6.754301],[-70.38983,-6.754231],[-70.389695,-6.754155],[-70.389563,-6.754073],[-70.389436,-6.753986],[-70.389312,-6.753892],[-70.389192,-6.753793],[-70.389078,-6.753689],[-70.388968,-6.753579],[-70.388863,-6.753465],[-70.388763,-6.753346],[-70.388669,-6.753223],[-70.38858,-6.753096],[-70.388498,-6.752965],[-70.387749,-6.751716],[-70.38766,-6.751562],[-70.387578,-6.751404],[-70.387502,-6.751243],[-70.387432,-6.751079],[-70.387369,-6.750912],[-70.387312,-6.750743],[-70.387262,-6.750572],[-70.387219,-6.750399],[-70.387183,-6.750225],[-70.387154,-6.750049],[-70.387131,-6.749872],[-70.387116,-6.749695],[-70.387107,-6.749517],[-70.387106,-6.749338],[-70.387111,-6.74916],[-70.387124,-6.748983],[-70.387144,-6.748806],[-70.38717,-6.748629],[-70.387204,-6.748454],[-70.387244,-6.748281],[-70.387291,-6.748109],[-70.387345,-6.747939],[-70.387406,-6.747772],[-70.387473,-6.747606],[-70.387547,-6.747444],[-70.387626,-6.747285],[-70.387713,-6.747129],[-70.387805,-6.746976],[-70.387903,-6.746828],[-70.388007,-6.746683],[-70.388116,-6.746542],[-70.388232,-6.746406],[-70.388352,-6.746275],[-70.389927,-6.744619],[-70.390049,-6.744497],[-70.390175,-6.744378],[-70.390306,-6.744265],[-70.39044,-6.744157],[-70.390579,-6.744054],[-70.390722,-6.743956],[-70.390868,-6.743864],[-70.391018,-6.743778],[-70.39117,-6.743697],[-70.391326,-6.743623],[-70.391485,-6.743554],[-70.391646,-6.743491],[-70.391809,-6.743435],[-70.391975,-6.743385],[-70.392142,-6.743341],[-70.392311,-6.743304],[-70.392481,-6.743273],[-70.394414,-6.742959],[-70.394664,-6.742923],[-70.394915,-6.742893],[-70.395167,-6.74287],[-70.395419,-6.742854],[-70.395672,-6.742845],[-70.395924,-6.742843],[-70.396177,-6.742848],[-70.396429,-6.742861],[-70.396681,-6.74288],[-70.400122,-6.743193],[-70.400254,-6.743201],[-70.400386,-6.743203],[-70.400518,-6.743197],[-70.40065,-6.743185],[-70.400781,-6.743166],[-70.400911,-6.743139],[-70.401039,-6.743106],[-70.401166,-6.743066],[-70.40129,-6.74302],[-70.401411,-6.742967],[-70.40153,-6.742908],[-70.401645,-6.742842],[-70.401756,-6.742771],[-70.401864,-6.742693],[-70.401967,-6.742611],[-70.402066,-6.742522],[-70.40216,-6.742429],[-70.402249,-6.742331],[-70.402332,-6.742228],[-70.402411,-6.742121],[-70.402483,-6.742011],[-70.402549,-6.741896],[-70.40261,-6.741778],[-70.402663,-6.741657],[-70.402711,-6.741534],[-70.402752,-6.741408],[-70.402786,-6.74128],[-70.402813,-6.74115],[-70.402834,-6.741019],[-70.402847,-6.740888],[-70.402854,-6.740755],[-70.402853,-6.740623],[-70.402846,-6.740491],[-70.402831,-6.740359],[-70.40281,-6.740228],[-70.402782,-6.740099],[-70.402747,-6.739971],[-70.402705,-6.739846],[-70.402656,-6.739723],[-70.402602,-6.739602],[-70.402541,-6.739484],[-70.402473,-6.73937],[-70.4024,-6.73926],[-70.402321,-6.739154],[-70.402237,-6.739052],[-70.402147,-6.738954],[-70.402053,-6.738862],[-70.401953,-6.738774],[-70.401849,-6.738692],[-70.401741,-6.738616],[-70.401629,-6.738545],[-70.401513,-6.73848],[-70.401395,-6.738422],[-70.401273,-6.73837],[-70.401148,-6.738324],[-70.401022,-6.738285],[-70.400893,-6.738253],[-70.39216,-6.736308],[-70.392007,-6.736278],[-70.391854,-6.736254],[-70.391699,-6.736238],[-70.391543,-6.736229],[-70.391388,-6.736227],[-70.391232,-6.736233],[-70.391077,-6.736245],[-70.390923,-6.736264],[-70.390769,-6.736291],[-70.390617,-6.736325],[-70.390467,-6.736365],[-70.388977,-6.736804],[-70.388763,-6.736871],[-70.38855,-6.736944],[-70.38834,-6.737023],[-70.388132,-6.737108],[-70.387927,-6.737199],[-70.387724,-6.737296],[-70.387524,-6.737399],[-70.387328,-6.737508],[-70.387134,-6.737623],[-70.386945,-6.737743],[-70.386758,-6.737868],[-70.386576,-6.737999],[-70.384771,-6.739335],[-70.384569,-6.73948],[-70.384364,-6.739619],[-70.384155,-6.739753],[-70.383943,-6.739881],[-70.383727,-6.740003],[-70.383508,-6.740118],[-70.383285,-6.740228],[-70.38306,-6.740332],[-70.382832,-6.74043],[-70.382601,-6.740521],[-70.382369,-6.740606],[-70.382133,-6.740684],[-70.381896,-6.740756],[-70.381657,-6.740822],[-70.381416,-6.74088],[-70.381174,-6.740933],[-70.38093,-6.740978],[-70.380685,-6.741017],[-70.380439,-6.741049],[-70.380192,-6.741075],[-70.379945,-6.741093],[-70.379697,-6.741105],[-70.379449,-6.74111],[-70.379202,-6.741109],[-70.377607,-6.741076],[-70.377367,-6.741067],[-70.377127,-6.741052],[-70.376887,-6.741029],[-70.376648,-6.740999],[-70.376411,-6.740962],[-70.376174,-6.740919],[-70.375939,-6.740868],[-70.375705,-6.74081],[-70.375474,-6.740746],[-70.375244,-6.740674],[-70.375016,-6.740596],[-70.374791,-6.740511],[-70.374568,-6.74042],[-70.374349,-6.740322],[-70.374132,-6.740217],[-70.373918,-6.740106],[-70.371336,-6.738718],[-70.371128,-6.738603],[-70.370924,-6.738482],[-70.370722,-6.738356],[-70.370524,-6.738225],[-70.370329,-6.738088],[-70.370138,-6.737946],[-70.369951,-6.7378],[-70.369768,-6.737648],[-70.369589,-6.737492],[-70.369414,-6.737331],[-70.369243,-6.737166],[-70.369076,-6.736996],[-70.367295,-6.73513],[-70.367162,-6.734985],[-70.367034,-6.734836],[-70.366912,-6.734682],[-70.366795,-6.734524],[-70.366685,-6.734361],[-70.36658,-6.734195],[-70.366481,-6.734025],[-70.366388,-6.733852],[-70.366302,-6.733676],[-70.366222,-6.733496],[-70.366149,-6.733314],[-70.366083,-6.733129],[-70.366023,-6.732942],[-70.36597,-6.732753],[-70.365924,-6.732562],[-70.365885,-6.732369],[-70.365852,-6.732175],[-70.365827,-6.731981],[-70.365809,-6.731785],[-70.365798,-6.731589],[-70.365794,-6.731392],[-70.365798,-6.731196],[-70.365889,-6.728567],[-70.36589,-6.728423],[-70.365884,-6.728279],[-70.365872,-6.728136],[-70.365852,-6.727994],[-70.365825,-6.727853],[-70.365791,-6.727713],[-70.36575,-6.727575],[-70.365702,-6.727439],[-70.365648,-6.727306],[-70.365587,-6.727176],[-70.365519,-6.727049],[-70.365446,-6.726925],[-70.365366,-6.726806],[-70.365281,-6.72669],[-70.36519,-6.726579],[-70.365093,-6.726472],[-70.364992,-6.72637],[-70.364885,-6.726274],[-70.364774,-6.726183],[-70.364658,-6.726097],[-70.364538,-6.726018],[-70.364415,-6.725944],[-70.364288,-6.725877],[-70.364157,-6.725816],[-70.364024,-6.725761],[-70.363889,-6.725714],[-70.363751,-6.725673],[-70.363611,-6.725639],[-70.36347,-6.725612],[-70.363327,-6.725592],[-70.363184,-6.725579],[-70.363041,-6.725573],[-70.362897,-6.725574],[-70.362753,-6.725583],[-70.36261,-6.725598],[-70.362468,-6.725621],[-70.362327,-6.725651],[-70.362188,-6.725687],[-70.362051,-6.725731],[-70.361917,-6.725781],[-70.361785,-6.725838],[-70.361655,-6.725902],[-70.36153,-6.725971],[-70.361407,-6.726047],[-70.361289,-6.726129],[-70.361175,-6.726217],[-70.361066,-6.72631],[-70.360961,-6.726408],[-70.360861,-6.726512],[-70.359439,-6.728064],[-70.359298,-6.728213],[-70.359152,-6.728357],[-70.359001,-6.728495],[-70.358845,-6.728628],[-70.358685,-6.728756],[-70.35852,-6.728878],[-70.358352,-6.728995],[-70.358179,-6.729105],[-70.358003,-6.72921],[-70.357823,-6.729308],[-70.35764,-6.7294],[-70.357454,-6.729486],[-70.357265,-6.729565],[-70.357073,-6.729638],[-70.356879,-6.729704],[-70.356683,-6.729763],[-70.356485,-6.729815],[-70.356285,-6.729861],[-70.356084,-6.729899],[-70.355881,-6.729931],[-70.355678,-6.729955],[-70.355473,-6.729973],[-70.355269,-6.729983],[-70.355064,-6.729987],[-70.35287,-6.729984],[-70.352626,-6.729981],[-70.352382,-6.729971],[-70.352139,-6.729954],[-70.351896,-6.729931],[-70.351654,-6.729901],[-70.351413,-6.729865],[-70.351173,-6.729822],[-70.350934,-6.729773],[-70.350696,-6.729717],[-70.35046,-6.729655],[-70.347108,-6.728725],[-70.346949,-6.728685],[-70.346788,-6.72865],[-70.346626,-6.728623],[-70.346463,-6.728601],[-70.346299,-6.728587],[-70.346135,-6.728579],[-70.345971,-6.728577],[-70.345807,-6.728583],[-70.345643,-6.728595],[-70.345479,-6.728613],[-70.345317,-6.728638],[-70.345156,-6.72867],[-70.344996,-6.728708],[-70.344838,-6.728752],[-70.344681,-6.728803],[-70.344527,-6.72886],[-70.344375,-6.728924],[-70.344226,-6.728993],[-70.342926,-6.729631],[-70.342756,-6.729718],[-70.342588,-6.729811],[-70.342424,-6.729909],[-70.342263,-6.730012],[-70.342106,-6.730121],[-70.341952,-6.730235],[-70.341802,-6.730354],[-70.341656,-6.730478],[-70.341515,-6.730606],[-70.341377,-6.730739],[-70.341244,-6.730877],[-70.341116,-6.731019],[-70.338823,-6.733642],[-70.338671,-6.733821],[-70.338524,-6.734004],[-70.338381,-6.73419],[-70.336338,-6.736932],[-70.336189,-6.737126],[-70.336035,-6.737316],[-70.335876,-6.737502],[-70.335712,-6.737683],[-70.335543,-6.73786],[-70.33537,-6.738032],[-70.335192,-6.738199],[-70.335009,-6.738362],[-70.334822,-6.73852],[-70.334631,-6.738672],[-70.334436,-6.738819],[-70.332895,-6.73995],[-70.332718,-6.740084],[-70.332544,-6.740222],[-70.332373,-6.740364],[-70.332206,-6.74051],[-70.332043,-6.74066],[-70.329149,-6.743387],[-70.329042,-6.743483],[-70.328931,-6.743574],[-70.328814,-6.743659],[-70.328694,-6.743738],[-70.32857,-6.743811],[-70.328443,-6.743878],[-70.328312,-6.743938],[-70.328178,-6.743992],[-70.328042,-6.744039],[-70.327904,-6.744079],[-70.327764,-6.744112],[-70.327623,-6.744139],[-70.32748,-6.744158],[-70.327337,-6.74417],[-70.327193,-6.744175],[-70.327049,-6.744173],[-70.326905,-6.744164],[-70.326762,-6.744148],[-70.32662,-6.744124],[-70.326479,-6.744094],[-70.32634,-6.744057],[-70.326203,-6.744012],[-70.326069,-6.743961],[-70.325937,-6.743904],[-70.325808,-6.74384],[-70.325682,-6.743769],[-70.325561,-6.743693],[-70.325443,-6.74361],[-70.325329,-6.743522],[-70.32522,-6.743428],[-70.325115,-6.743329],[-70.325016,-6.743225],[-70.324922,-6.743116],[-70.324834,-6.743002],[-70.324751,-6.742884],[-70.324674,-6.742763],[-70.324603,-6.742637],[-70.324539,-6.742509],[-70.324481,-6.742377],[-70.32443,-6.742242],[-70.324386,-6.742105],[-70.324348,-6.741967],[-70.324317,-6.741826],[-70.324294,-6.741684],[-70.324277,-6.741541],[-70.324268,-6.741397],[-70.324266,-6.741254],[-70.32427,-6.74111],[-70.324282,-6.740966],[-70.324302,-6.740824],[-70.324328,-6.740682],[-70.32501,-6.737448],[-70.325046,-6.737259],[-70.325076,-6.737068],[-70.325099,-6.736877],[-70.325115,-6.736685],[-70.325124,-6.736492],[-70.325126,-6.736299],[-70.325121,-6.736107],[-70.32511,-6.735914],[-70.325091,-6.735722],[-70.325066,-6.735531],[-70.325034,-6.735341],[-70.324995,-6.735152],[-70.324949,-6.734965],[-70.324897,-6.734779],[-70.324838,-6.734596],[-70.324773,-6.734415],[-70.324701,-6.734236],[-70.324623,-6.734059],[-70.324538,-6.733886],[-70.323777,-6.732392],[-70.323701,-6.732236],[-70.323632,-6.732079],[-70.323569,-6.731918],[-70.323512,-6.731756],[-70.323461,-6.731591],[-70.323416,-6.731424],[-70.323378,-6.731256],[-70.323346,-6.731087],[-70.323321,-6.730916],[-70.323302,-6.730745],[-70.32329,-6.730573],[-70.323284,-6.7304],[-70.323285,-6.730228],[-70.323293,-6.730056],[-70.323437,-6.72776],[-70.323457,-6.727507],[-70.323483,-6.727254],[-70.323517,-6.727002],[-70.323558,-6.726751],[-70.323606,-6.726502],[-70.323661,-6.726253],[-70.323722,-6.726007],[-70.323791,-6.725762],[-70.323867,-6.725519],[-70.323949,-6.725279],[-70.324038,-6.725041],[-70.324134,-6.724805],[-70.324792,-6.72325],[-70.324847,-6.723111],[-70.324896,-6.722969],[-70.324939,-6.722825],[-70.324975,-6.722679],[-70.325004,-6.722532],[-70.325028,-6.722384],[-70.325044,-6.722234],[-70.325054,-6.722085],[-70.325056,-6.721935],[-70.325053,-6.721784],[-70.325042,-6.721635],[-70.325025,-6.721486],[-70.325001,-6.721337],[-70.324971,-6.72119],[-70.324934,-6.721045],[-70.32489,-6.720901],[-70.32484,-6.72076],[-70.324784,-6.72062],[-70.324722,-6.720484],[-70.324654,-6.72035],[-70.324579,-6.72022],[-70.324499,-6.720093],[-70.324414,-6.719969],[-70.324323,-6.71985],[-70.324226,-6.719735],[-70.323338,-6.71872],[-70.323217,-6.718588],[-70.323092,-6.718461],[-70.322961,-6.718338],[-70.322826,-6.718221],[-70.322686,-6.71811],[-70.322542,-6.718004],[-70.322394,-6.717903],[-70.322242,-6.717809],[-70.322086,-6.717721],[-70.321927,-6.717639],[-70.321765,-6.717563],[-70.3216,-6.717494],[-70.321433,-6.717432],[-70.321263,-6.717376],[-70.321091,-6.717327],[-70.320917,-6.717284],[-70.320741,-6.717249],[-70.320565,-6.71722],[-70.320387,-6.717199],[-70.320209,-6.717185],[-70.32003,-6.717177],[-70.319851,-6.717177],[-70.319673,-6.717184],[-70.319494,-6.717198],[-70.319316,-6.717219],[-70.317733,-6.717437],[-70.317504,-6.717472],[-70.317275,-6.717512],[-70.317047,-6.717558],[-70.316821,-6.717611],[-70.316596,-6.717669],[-70.316373,-6.717732],[-70.316151,-6.717802],[-70.315932,-6.717877],[-70.315714,-6.717958],[-70.315498,-6.718044],[-70.313793,-6.718752],[-70.313575,-6.718846],[-70.313359,-6.718946],[-70.313146,-6.719051],[-70.312936,-6.719162],[-70.312729,-6.719278],[-70.312525,-6.7194],[-70.312324,-6.719527],[-70.312127,-6.719659],[-70.311933,-6.719797],[-70.31145,-6.720149],[-70.311242,-6.720296],[-70.31103,-6.720438],[-70.310814,-6.720573],[-70.310595,-6.720702],[-70.310372,-6.720824],[-70.310145,-6.720941],[-70.309916,-6.721051],[-70.309683,-6.721154],[-70.309448,-6.721251],[-70.30921,-6.721342],[-70.30897,-6.721425],[-70.308727,-6.721502],[-70.308482,-6.721572],[-70.308235,-6.721635],[-70.307206,-6.721883],[-70.307068,-6.721912],[-70.306929,-6.721935],[-70.306788,-6.721951],[-70.306648,-6.72196],[-70.306506,-6.721963],[-70.306365,-6.721958],[-70.306225,-6.721947],[-70.306085,-6.721928],[-70.305946,-6.721903],[-70.305808,-6.721872],[-70.305672,-6.721833],[-70.305538,-6.721788],[-70.305407,-6.721737],[-70.305278,-6.721679],[-70.305152,-6.721615],[-70.30503,-6.721544],[-70.304911,-6.721468],[-70.304796,-6.721387],[-70.304685,-6.721299],[-70.304578,-6.721207],[-70.304476,-6.721109],[-70.304379,-6.721007],[-70.304287,-6.7209],[-70.304201,-6.720788],[-70.30412,-6.720673],[-70.304044,-6.720553],[-70.303975,-6.72043],[-70.303911,-6.720304],[-70.303854,-6.720175],[-70.303265,-6.718751],[-70.303199,-6.718582],[-70.303139,-6.71841],[-70.303085,-6.718236],[-70.303038,-6.718061],[-70.302998,-6.717883],[-70.302964,-6.717705],[-70.302938,-6.717525],[-70.302918,-6.717344],[-70.302904,-6.717162],[-70.302898,-6.716981],[-70.302898,-6.716799],[-70.302906,-6.716617],[-70.30292,-6.716436],[-70.302941,-6.716255],[-70.302968,-6.716075],[-70.303003,-6.715897],[-70.303044,-6.715719],[-70.303092,-6.715544],[-70.303146,-6.71537],[-70.303207,-6.715199],[-70.303274,-6.71503],[-70.303348,-6.714863],[-70.303427,-6.7147],[-70.303513,-6.71454],[-70.303605,-6.714382],[-70.303703,-6.714229],[-70.303806,-6.714079],[-70.30495,-6.712487],[-70.305081,-6.712309],[-70.305218,-6.712136],[-70.30536,-6.711967],[-70.305507,-6.711802],[-70.305659,-6.711642],[-70.305816,-6.711486],[-70.305977,-6.711335],[-70.306143,-6.711189],[-70.306313,-6.711048],[-70.306487,-6.710913],[-70.306666,-6.710782],[-70.306848,-6.710657],[-70.307034,-6.710538],[-70.307223,-6.710424],[-70.307416,-6.710316],[-70.307612,-6.710214],[-70.307811,-6.710118],[-70.308012,-6.710028],[-70.308217,-6.709944],[-70.308423,-6.709866],[-70.308632,-6.709794],[-70.308843,-6.709729],[-70.309056,-6.70967],[-70.312792,-6.708699],[-70.313028,-6.70864],[-70.313266,-6.708589],[-70.313505,-6.708544],[-70.313745,-6.708505],[-70.313986,-6.708472],[-70.314228,-6.708446],[-70.314471,-6.708427],[-70.314713,-6.708414],[-70.314957,-6.708408],[-70.3152,-6.708408],[-70.315443,-6.708415],[-70.315686,-6.708428],[-70.321241,-6.708807],[-70.323373,-6.707203],[-70.323487,-6.707113],[-70.323597,-6.707018],[-70.323702,-6.706919],[-70.323804,-6.706815],[-70.3239,-6.706707],[-70.323992,-6.706594],[-70.324079,-6.706478],[-70.32416,-6.706358],[-70.324236,-6.706234],[-70.324307,-6.706107],[-70.324372,-6.705977],[-70.324431,-6.705845],[-70.324484,-6.70571],[-70.324532,-6.705573],[-70.324573,-6.705433],[-70.324608,-6.705293],[-70.324979,-6.703651],[-70.325009,-6.703502],[-70.325033,-6.703351],[-70.32505,-6.703199],[-70.32506,-6.703047],[-70.325063,-6.702894],[-70.32506,-6.702742],[-70.32505,-6.702589],[-70.325033,-6.702438],[-70.325009,-6.702287],[-70.324979,-6.702137],[-70.324942,-6.701989],[-70.324898,-6.701843],[-70.324849,-6.701699],[-70.324294,-6.700204],[-70.324231,-6.700046],[-70.324162,-6.69989],[-70.324087,-6.699738],[-70.324005,-6.699589],[-70.323917,-6.699443],[-70.323823,-6.699301],[-70.323723,-6.699164],[-70.323618,-6.69903],[-70.323507,-6.698901],[-70.323391,-6.698777],[-70.323269,-6.698658],[-70.323143,-6.698544],[-70.323012,-6.698435],[-70.322877,-6.698332],[-70.322737,-6.698235],[-70.322594,-6.698143],[-70.322447,-6.698058],[-70.322296,-6.697979],[-70.322142,-6.697906],[-70.321986,-6.69784],[-70.321826,-6.69778],[-70.321665,-6.697727],[-70.321501,-6.697681],[-70.321335,-6.697642],[-70.321168,-6.697609],[-70.321,-6.697584],[-70.320831,-6.697565],[-70.320661,-6.697554],[-70.320491,-6.69755],[-70.320321,-6.697553],[-70.320151,-6.697563],[-70.319982,-6.69758],[-70.319814,-6.697605],[-70.319646,-6.697636],[-70.318629,-6.697848],[-70.318382,-6.697903],[-70.318138,-6.697965],[-70.317895,-6.698033],[-70.317654,-6.698109],[-70.317415,-6.698191],[-70.317179,-6.698279],[-70.316945,-6.698375],[-70.316715,-6.698476],[-70.316487,-6.698584],[-70.316262,-6.698699],[-70.31604,-6.698819],[-70.315822,-6.698946],[-70.315607,-6.699079],[-70.311722,-6.701559],[-70.311513,-6.701689],[-70.3113,-6.701813],[-70.311084,-6.701931],[-70.310865,-6.702043],[-70.310643,-6.702149],[-70.310418,-6.702249],[-70.310191,-6.702343],[-70.309961,-6.702431],[-70.309728,-6.702512],[-70.309494,-6.702587],[-70.309258,-6.702656],[-70.30902,-6.702718],[-70.30878,-6.702773],[-70.308539,-6.702823],[-70.308296,-6.702865],[-70.306438,-6.703165],[-70.306197,-6.703207],[-70.305957,-6.703256],[-70.305718,-6.703312],[-70.305481,-6.703373],[-70.305246,-6.703442],[-70.305012,-6.703516],[-70.304781,-6.703597],[-70.304552,-6.703684],[-70.304326,-6.703777],[-70.304102,-6.703876],[-70.303881,-6.703982],[-70.301138,-6.705333],[-70.300932,-6.705439],[-70.300728,-6.705551],[-70.300528,-6.705668],[-70.300332,-6.705792],[-70.300139,-6.705921],[-70.29995,-6.706057],[-70.299765,-6.706197],[-70.299585,-6.706343],[-70.299409,-6.706495],[-70.299237,-6.706651],[-70.299071,-6.706812],[-70.298909,-6.706979],[-70.298752,-6.70715],[-70.2986,-6.707326],[-70.298454,-6.707506],[-70.298313,-6.70769],[-70.298177,-6.707879],[-70.298047,-6.708071],[-70.297923,-6.708267],[-70.297805,-6.708467],[-70.297693,-6.70867],[-70.297587,-6.708876],[-70.297487,-6.709086],[-70.297393,-6.709298],[-70.297306,-6.709513],[-70.297225,-6.709731],[-70.29715,-6.709951],[-70.297082,-6.710172],[-70.297021,-6.710396],[-70.296966,-6.710622],[-70.296919,-6.710849],[-70.296877,-6.711077],[-70.296843,-6.711307],[-70.296815,-6.711537],[-70.296795,-6.711769],[-70.296781,-6.712],[-70.296774,-6.712232],[-70.296774,-6.712464],[-70.296781,-6.712696],[-70.296795,-6.712928],[-70.296815,-6.713159],[-70.296843,-6.71339],[-70.297273,-6.716601],[-70.297307,-6.716832],[-70.297347,-6.717061],[-70.297393,-6.717289],[-70.298486,-6.722404],[-70.298542,-6.72265],[-70.298605,-6.722894],[-70.298675,-6.723136],[-70.298751,-6.723376],[-70.298834,-6.723613],[-70.298924,-6.723849],[-70.29902,-6.724081],[-70.299122,-6.724311],[-70.299231,-6.724538],[-70.299347,-6.724762],[-70.299468,-6.724983],[-70.299595,-6.7252],[-70.299729,-6.725413],[-70.299868,-6.725623],[-70.300013,-6.725829],[-70.300164,-6.72603],[-70.30032,-6.726228],[-70.300482,-6.726421],[-70.300649,-6.726609],[-70.300822,-6.726793],[-70.300999,-6.726971],[-70.301181,-6.727145],[-70.301368,-6.727314],[-70.30156,-6.727477],[-70.301756,-6.727635],[-70.301956,-6.727787],[-70.302161,-6.727934],[-70.302369,-6.728075],[-70.302582,-6.72821],[-70.302798,-6.72834],[-70.303018,-6.728463],[-70.303241,-6.72858],[-70.303467,-6.728691],[-70.303696,-6.728795],[-70.303928,-6.728893],[-70.308051,-6.730568],[-70.308212,-6.730637],[-70.308369,-6.730712],[-70.308524,-6.730794],[-70.308675,-6.730883],[-70.308822,-6.730977],[-70.308965,-6.731078],[-70.309104,-6.731184],[-70.309238,-6.731296],[-70.309368,-6.731413],[-70.309493,-6.731536],[-70.309612,-6.731664],[-70.309727,-6.731796],[-70.309835,-6.731933],[-70.309938,-6.732074],[-70.310035,-6.73222],[-70.310126,-6.732369],[-70.310211,-6.732522],[-70.31029,-6.732678],[-70.310361,-6.732838],[-70.310427,-6.733],[-70.310485,-6.733165],[-70.310537,-6.733332],[-70.310582,-6.733501],[-70.31062,-6.733672],[-70.310651,-6.733844],[-70.310674,-6.734017],[-70.310691,-6.734191],[-70.3107,-6.734366],[-70.310702,-6.734541],[-70.310697,-6.734715],[-70.310685,-6.73489],[-70.310666,-6.735064],[-70.310639,-6.735236],[-70.310606,-6.735408],[-70.310565,-6.735578],[-70.310517,-6.735746],[-70.310463,-6.735912],[-70.310401,-6.736076],[-70.310333,-6.736237],[-70.310259,-6.736396],[-70.310178,-6.736551],[-70.310091,-6.736702],[-70.309997,-6.73685],[-70.309898,-6.736994],[-70.309792,-6.737133],[-70.309682,-6.737269],[-70.309565,-6.737399],[-70.309443,-6.737525],[-70.309317,-6.737645],[-70.309185,-6.73776],[-70.309049,-6.73787],[-70.308908,-6.737974],[-70.308763,-6.738072],[-70.308615,-6.738164],[-70.308462,-6.73825],[-70.308307,-6.73833],[-70.308148,-6.738403],[-70.307986,-6.738469],[-70.306586,-6.739011],[-70.306362,-6.739094],[-70.306136,-6.739172],[-70.305909,-6.739243],[-70.305679,-6.739308],[-70.305448,-6.739367],[-70.305216,-6.73942],[-70.304982,-6.739467],[-70.304747,-6.739508],[-70.304511,-6.739543],[-70.304274,-6.739571],[-70.299254,-6.740104],[-70.299,-6.740127],[-70.298745,-6.740143],[-70.29849,-6.740152],[-70.298235,-6.740154],[-70.29798,-6.740149],[-70.297725,-6.740136],[-70.29747,-6.740116],[-70.297217,-6.740089],[-70.295373,-6.739867],[-70.295121,-6.739833],[-70.294871,-6.739792],[-70.294621,-6.739744],[-70.294373,-6.739689],[-70.294127,-6.739628],[-70.293882,-6.739559],[-70.29364,-6.739483],[-70.293399,-6.739401],[-70.293162,-6.739312],[-70.292926,-6.739216],[-70.289516,-6.737771],[-70.289314,-6.737683],[-70.289114,-6.73759],[-70.288917,-6.737491],[-70.288722,-6.737388],[-70.288529,-6.737281],[-70.28834,-6.737168],[-70.286049,-6.735774],[-70.285894,-6.735684],[-70.285736,-6.7356],[-70.285574,-6.735522],[-70.28541,-6.735451],[-70.285243,-6.735387],[-70.285073,-6.735329],[-70.284901,-6.735277],[-70.284727,-6.735233],[-70.284552,-6.735196],[-70.284376,-6.735165],[-70.284198,-6.735142],[-70.284019,-6.735126],[-70.28384,-6.735116],[-70.283661,-6.735114],[-70.283482,-6.735119],[-70.283303,-6.735131],[-70.283125,-6.73515],[-70.282947,-6.735177],[-70.282771,-6.73521],[-70.282596,-6.73525],[-70.282423,-6.735297],[-70.282252,-6.735351],[-70.282084,-6.735411],[-70.281918,-6.735479],[-70.281754,-6.735552],[-70.281594,-6.735633],[-70.281437,-6.735719],[-70.281283,-6.735812],[-70.281134,-6.73591],[-70.280988,-6.736015],[-70.280847,-6.736125],[-70.28071,-6.73624],[-70.280577,-6.736361],[-70.28045,-6.736488],[-70.280328,-6.736619],[-70.280211,-6.736754],[-70.280099,-6.736895],[-70.279993,-6.737039],[-70.279893,-6.737188],[-70.279799,-6.737341],[-70.279711,-6.737497],[-70.27963,-6.737656],[-70.279555,-6.737819],[-70.279486,-6.737985],[-70.279424,-6.738153],[-70.279368,-6.738323],[-70.27932,-6.738496],[-70.279278,-6.73867],[-70.279243,-6.738846],[-70.278781,-6.741449],[-70.278754,-6.741582],[-70.27872,-6.741713],[-70.278679,-6.741843],[-70.278632,-6.741971],[-70.278578,-6.742096],[-70.278519,-6.742218],[-70.278453,-6.742336],[-70.278381,-6.742452],[-70.278303,-6.742563],[-70.27822,-6.742671],[-70.278131,-6.742774],[-70.278038,-6.742872],[-70.277939,-6.742965],[-70.277836,-6.743054],[-70.277728,-6.743137],[-70.277617,-6.743214],[-70.277501,-6.743286],[-70.277382,-6.743352],[-70.27726,-6.743411],[-70.277135,-6.743465],[-70.277007,-6.743511],[-70.276878,-6.743552],[-70.276746,-6.743585],[-70.276613,-6.743612],[-70.276478,-6.743632],[-70.276343,-6.743646],[-70.276207,-6.743652],[-70.276071,-6.743651],[-70.275936,-6.743644],[-70.275801,-6.74363],[-70.275666,-6.743608],[-70.275533,-6.74358],[-70.275402,-6.743546],[-70.275273,-6.743504],[-70.275145,-6.743456],[-70.275021,-6.743402],[-70.274899,-6.743341],[-70.274781,-6.743275],[-70.274666,-6.743202],[-70.274555,-6.743124],[-70.274448,-6.74304],[-70.274345,-6.742951],[-70.274248,-6.742856],[-70.274155,-6.742757],[-70.274067,-6.742653],[-70.273985,-6.742545],[-70.272954,-6.741118],[-70.272812,-6.740927],[-70.272665,-6.74074],[-70.272514,-6.740557],[-70.272358,-6.740378],[-70.272197,-6.740203],[-70.272031,-6.740033],[-70.271862,-6.739867],[-70.271687,-6.739705],[-70.271509,-6.739548],[-70.271327,-6.739396],[-70.27114,-6.739248],[-70.27095,-6.739106],[-70.270756,-6.738968],[-70.270559,-6.738836],[-70.269525,-6.738162],[-70.269356,-6.738048],[-70.269191,-6.737929],[-70.269029,-6.737804],[-70.268872,-6.737674],[-70.268719,-6.737539],[-70.26857,-6.737399],[-70.268426,-6.737255],[-70.268287,-6.737106],[-70.268152,-6.736952],[-70.268023,-6.736795],[-70.267899,-6.736633],[-70.26778,-6.736467],[-70.267666,-6.736298],[-70.267558,-6.736125],[-70.267456,-6.735948],[-70.267359,-6.735769],[-70.267268,-6.735586],[-70.267183,-6.735401],[-70.267104,-6.735213],[-70.267032,-6.735022],[-70.265953,-6.732056],[-70.265881,-6.731865],[-70.265804,-6.731675],[-70.265724,-6.731487],[-70.265639,-6.731301],[-70.26555,-6.731117],[-70.2649,-6.729813],[-70.264833,-6.729687],[-70.26476,-6.729564],[-70.264681,-6.729445],[-70.264596,-6.729329],[-70.264506,-6.729219],[-70.26441,-6.729112],[-70.264309,-6.729011],[-70.264203,-6.728915],[-70.264093,-6.728824],[-70.263978,-6.728738],[-70.263859,-6.728659],[-70.263737,-6.728585],[-70.26361,-6.728518],[-70.263481,-6.728457],[-70.263349,-6.728402],[-70.263214,-6.728354],[-70.263077,-6.728312],[-70.262938,-6.728278],[-70.262798,-6.72825],[-70.262656,-6.72823],[-70.262514,-6.728216],[-70.262371,-6.728209],[-70.262228,-6.72821],[-70.262085,-6.728217],[-70.261942,-6.728232],[-70.261801,-6.728254],[-70.261661,-6.728282],[-70.261522,-6.728318],[-70.261385,-6.72836],[-70.261251,-6.728409],[-70.261119,-6.728464],[-70.26099,-6.728526],[-70.260864,-6.728595],[-70.260742,-6.728669],[-70.260624,-6.728749],[-70.26051,-6.728836],[-70.2604,-6.728927],[-70.260295,-6.729024],[-70.260194,-6.729126],[-70.260099,-6.729233],[-70.260009,-6.729345],[-70.259925,-6.72946],[-70.259847,-6.72958],[-70.259775,-6.729704],[-70.259709,-6.72983],[-70.259649,-6.72996],[-70.259596,-6.730093],[-70.259549,-6.730228],[-70.259509,-6.730366],[-70.259476,-6.730505],[-70.25945,-6.730646],[-70.259431,-6.730787],[-70.259419,-6.73093],[-70.259414,-6.731073],[-70.259416,-6.731216],[-70.259425,-6.731359],[-70.259441,-6.731501],[-70.259558,-6.732341],[-70.259592,-6.732564],[-70.259631,-6.732786],[-70.259676,-6.733007],[-70.259727,-6.733227],[-70.259783,-6.733446],[-70.259844,-6.733663],[-70.259911,-6.733878],[-70.259983,-6.734092],[-70.260667,-6.736042],[-70.260747,-6.736281],[-70.260821,-6.736523],[-70.260888,-6.736766],[-70.260948,-6.737012],[-70.261001,-6.737259],[-70.261047,-6.737507],[-70.261086,-6.737756],[-70.261119,-6.738007],[-70.261144,-6.738258],[-70.261162,-6.73851],[-70.261173,-6.738762],[-70.261177,-6.739015],[-70.261175,-6.739268],[-70.261165,-6.73952],[-70.261148,-6.739772],[-70.261123,-6.740023],[-70.261092,-6.740274],[-70.261054,-6.740524],[-70.261009,-6.740772],[-70.260957,-6.74102],[-70.260898,-6.741265],[-70.260833,-6.741509],[-70.26076,-6.741751],[-70.260681,-6.741991],[-70.257616,-6.750855],[-70.257541,-6.751082],[-70.257472,-6.751312],[-70.257409,-6.751543],[-70.257352,-6.751775],[-70.256156,-6.756956],[-70.256109,-6.757173],[-70.25607,-6.757391],[-70.256037,-6.757611],[-70.256012,-6.757831],[-70.255994,-6.758052],[-70.255983,-6.758273],[-70.255978,-6.758495],[-70.255981,-6.758716],[-70.255992,-6.758938],[-70.256009,-6.759159],[-70.256033,-6.759379],[-70.256064,-6.759599],[-70.256103,-6.759817],[-70.256148,-6.760034],[-70.2562,-6.760249],[-70.256259,-6.760463],[-70.256325,-6.760675],[-70.256398,-6.760884],[-70.256477,-6.761091],[-70.256563,-6.761296],[-70.256656,-6.761497],[-70.256755,-6.761695],[-70.25686,-6.761891],[-70.256971,-6.762082],[-70.257089,-6.76227],[-70.257212,-6.762454],[-70.257341,-6.762635],[-70.257476,-6.762811],[-70.257617,-6.762982],[-70.257763,-6.763149],[-70.257914,-6.763311],[-70.25807,-6.763468],[-70.258232,-6.76362],[-70.258398,-6.763767],[-70.258569,-6.763909],[-70.258744,-6.764045],[-70.258923,-6.764175],[-70.259107,-6.764299],[-70.259294,-6.764418],[-70.259485,-6.76453],[-70.25968,-6.764636],[-70.259878,-6.764736],[-70.260079,-6.76483],[-70.260283,-6.764917],[-70.260489,-6.764998],[-70.260698,-6.765071],[-70.26091,-6.765139],[-70.261123,-6.765199],[-70.261338,-6.765252],[-70.261555,-6.765299],[-70.261773,-6.765338],[-70.261993,-6.765371],[-70.262213,-6.765397],[-70.267845,-6.765958],[-70.268009,-6.765978],[-70.268172,-6.766005],[-70.268334,-6.766039],[-70.268494,-6.76608],[-70.268652,-6.766128],[-70.268808,-6.766183],[-70.268961,-6.766244],[-70.269111,-6.766312],[-70.269259,-6.766387],[-70.269403,-6.766468],[-70.269543,-6.766555],[-70.269679,-6.766648],[-70.269811,-6.766747],[-70.269939,-6.766852],[-70.270062,-6.766962],[-70.270181,-6.767077],[-70.270294,-6.767197],[-70.270401,-6.767323],[-70.270504,-6.767452],[-70.2706,-6.767586],[-70.270691,-6.767724],[-70.270775,-6.767866],[-70.270853,-6.768012],[-70.270925,-6.76816],[-70.270991,-6.768312],[-70.271049,-6.768466],[-70.271101,-6.768623],[-70.271146,-6.768782],[-70.271184,-6.768943],[-70.271215,-6.769105],[-70.271239,-6.769268],[-70.271256,-6.769433],[-70.271266,-6.769597],[-70.271268,-6.769762],[-70.271263,-6.769927],[-70.271252,-6.770092],[-70.271233,-6.770256],[-70.271034,-6.771694],[-70.271005,-6.771882],[-70.270969,-6.772069],[-70.270926,-6.772254],[-70.270876,-6.772437],[-70.270819,-6.772618],[-70.270756,-6.772798],[-70.270687,-6.772975],[-70.270611,-6.773149],[-70.270529,-6.77332],[-70.27044,-6.773488],[-70.270345,-6.773653],[-70.270245,-6.773814],[-70.270139,-6.773972],[-70.270027,-6.774125],[-70.269909,-6.774275],[-70.269786,-6.77442],[-70.269658,-6.77456],[-70.269525,-6.774695],[-70.269387,-6.774826],[-70.269244,-6.774952],[-70.269097,-6.775072],[-70.268945,-6.775186],[-70.268789,-6.775295],[-70.26863,-6.775399],[-70.268467,-6.775496],[-70.2683,-6.775588],[-70.26813,-6.775673],[-70.267957,-6.775752],[-70.267782,-6.775825],[-70.267603,-6.775891],[-70.267423,-6.77595],[-70.26724,-6.776003],[-70.267056,-6.77605],[-70.26687,-6.776089],[-70.266683,-6.776122],[-70.266494,-6.776148],[-70.266305,-6.776167],[-70.266116,-6.776179],[-70.265926,-6.776184],[-70.265736,-6.776182],[-70.263906,-6.776131],[-70.263691,-6.776128],[-70.263476,-6.776129],[-70.263261,-6.776136],[-70.263047,-6.776148],[-70.262833,-6.776165],[-70.260372,-6.776389],[-70.260225,-6.776406],[-70.260079,-6.776429],[-70.259934,-6.77646],[-70.259791,-6.776497],[-70.259649,-6.776541],[-70.25951,-6.776592],[-70.259373,-6.776649],[-70.259239,-6.776712],[-70.259108,-6.776781],[-70.258981,-6.776857],[-70.258857,-6.776938],[-70.258737,-6.777025],[-70.258622,-6.777118],[-70.25851,-6.777216],[-70.258404,-6.777319],[-70.258303,-6.777427],[-70.258206,-6.777539],[-70.258115,-6.777656],[-70.25803,-6.777777],[-70.25795,-6.777902],[-70.257876,-6.778031],[-70.257809,-6.778162],[-70.257747,-6.778297],[-70.257692,-6.778435],[-70.257644,-6.778575],[-70.257602,-6.778717],[-70.257567,-6.778861],[-70.25722,-6.780437],[-70.257181,-6.780628],[-70.257149,-6.780819],[-70.257122,-6.781012],[-70.257103,-6.781206],[-70.257089,-6.7814],[-70.257082,-6.781594],[-70.257082,-6.781788],[-70.257087,-6.781983],[-70.257099,-6.782177],[-70.257118,-6.78237],[-70.257143,-6.782563],[-70.257174,-6.782755],[-70.257211,-6.782946],[-70.257255,-6.783135],[-70.258639,-6.788718],[-70.258672,-6.788867],[-70.258699,-6.789019],[-70.258718,-6.789171],[-70.258731,-6.789323],[-70.258736,-6.789477],[-70.258734,-6.78963],[-70.258725,-6.789783],[-70.258709,-6.789936],[-70.258685,-6.790087],[-70.258655,-6.790238],[-70.258618,-6.790386],[-70.258574,-6.790533],[-70.258523,-6.790678],[-70.258466,-6.79082],[-70.258401,-6.790959],[-70.258331,-6.791096],[-70.258254,-6.791228],[-70.258172,-6.791357],[-70.258083,-6.791482],[-70.257988,-6.791603],[-70.257888,-6.79172],[-70.257783,-6.791831],[-70.257673,-6.791938],[-70.257558,-6.792039],[-70.257438,-6.792135],[-70.257314,-6.792225],[-70.257186,-6.79231],[-70.257054,-6.792388],[-70.256919,-6.79246],[-70.25678,-6.792526],[-70.256639,-6.792585],[-70.256495,-6.792638],[-70.256348,-6.792684],[-70.2562,-6.792723],[-70.25605,-6.792755],[-70.255899,-6.79278],[-70.255746,-6.792798],[-70.255593,-6.792809],[-70.25544,-6.792813],[-70.255287,-6.79281],[-70.255134,-6.792799],[-70.254981,-6.792782],[-70.25483,-6.792757],[-70.25468,-6.792726],[-70.254531,-6.792687],[-70.254385,-6.792642],[-70.25424,-6.79259],[-70.254099,-6.792531],[-70.25396,-6.792466],[-70.253824,-6.792394],[-70.253692,-6.792316],[-70.253563,-6.792233],[-70.253439,-6.792143],[-70.253319,-6.792047],[-70.252169,-6.791089],[-70.252022,-6.790963],[-70.251879,-6.790831],[-70.251741,-6.790695],[-70.251607,-6.790555],[-70.251478,-6.79041],[-70.251353,-6.790261],[-70.251234,-6.790108],[-70.251119,-6.789951],[-70.25101,-6.789791],[-70.250906,-6.789627],[-70.250808,-6.789459],[-70.250715,-6.789289],[-70.250627,-6.789116],[-70.249821,-6.787446],[-70.249738,-6.787268],[-70.249661,-6.787086],[-70.249591,-6.786903],[-70.249526,-6.786717],[-70.249468,-6.786529],[-70.249416,-6.786339],[-70.24937,-6.786148],[-70.249331,-6.785955],[-70.249298,-6.785761],[-70.249272,-6.785566],[-70.249252,-6.785371],[-70.249238,-6.785175],[-70.249232,-6.784978],[-70.249199,-6.783215],[-70.249198,-6.782968],[-70.249204,-6.782722],[-70.249216,-6.782475],[-70.249235,-6.78223],[-70.249261,-6.781984],[-70.249293,-6.78174],[-70.249332,-6.781496],[-70.249378,-6.781254],[-70.24943,-6.781013],[-70.249489,-6.780774],[-70.250204,-6.778022],[-70.250264,-6.777779],[-70.250317,-6.777534],[-70.250363,-6.777288],[-70.250402,-6.777041],[-70.250435,-6.776793],[-70.25046,-6.776544],[-70.250479,-6.776295],[-70.25049,-6.776045],[-70.250495,-6.775794],[-70.250493,-6.775544],[-70.250484,-6.775294],[-70.250364,-6.77289],[-70.250349,-6.772653],[-70.250327,-6.772417],[-70.2503,-6.772181],[-70.250266,-6.771947],[-70.250227,-6.771713],[-70.250181,-6.77148],[-70.250129,-6.771248],[-70.250071,-6.771018],[-70.250007,-6.77079],[-70.249937,-6.770563],[-70.249861,-6.770338],[-70.249779,-6.770115],[-70.249692,-6.769895],[-70.249598,-6.769677],[-70.245789,-6.76109],[-70.245701,-6.760897],[-70.245608,-6.760705],[-70.24551,-6.760516],[-70.245408,-6.76033],[-70.245302,-6.760145],[-70.242866,-6.756037],[-70.242747,-6.75583],[-70.242633,-6.75562],[-70.242525,-6.755406],[-70.242422,-6.75519],[-70.242326,-6.754971],[-70.242235,-6.75475],[-70.24215,-6.754526],[-70.242071,-6.754301],[-70.241998,-6.754073],[-70.241931,-6.753843],[-70.24187,-6.753612],[-70.241445,-6.751907],[-70.241388,-6.751665],[-70.241338,-6.751421],[-70.241295,-6.751176],[-70.241258,-6.75093],[-70.241228,-6.750683],[-70.241205,-6.750435],[-70.241189,-6.750186],[-70.241179,-6.749938],[-70.241177,-6.749689],[-70.241181,-6.74944],[-70.241192,-6.749191],[-70.24121,-6.748943],[-70.241235,-6.748695],[-70.241267,-6.748448],[-70.241305,-6.748202],[-70.241351,-6.747957],[-70.241403,-6.747714],[-70.241461,-6.747472],[-70.241526,-6.747232],[-70.241598,-6.746993],[-70.241677,-6.746757],[-70.241762,-6.746523],[-70.241853,-6.746291],[-70.24297,-6.743568],[-70.24302,-6.743435],[-70.243064,-6.743299],[-70.243102,-6.743162],[-70.243133,-6.743023],[-70.243156,-6.742883],[-70.243173,-6.742741],[-70.243183,-6.742599],[-70.243186,-6.742457],[-70.243182,-6.742315],[-70.243171,-6.742173],[-70.243153,-6.742032],[-70.243127,-6.741892],[-70.243096,-6.741753],[-70.243057,-6.741616],[-70.243012,-6.741481],[-70.24296,-6.741349],[-70.242901,-6.741219],[-70.242837,-6.741092],[-70.242766,-6.740969],[-70.242689,-6.740849],[-70.242606,-6.740733],[-70.242518,-6.740621],[-70.242424,-6.740514],[-70.242326,-6.740411],[-70.242222,-6.740314],[-70.242114,-6.740222],[-70.242001,-6.740135],[-70.241884,-6.740054],[-70.241763,-6.739978],[-70.241639,-6.739909],[-70.241511,-6.739846],[-70.241381,-6.739789],[-70.241248,-6.739739],[-70.241112,-6.739695],[-70.240975,-6.739658],[-70.240835,-6.739628],[-70.240695,-6.739604],[-70.240554,-6.739588],[-70.240412,-6.739578],[-70.240269,-6.739576],[-70.240127,-6.739581],[-70.239985,-6.739592],[-70.239844,-6.739611],[-70.239704,-6.739636],[-70.239565,-6.739668],[-70.239428,-6.739707],[-70.239293,-6.739753],[-70.239161,-6.739806],[-70.239031,-6.739864],[-70.238905,-6.739929],[-70.238781,-6.740001],[-70.237576,-6.740737],[-70.237385,-6.740857],[-70.237197,-6.740981],[-70.237013,-6.74111],[-70.236832,-6.741244],[-70.236654,-6.741382],[-70.23648,-6.741524],[-70.236309,-6.741671],[-70.229473,-6.747697],[-70.229343,-6.747808],[-70.229208,-6.747912],[-70.229069,-6.748011],[-70.228927,-6.748105],[-70.22878,-6.748192],[-70.228631,-6.748273],[-70.228478,-6.748348],[-70.228322,-6.748417],[-70.228163,-6.748479],[-70.228002,-6.748535],[-70.227839,-6.748584],[-70.227673,-6.748627],[-70.227507,-6.748662],[-70.227339,-6.748691],[-70.22717,-6.748713],[-70.227,-6.748728],[-70.22683,-6.748736],[-70.226659,-6.748737],[-70.224967,-6.748712],[-70.224824,-6.748713],[-70.224682,-6.748722],[-70.22454,-6.748737],[-70.224399,-6.74876],[-70.224259,-6.748789],[-70.224121,-6.748825],[-70.223985,-6.748868],[-70.223852,-6.748918],[-70.22372,-6.748974],[-70.223592,-6.749036],[-70.223467,-6.749105],[-70.223346,-6.74918],[-70.223228,-6.74926],[-70.223115,-6.749347],[-70.223005,-6.749439],[-70.222901,-6.749536],[-70.222801,-6.749638],[-70.222707,-6.749745],[-70.222618,-6.749856],[-70.222535,-6.749972],[-70.222457,-6.750091],[-70.222385,-6.750215],[-70.22232,-6.750341],[-70.222261,-6.750471],[-70.222208,-6.750604],[-70.222162,-6.750739],[-70.222123,-6.750876],[-70.22209,-6.751015],[-70.222064,-6.751155],[-70.222046,-6.751296],[-70.222034,-6.751438],[-70.222029,-6.751581],[-70.222031,-6.751723],[-70.222041,-6.751866],[-70.222057,-6.752007],[-70.22208,-6.752148],[-70.222111,-6.752288],[-70.222148,-6.752425],[-70.222191,-6.752561],[-70.222242,-6.752694],[-70.222299,-6.752825],[-70.222362,-6.752953],[-70.222431,-6.753077],[-70.222507,-6.753198],[-70.222588,-6.753316],[-70.222675,-6.753428],[-70.222768,-6.753537],[-70.222866,-6.753641],[-70.224306,-6.755097],[-70.224477,-6.755274],[-70.224643,-6.755456],[-70.224804,-6.755642],[-70.224959,-6.755833],[-70.22511,-6.756028],[-70.225255,-6.756227],[-70.225394,-6.756429],[-70.225528,-6.756636],[-70.225657,-6.756846],[-70.225779,-6.757059],[-70.225896,-6.757276],[-70.226007,-6.757495],[-70.226112,-6.757718],[-70.22621,-6.757944],[-70.226303,-6.758172],[-70.226389,-6.758402],[-70.226469,-6.758635],[-70.226543,-6.75887],[-70.22661,-6.759106],[-70.226671,-6.759345],[-70.226725,-6.759585],[-70.226773,-6.759826],[-70.226814,-6.760069],[-70.226848,-6.760313],[-70.226876,-6.760557],[-70.227206,-6.763863],[-70.227227,-6.764102],[-70.22724,-6.764342],[-70.227246,-6.764582],[-70.227245,-6.764822],[-70.227236,-6.765062],[-70.227221,-6.765302],[-70.227198,-6.765541],[-70.227169,-6.765779],[-70.227132,-6.766016],[-70.227088,-6.766252],[-70.227037,-6.766487],[-70.226979,-6.76672],[-70.226914,-6.766951],[-70.226843,-6.76718],[-70.226764,-6.767407],[-70.226679,-6.767632],[-70.226587,-6.767853],[-70.226489,-6.768072],[-70.226384,-6.768288],[-70.226272,-6.768501],[-70.226155,-6.76871],[-70.226031,-6.768916],[-70.225901,-6.769118],[-70.225765,-6.769316],[-70.225623,-6.76951],[-70.225476,-6.769699],[-70.225323,-6.769884],[-70.225164,-6.770065],[-70.225,-6.77024],[-70.224831,-6.770411],[-70.224657,-6.770576],[-70.224478,-6.770737],[-70.224295,-6.770892],[-70.224107,-6.771041],[-70.223914,-6.771185],[-70.223718,-6.771322],[-70.223517,-6.771454],[-70.223312,-6.77158],[-70.223104,-6.7717],[-70.222893,-6.771813],[-70.222678,-6.77192],[-70.22246,-6.772021],[-70.222239,-6.772115],[-70.222015,-6.772202],[-70.221789,-6.772283],[-70.22156,-6.772357],[-70.22133,-6.772424],[-70.221097,-6.772484],[-70.220863,-6.772538],[-70.220627,-6.772584],[-70.22039,-6.772623],[-70.220152,-6.772655],[-70.219913,-6.77268],[-70.219674,-6.772698],[-70.219434,-6.772709],[-70.219194,-6.772712],[-70.218954,-6.772709],[-70.218714,-6.772698],[-70.218474,-6.77268],[-70.218235,-6.772655],[-70.217997,-6.772623],[-70.21776,-6.772584],[-70.217525,-6.772538],[-70.21729,-6.772484],[-70.217058,-6.772424],[-70.216827,-6.772357],[-70.216599,-6.772283],[-70.216373,-6.772202],[-70.216149,-6.772115],[-70.215928,-6.77202],[-70.214085,-6.771203],[-70.213868,-6.771103],[-70.213653,-6.770997],[-70.213441,-6.770886],[-70.213231,-6.770769],[-70.213025,-6.770646],[-70.212823,-6.770518],[-70.212624,-6.770385],[-70.20716,-6.766623],[-70.206969,-6.766488],[-70.206782,-6.766348],[-70.206598,-6.766204],[-70.206418,-6.766054],[-70.206243,-6.7659],[-70.206071,-6.765742],[-70.205903,-6.765579],[-70.204052,-6.763734],[-70.20387,-6.763558],[-70.203684,-6.763386],[-70.203492,-6.76322],[-70.203296,-6.76306],[-70.203095,-6.762905],[-70.20289,-6.762756],[-70.201003,-6.76142],[-70.200889,-6.761336],[-70.20078,-6.761246],[-70.200675,-6.76115],[-70.200575,-6.76105],[-70.20048,-6.760945],[-70.200391,-6.760836],[-70.200307,-6.760722],[-70.200228,-6.760604],[-70.200155,-6.760483],[-70.200089,-6.760358],[-70.200028,-6.76023],[-70.199974,-6.760099],[-70.199926,-6.759966],[-70.199885,-6.759831],[-70.199851,-6.759694],[-70.199823,-6.759555],[-70.199802,-6.759415],[-70.199788,-6.759274],[-70.199781,-6.759133],[-70.199781,-6.758991],[-70.199787,-6.75885],[-70.199801,-6.758709],[-70.199822,-6.758569],[-70.199849,-6.75843],[-70.199883,-6.758293],[-70.199924,-6.758158],[-70.199971,-6.758024],[-70.200025,-6.757893],[-70.200085,-6.757765],[-70.200151,-6.75764],[-70.200223,-6.757519],[-70.200302,-6.757401],[-70.201164,-6.756166],[-70.201285,-6.755999],[-70.201411,-6.755837],[-70.201543,-6.75568],[-70.20168,-6.755527],[-70.201823,-6.755379],[-70.20197,-6.755236],[-70.202122,-6.755098],[-70.202279,-6.754965],[-70.202441,-6.754838],[-70.202607,-6.754717],[-70.202777,-6.754602],[-70.202951,-6.754492],[-70.203128,-6.754389],[-70.203309,-6.754291],[-70.203493,-6.754201],[-70.203681,-6.754116],[-70.203871,-6.754038],[-70.204064,-6.753967],[-70.204259,-6.753902],[-70.204456,-6.753845],[-70.204655,-6.753794],[-70.204856,-6.75375],[-70.205058,-6.753713],[-70.205261,-6.753683],[-70.208079,-6.753318],[-70.208251,-6.753292],[-70.208422,-6.75326],[-70.208591,-6.75322],[-70.208759,-6.753174],[-70.208925,-6.753121],[-70.209088,-6.753061],[-70.209249,-6.752995],[-70.209407,-6.752923],[-70.209563,-6.752844],[-70.209715,-6.752759],[-70.209863,-6.752668],[-70.210008,-6.752572],[-70.210148,-6.752469],[-70.210285,-6.752361],[-70.210417,-6.752248],[-70.210544,-6.752129],[-70.210667,-6.752005],[-70.210784,-6.751877],[-70.210896,-6.751744],[-70.211003,-6.751607],[-70.211104,-6.751465],[-70.211199,-6.751319],[-70.211289,-6.75117],[-70.211372,-6.751018],[-70.21145,-6.750862],[-70.211521,-6.750703],[-70.211585,-6.750541],[-70.211643,-6.750377],[-70.211695,-6.750211],[-70.211739,-6.750043],[-70.211777,-6.749873],[-70.211808,-6.749702],[-70.211832,-6.749529],[-70.21185,-6.749356],[-70.21186,-6.749183],[-70.211956,-6.746718],[-70.211963,-6.746471],[-70.211962,-6.746223],[-70.211955,-6.745975],[-70.211941,-6.745728],[-70.21192,-6.745481],[-70.211892,-6.745235],[-70.211858,-6.744989],[-70.211817,-6.744745],[-70.211769,-6.744502],[-70.211715,-6.74426],[-70.211654,-6.74402],[-70.211586,-6.743781],[-70.211512,-6.743545],[-70.211432,-6.743311],[-70.209412,-6.737684],[-70.209325,-6.737451],[-70.209231,-6.73722],[-70.209131,-6.736992],[-70.209025,-6.736767],[-70.208913,-6.736544],[-70.208794,-6.736325],[-70.20867,-6.73611],[-70.208539,-6.735898],[-70.208403,-6.735689],[-70.208261,-6.735484],[-70.208114,-6.735284],[-70.207961,-6.735087],[-70.207802,-6.734895],[-70.207639,-6.734707],[-70.20747,-6.734524],[-70.207297,-6.734345],[-70.207118,-6.734172],[-70.206935,-6.734003],[-70.206747,-6.733839],[-70.206555,-6.733681],[-70.206358,-6.733528],[-70.206158,-6.73338],[-70.205953,-6.733238],[-70.205745,-6.733102],[-70.205533,-6.732971],[-70.205317,-6.732847],[-70.205098,-6.732728],[-70.204876,-6.732615],[-70.204651,-6.732509],[-70.204423,-6.732409],[-70.204192,-6.732315],[-70.203959,-6.732227],[-70.203723,-6.732146],[-70.203485,-6.732072],[-70.203246,-6.732004],[-70.203004,-6.731943],[-70.202761,-6.731888],[-70.201254,-6.731571],[-70.201006,-6.731522],[-70.200755,-6.73148],[-70.200504,-6.731445],[-70.200252,-6.731418],[-70.199999,-6.731397],[-70.199746,-6.731383],[-70.199493,-6.731377],[-70.199239,-6.731378],[-70.198986,-6.731385],[-70.198732,-6.7314],[-70.19848,-6.731422],[-70.198228,-6.731451],[-70.197977,-6.731487],[-70.192007,-6.732431],[-70.191794,-6.732462],[-70.191581,-6.732488],[-70.191367,-6.732509],[-70.182533,-6.733267],[-70.182349,-6.733286],[-70.182165,-6.733313],[-70.181983,-6.733346],[-70.181802,-6.733387],[-70.181623,-6.733434],[-70.181446,-6.733489],[-70.181271,-6.73355],[-70.181098,-6.733618],[-70.180928,-6.733693],[-70.180762,-6.733774],[-70.180598,-6.733862],[-70.180438,-6.733955],[-70.180282,-6.734055],[-70.18013,-6.734161],[-70.179982,-6.734273],[-70.179838,-6.73439],[-70.179699,-6.734513],[-70.179565,-6.734641],[-70.179436,-6.734774],[-70.179312,-6.734912],[-70.179194,-6.735055],[-70.179081,-6.735202],[-70.178974,-6.735353],[-70.178873,-6.735508],[-70.178778,-6.735668],[-70.178689,-6.73583],[-70.178607,-6.735997],[-70.178531,-6.736166],[-70.178462,-6.736338],[-70.178399,-6.736512],[-70.178343,-6.736689],[-70.178295,-6.736868],[-70.178253,-6.737048],[-70.178218,-6.73723],[-70.17819,-6.737414],[-70.178169,-6.737598],[-70.178155,-6.737783],[-70.178149,-6.737968],[-70.17815,-6.738153],[-70.178157,-6.738338],[-70.178172,-6.738523],[-70.178195,-6.738707],[-70.178224,-6.73889],[-70.17826,-6.739072],[-70.178303,-6.739252],[-70.178354,-6.739431],[-70.178411,-6.739607],[-70.178475,-6.739781],[-70.178545,-6.739953],[-70.178623,-6.740121],[-70.178706,-6.740287],[-70.178796,-6.740449],[-70.178892,-6.740607],[-70.178994,-6.740762],[-70.179103,-6.740912],[-70.179216,-6.741059],[-70.182601,-6.745239],[-70.182758,-6.745438],[-70.182909,-6.745642],[-70.183055,-6.745849],[-70.183194,-6.746061],[-70.183328,-6.746277],[-70.183455,-6.746496],[-70.183577,-6.746719],[-70.183692,-6.746945],[-70.1838,-6.747174],[-70.183902,-6.747406],[-70.183998,-6.747641],[-70.184087,-6.747879],[-70.184169,-6.748119],[-70.184244,-6.748361],[-70.184313,-6.748605],[-70.184375,-6.748851],[-70.18443,-6.749099],[-70.184478,-6.749348],[-70.184518,-6.749598],[-70.184552,-6.749849],[-70.184579,-6.750102],[-70.184945,-6.754082],[-70.184962,-6.754303],[-70.184972,-6.754524],[-70.184974,-6.754746],[-70.18497,-6.754967],[-70.184958,-6.755189],[-70.18494,-6.755409],[-70.184915,-6.755629],[-70.184882,-6.755848],[-70.184843,-6.756066],[-70.184797,-6.756283],[-70.184743,-6.756498],[-70.184683,-6.756711],[-70.184617,-6.756922],[-70.184543,-6.757131],[-70.184463,-6.757338],[-70.184377,-6.757542],[-70.184284,-6.757743],[-70.184185,-6.75794],[-70.184079,-6.758135],[-70.183967,-6.758326],[-70.18385,-6.758514],[-70.183726,-6.758698],[-70.183596,-6.758878],[-70.183461,-6.759053],[-70.183321,-6.759224],[-70.183175,-6.759391],[-70.183024,-6.759553],[-70.182867,-6.75971],[-70.182706,-6.759862],[-70.18254,-6.760008],[-70.18237,-6.76015],[-70.182195,-6.760286],[-70.182016,-6.760416],[-70.181833,-6.76054],[-70.181645,-6.760659],[-70.181455,-6.760772],[-70.18126,-6.760878],[-70.181063,-6.760978],[-70.180862,-6.761072],[-70.180659,-6.76116],[-70.180453,-6.761241],[-70.180244,-6.761315],[-70.180033,-6.761383],[-70.17982,-6.761444],[-70.179605,-6.761498],[-70.179389,-6.761546],[-70.179171,-6.761586],[-70.178952,-6.76162],[-70.178732,-6.761646],[-70.178511,-6.761666],[-70.17829,-6.761678],[-70.178069,-6.761684],[-70.177847,-6.761682],[-70.177626,-6.761673],[-70.177405,-6.761658],[-70.177185,-6.761635],[-70.176965,-6.761605],[-70.176747,-6.761569],[-70.172569,-6.7608],[-70.172322,-6.760751],[-70.172077,-6.760695],[-70.171834,-6.760633],[-70.171592,-6.760563],[-70.171352,-6.760487],[-70.171115,-6.760405],[-70.17088,-6.760316],[-70.170648,-6.76022],[-70.170418,-6.760118],[-70.170191,-6.76001],[-70.169968,-6.759895],[-70.169747,-6.759774],[-70.16953,-6.759647],[-70.169317,-6.759514],[-70.169107,-6.759376],[-70.168902,-6.759231],[-70.1687,-6.759081],[-70.168503,-6.758926],[-70.16831,-6.758764],[-70.168122,-6.758598],[-70.167938,-6.758426],[-70.167759,-6.75825],[-70.167586,-6.758068],[-70.167417,-6.757882],[-70.167253,-6.757691],[-70.165141,-6.755155],[-70.164997,-6.754976],[-70.164858,-6.754793],[-70.164726,-6.754605],[-70.164599,-6.754414],[-70.164478,-6.754218],[-70.164364,-6.754019],[-70.164255,-6.753816],[-70.164153,-6.75361],[-70.164058,-6.753401],[-70.163969,-6.753189],[-70.163887,-6.752974],[-70.163812,-6.752757],[-70.163744,-6.752538],[-70.163332,-6.75114],[-70.16327,-6.750942],[-70.163201,-6.750745],[-70.163125,-6.750552],[-70.163043,-6.75036],[-70.162954,-6.750172],[-70.162859,-6.749987],[-70.162757,-6.749806],[-70.162649,-6.749628],[-70.162536,-6.749453],[-70.162416,-6.749283],[-70.16229,-6.749117],[-70.162159,-6.748955],[-70.162023,-6.748798],[-70.161881,-6.748646],[-70.161734,-6.748499],[-70.161582,-6.748357],[-70.161425,-6.74822],[-70.161264,-6.748088],[-70.161098,-6.747963],[-70.160928,-6.747843],[-70.160754,-6.747729],[-70.160576,-6.74762],[-70.160394,-6.747519],[-70.160209,-6.747423],[-70.160021,-6.747334],[-70.15983,-6.747251],[-70.159637,-6.747175],[-70.15944,-6.747106],[-70.159242,-6.747043],[-70.159041,-6.746987],[-70.158839,-6.746938],[-70.158635,-6.746897],[-70.15843,-6.746862],[-70.158224,-6.746834],[-70.158016,-6.746813],[-70.157809,-6.7468],[-70.157601,-6.746793],[-70.157392,-6.746794],[-70.153942,-6.746865],[-70.153693,-6.746874],[-70.153445,-6.746889],[-70.153197,-6.746911],[-70.15295,-6.74694],[-70.152704,-6.746976],[-70.152459,-6.747018],[-70.152215,-6.747068],[-70.151972,-6.747124],[-70.151731,-6.747186],[-70.151492,-6.747255],[-70.151255,-6.747331],[-70.15102,-6.747413],[-70.150788,-6.747502],[-70.150558,-6.747597],[-70.150331,-6.747698],[-70.150106,-6.747806],[-70.149885,-6.74792],[-70.149667,-6.748039],[-70.149452,-6.748165],[-70.149241,-6.748297],[-70.149033,-6.748434],[-70.148829,-6.748577],[-70.14863,-6.748725],[-70.144391,-6.751968],[-70.144275,-6.752052],[-70.144156,-6.75213],[-70.144033,-6.752202],[-70.143907,-6.752268],[-70.143777,-6.752328],[-70.143645,-6.752381],[-70.14351,-6.752428],[-70.143373,-6.752468],[-70.143235,-6.752501],[-70.143095,-6.752527],[-70.142953,-6.752546],[-70.142811,-6.752559],[-70.142669,-6.752564],[-70.142526,-6.752562],[-70.142384,-6.752554],[-70.142242,-6.752538],[-70.142102,-6.752516],[-70.141962,-6.752486],[-70.141824,-6.75245],[-70.141688,-6.752407],[-70.141555,-6.752357],[-70.141424,-6.752301],[-70.141296,-6.752238],[-70.141171,-6.752169],[-70.14105,-6.752094],[-70.140932,-6.752014],[-70.140819,-6.751927],[-70.14071,-6.751835],[-70.140606,-6.751738],[-70.140506,-6.751636],[-70.140412,-6.751529],[-70.140323,-6.751418],[-70.14024,-6.751302],[-70.140163,-6.751182],[-70.140091,-6.751059],[-70.140026,-6.750933],[-70.139967,-6.750803],[-70.139397,-6.749463],[-70.139344,-6.749329],[-70.139298,-6.749194],[-70.139258,-6.749056],[-70.139226,-6.748916],[-70.1392,-6.748775],[-70.139182,-6.748633],[-70.13917,-6.74849],[-70.139166,-6.748346],[-70.139169,-6.748203],[-70.139178,-6.74806],[-70.139195,-6.747918],[-70.139219,-6.747776],[-70.13925,-6.747636],[-70.139288,-6.747498],[-70.139333,-6.747362],[-70.139384,-6.747228],[-70.139442,-6.747096],[-70.139506,-6.746968],[-70.139577,-6.746843],[-70.139654,-6.746722],[-70.139736,-6.746605],[-70.139825,-6.746492],[-70.139918,-6.746384],[-70.140017,-6.74628],[-70.140122,-6.746181],[-70.14023,-6.746088],[-70.140344,-6.746],[-70.140461,-6.745918],[-70.140583,-6.745841],[-70.140708,-6.745771],[-70.140836,-6.745707],[-70.140968,-6.74565],[-70.141102,-6.745599],[-70.141238,-6.745555],[-70.141377,-6.745518],[-70.143991,-6.744882],[-70.144166,-6.744843],[-70.144341,-6.744808],[-70.144517,-6.744779],[-70.149338,-6.744061],[-70.149522,-6.74403],[-70.149705,-6.743992],[-70.149886,-6.743948],[-70.150065,-6.743896],[-70.150242,-6.743838],[-70.150417,-6.743773],[-70.150589,-6.743702],[-70.150759,-6.743625],[-70.150925,-6.743541],[-70.151089,-6.743451],[-70.151248,-6.743354],[-70.151404,-6.743252],[-70.151556,-6.743144],[-70.151704,-6.743031],[-70.153625,-6.741499],[-70.153798,-6.741357],[-70.153968,-6.741211],[-70.154134,-6.741061],[-70.154296,-6.740907],[-70.154454,-6.740749],[-70.154609,-6.740587],[-70.154759,-6.740421],[-70.154905,-6.740252],[-70.15876,-6.735671],[-70.158888,-6.735513],[-70.159011,-6.735351],[-70.159128,-6.735185],[-70.159239,-6.735015],[-70.159345,-6.734841],[-70.159444,-6.734663],[-70.159537,-6.734483],[-70.159624,-6.734299],[-70.159705,-6.734112],[-70.159779,-6.733923],[-70.159847,-6.733731],[-70.159908,-6.733537],[-70.159962,-6.733341],[-70.16001,-6.733143],[-70.16005,-6.732944],[-70.160084,-6.732744],[-70.160111,-6.732542],[-70.160131,-6.73234],[-70.160144,-6.732137],[-70.16015,-6.731934],[-70.160149,-6.73173],[-70.160142,-6.731527],[-70.160127,-6.731324],[-70.160105,-6.731122],[-70.160076,-6.730921],[-70.160041,-6.730721],[-70.159998,-6.730522],[-70.159949,-6.730325],[-70.159893,-6.730129],[-70.15983,-6.729936],[-70.159761,-6.729745],[-70.159685,-6.729556],[-70.159603,-6.72937],[-70.159515,-6.729187],[-70.15942,-6.729007],[-70.159319,-6.72883],[-70.158548,-6.727535],[-70.158419,-6.727323],[-70.158283,-6.727116],[-70.158142,-6.726912],[-70.157996,-6.726712],[-70.157844,-6.726516],[-70.157687,-6.726324],[-70.157524,-6.726137],[-70.157357,-6.725954],[-70.157184,-6.725776],[-70.157007,-6.725603],[-70.156825,-6.725434],[-70.156638,-6.725271],[-70.156447,-6.725113],[-70.156252,-6.72496],[-70.156053,-6.724813],[-70.15585,-6.724671],[-70.153312,-6.72295],[-70.153201,-6.72287],[-70.153093,-6.722786],[-70.15299,-6.722696],[-70.152891,-6.722602],[-70.152796,-6.722503],[-70.152706,-6.7224],[-70.152622,-6.722292],[-70.152542,-6.722181],[-70.152468,-6.722066],[-70.152399,-6.721948],[-70.152336,-6.721826],[-70.152279,-6.721702],[-70.152228,-6.721575],[-70.152183,-6.721446],[-70.152144,-6.721315],[-70.152111,-6.721182],[-70.152084,-6.721048],[-70.151826,-6.719557],[-70.151801,-6.719392],[-70.151782,-6.719225],[-70.151769,-6.719058],[-70.151763,-6.718891],[-70.151764,-6.718724],[-70.15177,-6.718557],[-70.151784,-6.71839],[-70.151803,-6.718223],[-70.15183,-6.718058],[-70.151862,-6.717894],[-70.151901,-6.717731],[-70.151946,-6.71757],[-70.151997,-6.717411],[-70.152054,-6.717253],[-70.152117,-6.717098],[-70.152187,-6.716946],[-70.152262,-6.716796],[-70.152342,-6.71665],[-70.153173,-6.715209],[-70.153287,-6.715017],[-70.153408,-6.714828],[-70.153534,-6.714643],[-70.153665,-6.714462],[-70.153802,-6.714285],[-70.153945,-6.714113],[-70.154092,-6.713944],[-70.154244,-6.71378],[-70.154402,-6.713621],[-70.154564,-6.713467],[-70.15473,-6.713317],[-70.154901,-6.713173],[-70.155076,-6.713034],[-70.155256,-6.7129],[-70.155439,-6.712772],[-70.155626,-6.712649],[-70.155817,-6.712532],[-70.156011,-6.712421],[-70.156209,-6.712316],[-70.158364,-6.711208],[-70.15849,-6.711139],[-70.158612,-6.711064],[-70.158731,-6.710983],[-70.158845,-6.710897],[-70.158955,-6.710805],[-70.15906,-6.710708],[-70.15916,-6.710605],[-70.159255,-6.710498],[-70.159345,-6.710386],[-70.159429,-6.71027],[-70.159507,-6.71015],[-70.159579,-6.710026],[-70.159645,-6.709899],[-70.159704,-6.709768],[-70.159757,-6.709635],[-70.159803,-6.709499],[-70.159843,-6.709362],[-70.159875,-6.709222],[-70.159901,-6.709081],[-70.15992,-6.708939],[-70.159931,-6.708796],[-70.159936,-6.708653],[-70.159933,-6.70851],[-70.159923,-6.708367],[-70.159907,-6.708225],[-70.159883,-6.708083],[-70.159852,-6.707944],[-70.159815,-6.707805],[-70.15977,-6.707669],[-70.159719,-6.707535],[-70.159661,-6.707404],[-70.159597,-6.707276],[-70.159527,-6.707151],[-70.159451,-6.70703],[-70.159368,-6.706913],[-70.15928,-6.7068],[-70.159187,-6.706691],[-70.159088,-6.706587],[-70.158984,-6.706488],[-70.158876,-6.706395],[-70.158762,-6.706307],[-70.158645,-6.706225],[-70.158524,-6.706148],[-70.158399,-6.706078],[-70.158271,-6.706014],[-70.15814,-6.705956],[-70.158006,-6.705905],[-70.15787,-6.705861],[-70.157731,-6.705823],[-70.157591,-6.705792],[-70.15745,-6.705769],[-70.157308,-6.705752],[-70.157165,-6.705742],[-70.157021,-6.70574],[-70.156878,-6.705744],[-70.156735,-6.705756],[-70.15476,-6.705965],[-70.154542,-6.705992],[-70.154326,-6.706025],[-70.15411,-6.706064],[-70.153896,-6.70611],[-70.153683,-6.706162],[-70.153472,-6.70622],[-70.153262,-6.706285],[-70.153055,-6.706356],[-70.151118,-6.707052],[-70.150879,-6.707141],[-70.150643,-6.707238],[-70.15041,-6.707341],[-70.15018,-6.70745],[-70.149952,-6.707566],[-70.149729,-6.707688],[-70.149508,-6.707817],[-70.149292,-6.707951],[-70.149079,-6.708092],[-70.14887,-6.708239],[-70.148666,-6.708391],[-70.148466,-6.70855],[-70.14827,-6.708713],[-70.148079,-6.708883],[-70.146738,-6.710107],[-70.146562,-6.710272],[-70.146391,-6.710443],[-70.146225,-6.710618],[-70.146064,-6.710799],[-70.145909,-6.710984],[-70.145759,-6.711173],[-70.145615,-6.711367],[-70.145477,-6.711566],[-70.145345,-6.711768],[-70.145219,-6.711974],[-70.145099,-6.712183],[-70.144985,-6.712396],[-70.144878,-6.712613],[-70.144777,-6.712832],[-70.144683,-6.713055],[-70.144595,-6.71328],[-70.144515,-6.713507],[-70.14444,-6.713737],[-70.144373,-6.713969],[-70.144313,-6.714203],[-70.144259,-6.714439],[-70.144213,-6.714676],[-70.144174,-6.714914],[-70.144142,-6.715153],[-70.144116,-6.715393],[-70.144098,-6.715634],[-70.144088,-6.715876],[-70.144021,-6.718083],[-70.144017,-6.718326],[-70.14402,-6.718568],[-70.144029,-6.718811],[-70.144044,-6.719053],[-70.144066,-6.719294],[-70.144095,-6.719535],[-70.14413,-6.719775],[-70.144171,-6.720014],[-70.144633,-6.722487],[-70.144674,-6.722729],[-70.14471,-6.722971],[-70.144738,-6.723215],[-70.14476,-6.723459],[-70.144775,-6.723704],[-70.144784,-6.723949],[-70.144786,-6.724194],[-70.144782,-6.724439],[-70.14477,-6.724684],[-70.144752,-6.724929],[-70.144527,-6.727518],[-70.144502,-6.727768],[-70.14447,-6.728017],[-70.144431,-6.728264],[-70.144385,-6.728511],[-70.144333,-6.728756],[-70.144273,-6.729],[-70.144207,-6.729242],[-70.144134,-6.729482],[-70.144055,-6.72972],[-70.143969,-6.729955],[-70.143876,-6.730189],[-70.143777,-6.730419],[-70.143672,-6.730647],[-70.14356,-6.730871],[-70.143442,-6.731093],[-70.143318,-6.731311],[-70.143189,-6.731526],[-70.143053,-6.731737],[-70.142911,-6.731944],[-70.142764,-6.732147],[-70.142611,-6.732346],[-70.142453,-6.73254],[-70.142289,-6.73273],[-70.14212,-6.732916],[-70.141946,-6.733097],[-70.141767,-6.733272],[-70.139639,-6.735307],[-70.139514,-6.735429],[-70.139391,-6.735553],[-70.139271,-6.735679],[-70.135174,-6.740077],[-70.135044,-6.74022],[-70.134917,-6.740365],[-70.134793,-6.740513],[-70.132056,-6.743856],[-70.131901,-6.744041],[-70.13174,-6.744221],[-70.131575,-6.744397],[-70.131405,-6.744568],[-70.13123,-6.744734],[-70.13105,-6.744896],[-70.130867,-6.745052],[-70.130678,-6.745203],[-70.130486,-6.745349],[-70.13029,-6.74549],[-70.13009,-6.745625],[-70.129887,-6.745755],[-70.129679,-6.745878],[-70.129469,-6.745996],[-70.129255,-6.746109],[-70.129039,-6.746215],[-70.128819,-6.746315],[-70.128597,-6.746409],[-70.128372,-6.746497],[-70.128145,-6.746579],[-70.127916,-6.746655],[-70.127684,-6.746724],[-70.127451,-6.746786],[-70.122223,-6.748113],[-70.121977,-6.748179],[-70.121733,-6.748252],[-70.121492,-6.748332],[-70.121253,-6.748419],[-70.121016,-6.748512],[-70.120782,-6.748611],[-70.120551,-6.748718],[-70.120324,-6.74883],[-70.120099,-6.74895],[-70.119878,-6.749075],[-70.11966,-6.749206],[-70.119446,-6.749344],[-70.119236,-6.749488],[-70.119031,-6.749637],[-70.118829,-6.749792],[-70.118632,-6.749953],[-70.11844,-6.750119],[-70.118252,-6.75029],[-70.118069,-6.750467],[-70.117891,-6.750649],[-70.117719,-6.750835],[-70.117552,-6.751027],[-70.11739,-6.751223],[-70.117234,-6.751424],[-70.117083,-6.751628],[-70.116938,-6.751837],[-70.1168,-6.75205],[-70.116667,-6.752267],[-70.11654,-6.752488],[-70.11642,-6.752712],[-70.116306,-6.752939],[-70.115499,-6.754605],[-70.115402,-6.754812],[-70.115311,-6.755021],[-70.115224,-6.755232],[-70.115143,-6.755446],[-70.115068,-6.755662],[-70.114997,-6.755879],[-70.114933,-6.756098],[-70.114232,-6.758591],[-70.114182,-6.758756],[-70.114125,-6.758919],[-70.114061,-6.759079],[-70.113991,-6.759236],[-70.113915,-6.759391],[-70.113832,-6.759542],[-70.113743,-6.759689],[-70.113648,-6.759833],[-70.113547,-6.759972],[-70.11344,-6.760108],[-70.113328,-6.760238],[-70.11321,-6.760364],[-70.113088,-6.760485],[-70.11296,-6.760601],[-70.112828,-6.760712],[-70.112691,-6.760817],[-70.112551,-6.760916],[-70.112406,-6.761009],[-70.112257,-6.761096],[-70.112105,-6.761177],[-70.11195,-6.761252],[-70.111791,-6.76132],[-70.11163,-6.761382],[-70.111467,-6.761436],[-70.111302,-6.761484],[-70.111134,-6.761525],[-70.110965,-6.76156],[-70.110795,-6.761587],[-70.110624,-6.761607],[-70.110452,-6.76162],[-70.11028,-6.761626],[-70.110108,-6.761624],[-70.109936,-6.761616],[-70.109764,-6.7616],[-70.109593,-6.761578],[-70.109423,-6.761548],[-70.109255,-6.761511],[-70.109088,-6.761468],[-70.108924,-6.761417],[-70.108761,-6.76136],[-70.108601,-6.761296],[-70.108444,-6.761226],[-70.10829,-6.761149],[-70.108139,-6.761066],[-70.107992,-6.760976],[-70.107848,-6.760881],[-70.107709,-6.760779],[-70.107574,-6.760672],[-70.107443,-6.76056],[-70.107317,-6.760442],[-70.107197,-6.760319],[-70.107081,-6.760192],[-70.106971,-6.760059],[-70.106866,-6.759922],[-70.106767,-6.759781],[-70.106675,-6.759636],[-70.106588,-6.759487],[-70.106507,-6.759335],[-70.106433,-6.75918],[-70.106365,-6.759021],[-70.105053,-6.755768],[-70.104964,-6.755539],[-70.104882,-6.755309],[-70.104806,-6.755076],[-70.104736,-6.754841],[-70.104673,-6.754605],[-70.104616,-6.754367],[-70.104566,-6.754127],[-70.104522,-6.753886],[-70.104485,-6.753644],[-70.104454,-6.753402],[-70.10443,-6.753158],[-70.104412,-6.752914],[-70.104401,-6.752669],[-70.104397,-6.752424],[-70.104399,-6.75218],[-70.10448,-6.74862],[-70.104488,-6.748403],[-70.1045,-6.748186],[-70.104518,-6.747969],[-70.104542,-6.747753],[-70.10457,-6.747538],[-70.105564,-6.740639],[-70.105598,-6.740421],[-70.105637,-6.740205],[-70.105682,-6.739989],[-70.105731,-6.739774],[-70.105786,-6.739561],[-70.105847,-6.739349],[-70.106664,-6.736603],[-70.106708,-6.736467],[-70.106759,-6.736333],[-70.106816,-6.736202],[-70.10688,-6.736074],[-70.10695,-6.735949],[-70.107026,-6.735828],[-70.107108,-6.735711],[-70.107195,-6.735598],[-70.107288,-6.73549],[-70.107387,-6.735386],[-70.10749,-6.735287],[-70.107598,-6.735194],[-70.107711,-6.735105],[-70.107828,-6.735023],[-70.107948,-6.734946],[-70.108073,-6.734876],[-70.1082,-6.734812],[-70.108331,-6.734754],[-70.108465,-6.734702],[-70.1086,-6.734657],[-70.108738,-6.734619],[-70.108878,-6.734588],[-70.109019,-6.734564],[-70.109161,-6.734547],[-70.109303,-6.734537],[-70.109446,-6.734534],[-70.109589,-6.734537],[-70.109732,-6.734548],[-70.109874,-6.734566],[-70.110015,-6.734591],[-70.110154,-6.734623],[-70.110292,-6.734662],[-70.110427,-6.734707],[-70.11056,-6.73476],[-70.110691,-6.734818],[-70.110818,-6.734883],[-70.110942,-6.734954],[-70.111062,-6.735032],[-70.111179,-6.735115],[-70.111291,-6.735203],[-70.111399,-6.735298],[-70.111501,-6.735397],[-70.111599,-6.735501],[-70.112728,-6.736766],[-70.112834,-6.736889],[-70.112936,-6.737016],[-70.113033,-6.737146],[-70.113127,-6.737279],[-70.113215,-6.737415],[-70.113299,-6.737555],[-70.11434,-6.739351],[-70.114453,-6.739539],[-70.114572,-6.739724],[-70.114697,-6.739904],[-70.114829,-6.74008],[-70.114965,-6.740252],[-70.115108,-6.740419],[-70.115256,-6.740582],[-70.115409,-6.740739],[-70.115567,-6.740891],[-70.11573,-6.741039],[-70.115898,-6.74118],[-70.11607,-6.741316],[-70.116247,-6.741447],[-70.116428,-6.741571],[-70.116613,-6.74169],[-70.116801,-6.741802],[-70.116994,-6.741908],[-70.117189,-6.742008],[-70.117388,-6.742101],[-70.11759,-6.742188],[-70.117794,-6.742268],[-70.118002,-6.742341],[-70.118211,-6.742408],[-70.118422,-6.742467],[-70.118635,-6.74252],[-70.11885,-6.742566],[-70.119067,-6.742604],[-70.119284,-6.742636],[-70.119502,-6.74266],[-70.119721,-6.742677],[-70.119941,-6.742687],[-70.12016,-6.74269],[-70.12038,-6.742685],[-70.120599,-6.742673],[-70.120818,-6.742655],[-70.121036,-6.742628],[-70.121253,-6.742595],[-70.121469,-6.742555],[-70.121684,-6.742508],[-70.121896,-6.742453],[-70.122107,-6.742392],[-70.122316,-6.742324],[-70.122523,-6.742249],[-70.122726,-6.742167],[-70.122928,-6.742079],[-70.123126,-6.741984],[-70.12332,-6.741882],[-70.123512,-6.741775],[-70.1237,-6.741661],[-70.123884,-6.741541],[-70.124064,-6.741415],[-70.124239,-6.741283],[-70.12441,-6.741146],[-70.124577,-6.741002],[-70.124739,-6.740854],[-70.124896,-6.7407],[-70.125048,-6.740542],[-70.125194,-6.740378],[-70.125335,-6.74021],[-70.125471,-6.740037],[-70.126549,-6.738613],[-70.126691,-6.73842],[-70.126828,-6.738223],[-70.12696,-6.738023],[-70.127086,-6.737819],[-70.127207,-6.737612],[-70.127323,-6.737402],[-70.127433,-6.737189],[-70.127537,-6.736973],[-70.127635,-6.736754],[-70.127728,-6.736533],[-70.127815,-6.736309],[-70.127895,-6.736083],[-70.128869,-6.733238],[-70.128947,-6.733001],[-70.129018,-6.732762],[-70.129082,-6.732521],[-70.12914,-6.732278],[-70.129191,-6.732034],[-70.129235,-6.731788],[-70.129273,-6.731541],[-70.129303,-6.731293],[-70.129716,-6.727528],[-70.129739,-6.72728],[-70.129756,-6.72703],[-70.129766,-6.726781],[-70.129769,-6.726531],[-70.129766,-6.726282],[-70.129755,-6.726032],[-70.129737,-6.725783],[-70.129713,-6.725535],[-70.129682,-6.725287],[-70.129643,-6.725041],[-70.129599,-6.724795],[-70.129547,-6.724551],[-70.129489,-6.724308],[-70.129153,-6.722994],[-70.129103,-6.722812],[-70.129046,-6.722633],[-70.128983,-6.722456],[-70.128912,-6.722281],[-70.128836,-6.722109],[-70.128752,-6.72194],[-70.128663,-6.721774],[-70.128567,-6.721612],[-70.128465,-6.721454],[-70.128357,-6.721299],[-70.128244,-6.721149],[-70.128124,-6.721003],[-70.128,-6.720862],[-70.12787,-6.720726],[-70.127735,-6.720594],[-70.127595,-6.720468],[-70.12745,-6.720347],[-70.127301,-6.720232],[-70.127148,-6.720123],[-70.126991,-6.720019],[-70.12683,-6.719921],[-70.126665,-6.71983],[-70.126497,-6.719745],[-70.126326,-6.719666],[-70.126152,-6.719594],[-70.125975,-6.719528],[-70.125796,-6.71947],[-70.125615,-6.719418],[-70.125432,-6.719372],[-70.125248,-6.719334],[-70.125062,-6.719303],[-70.124875,-6.719279],[-70.124688,-6.719262],[-70.1245,-6.719252],[-70.124311,-6.719249],[-70.124123,-6.719254],[-70.123935,-6.719265],[-70.123747,-6.719284],[-70.123561,-6.719309],[-70.123375,-6.719342],[-70.123191,-6.719382],[-70.123009,-6.719428],[-70.122828,-6.719482],[-70.12265,-6.719542],[-70.122474,-6.719609],[-70.1223,-6.719683],[-70.12213,-6.719763],[-70.121962,-6.719849],[-70.119592,-6.721133],[-70.119373,-6.721248],[-70.119151,-6.721356],[-70.118926,-6.721459],[-70.118698,-6.721555],[-70.118468,-6.721646],[-70.114188,-6.723254],[-70.113952,-6.723339],[-70.113715,-6.723417],[-70.113475,-6.723489],[-70.113233,-6.723554],[-70.11299,-6.723612],[-70.112745,-6.723664],[-70.112498,-6.723709],[-70.112251,-6.723747],[-70.112002,-6.723778],[-70.111753,-6.723802],[-70.111503,-6.723819],[-70.111253,-6.72383],[-70.111003,-6.723833],[-70.110753,-6.723829],[-70.110502,-6.723819],[-70.110253,-6.723802],[-70.110003,-6.723777],[-70.109755,-6.723746],[-70.109508,-6.723708],[-70.109261,-6.723664],[-70.109016,-6.723612],[-70.108773,-6.723554],[-70.108531,-6.723489],[-70.108291,-6.723417],[-70.108053,-6.723338],[-70.107818,-6.723254],[-70.107585,-6.723162],[-70.107354,-6.723064],[-70.107127,-6.72296],[-70.106902,-6.72285],[-70.10668,-6.722733],[-70.106462,-6.722611],[-70.106247,-6.722482],[-70.106036,-6.722347],[-70.105829,-6.722207],[-70.105626,-6.722061],[-70.105426,-6.72191],[-70.105231,-6.721752],[-70.105041,-6.72159],[-70.104855,-6.721423],[-70.104674,-6.72125],[-70.104497,-6.721072],[-70.104326,-6.72089],[-70.10416,-6.720703],[-70.100634,-6.716624],[-70.100502,-6.716476],[-70.100368,-6.71633],[-70.10023,-6.716188],[-70.10009,-6.716048],[-70.097317,-6.713358],[-70.097154,-6.713204],[-70.096986,-6.713055],[-70.096815,-6.712912],[-70.096639,-6.712773],[-70.096459,-6.712639],[-70.096276,-6.712511],[-70.096088,-6.712388],[-70.095898,-6.71227],[-70.095704,-6.712159],[-70.095506,-6.712053],[-70.095306,-6.711952],[-70.095103,-6.711858],[-70.094897,-6.711769],[-70.094689,-6.711687],[-70.094479,-6.71161],[-70.094266,-6.71154],[-70.094051,-6.711476],[-70.092654,-6.711081],[-70.092461,-6.711031],[-70.092266,-6.710986],[-70.092071,-6.710948],[-70.091874,-6.710917],[-70.091676,-6.710892],[-70.091477,-6.710874],[-70.091278,-6.710863],[-70.091079,-6.710859],[-70.09088,-6.710861],[-70.09068,-6.71087],[-70.090482,-6.710885],[-70.090284,-6.710907],[-70.090086,-6.710936],[-70.08989,-6.710972],[-70.089695,-6.711014],[-70.089502,-6.711062],[-70.08931,-6.711117],[-70.089121,-6.711179],[-70.088933,-6.711247],[-70.086561,-6.71215],[-70.08642,-6.712207],[-70.086281,-6.712271],[-70.086144,-6.71234],[-70.086011,-6.712415],[-70.085881,-6.712495],[-70.085755,-6.712581],[-70.085632,-6.712672],[-70.085513,-6.712768],[-70.085399,-6.712869],[-70.085289,-6.712975],[-70.085183,-6.713085],[-70.085082,-6.7132],[-70.084986,-6.713319],[-70.084895,-6.713441],[-70.08481,-6.713568],[-70.08473,-6.713698],[-70.084655,-6.713831],[-70.084586,-6.713968],[-70.083957,-6.71528],[-70.083862,-6.715487],[-70.083773,-6.715697],[-70.083691,-6.715909],[-70.083616,-6.716124],[-70.083547,-6.716342],[-70.083485,-6.716561],[-70.08343,-6.716782],[-70.083382,-6.717005],[-70.083341,-6.717229],[-70.083307,-6.717455],[-70.083281,-6.717681],[-70.082803,-6.722324],[-70.082783,-6.72255],[-70.082768,-6.722777],[-70.082759,-6.723003],[-70.082756,-6.72323],[-70.082758,-6.723457],[-70.082766,-6.723683],[-70.08278,-6.72391],[-70.082799,-6.724135],[-70.08297,-6.725867],[-70.08298,-6.726011],[-70.082984,-6.726156],[-70.08298,-6.726302],[-70.08297,-6.726446],[-70.082952,-6.72659],[-70.082927,-6.726733],[-70.082895,-6.726875],[-70.082856,-6.727015],[-70.082811,-6.727153],[-70.082758,-6.727288],[-70.082699,-6.727421],[-70.082634,-6.72755],[-70.082562,-6.727676],[-70.082485,-6.727799],[-70.082401,-6.727918],[-70.082312,-6.728032],[-70.082217,-6.728142],[-70.082116,-6.728247],[-70.082011,-6.728347],[-70.080955,-6.729302],[-70.080803,-6.729434],[-70.080647,-6.729561],[-70.080487,-6.729683],[-70.080323,-6.729799],[-70.080155,-6.72991],[-70.079983,-6.730015],[-70.079808,-6.730114],[-70.07963,-6.730207],[-70.079448,-6.730294],[-70.079264,-6.730374],[-70.079077,-6.730449],[-70.078887,-6.730517],[-70.078696,-6.730578],[-70.078502,-6.730633],[-70.078307,-6.730682],[-70.07811,-6.730723],[-70.076509,-6.731034],[-70.076357,-6.73106],[-70.076203,-6.73108],[-70.076049,-6.731093],[-70.075894,-6.7311],[-70.07574,-6.731099],[-70.075585,-6.731093],[-70.075431,-6.73108],[-70.075278,-6.73106],[-70.075125,-6.731033],[-70.074974,-6.731],[-70.073023,-6.730532],[-70.072831,-6.730482],[-70.072641,-6.730427],[-70.072453,-6.730364],[-70.072266,-6.730296],[-70.072083,-6.730221],[-70.071902,-6.73014],[-70.071723,-6.730054],[-70.071548,-6.729961],[-70.071376,-6.729862],[-70.071207,-6.729758],[-70.071042,-6.729648],[-70.070881,-6.729533],[-70.070723,-6.729412],[-70.07057,-6.729286],[-70.070421,-6.729156],[-70.069344,-6.728177],[-70.069197,-6.728039],[-70.069055,-6.727895],[-70.068917,-6.727747],[-70.068785,-6.727594],[-70.068658,-6.727436],[-70.068537,-6.727275],[-70.068421,-6.727109],[-70.068311,-6.726939],[-70.068207,-6.726766],[-70.068109,-6.726589],[-70.068017,-6.726409],[-70.067931,-6.726226],[-70.067852,-6.72604],[-70.067779,-6.725851],[-70.067097,-6.723993],[-70.067013,-6.723755],[-70.066936,-6.723515],[-70.066866,-6.723273],[-70.066803,-6.723028],[-70.066746,-6.722783],[-70.066697,-6.722536],[-70.066654,-6.722287],[-70.066618,-6.722037],[-70.066589,-6.721787],[-70.066567,-6.721536],[-70.06644,-6.719789],[-70.066425,-6.719535],[-70.066417,-6.719281],[-70.066417,-6.719026],[-70.066461,-6.715183],[-70.066459,-6.715053],[-70.06645,-6.714924],[-70.066434,-6.714794],[-70.06641,-6.714667],[-70.066379,-6.71454],[-70.066342,-6.714416],[-70.066297,-6.714293],[-70.066246,-6.714174],[-70.066189,-6.714057],[-70.066125,-6.713944],[-70.066055,-6.713834],[-70.065979,-6.713729],[-70.065897,-6.713627],[-70.065809,-6.713531],[-70.065717,-6.713439],[-70.06562,-6.713353],[-70.065518,-6.713272],[-70.065411,-6.713197],[-70.065301,-6.713128],[-70.065187,-6.713066],[-70.06507,-6.713009],[-70.064949,-6.71296],[-70.064827,-6.712916],[-70.064702,-6.71288],[-70.064575,-6.712851],[-70.064447,-6.712829],[-70.064317,-6.712814],[-70.064188,-6.712806],[-70.064057,-6.712805],[-70.063927,-6.712811],[-70.063798,-6.712825],[-70.06367,-6.712846],[-70.063542,-6.712874],[-70.063417,-6.712909],[-70.063294,-6.71295],[-70.063173,-6.712999],[-70.063055,-6.713054],[-70.06294,-6.713115],[-70.062829,-6.713183],[-70.062722,-6.713257],[-70.062619,-6.713336],[-70.062521,-6.713422],[-70.062427,-6.713512],[-70.062339,-6.713608],[-70.060926,-6.715222],[-70.060838,-6.715327],[-70.060755,-6.715437],[-70.060678,-6.71555],[-70.060606,-6.715667],[-70.060539,-6.715787],[-70.060478,-6.715911],[-70.060424,-6.716037],[-70.060375,-6.716165],[-70.060332,-6.716296],[-70.060296,-6.716429],[-70.059655,-6.719002],[-70.059597,-6.719249],[-70.059546,-6.719499],[-70.059502,-6.719749],[-70.059466,-6.720001],[-70.059436,-6.720253],[-70.059413,-6.720507],[-70.059398,-6.72076],[-70.059389,-6.721014],[-70.059388,-6.721269],[-70.059394,-6.721523],[-70.059448,-6.722971],[-70.059457,-6.72312],[-70.059473,-6.723267],[-70.059496,-6.723414],[-70.059525,-6.72356],[-70.059562,-6.723704],[-70.059605,-6.723846],[-70.059655,-6.723986],[-70.059712,-6.724123],[-70.059774,-6.724258],[-70.060454,-6.725631],[-70.06056,-6.725838],[-70.060672,-6.726041],[-70.06079,-6.726242],[-70.060913,-6.726439],[-70.061042,-6.726632],[-70.061177,-6.726822],[-70.061317,-6.727007],[-70.061462,-6.727189],[-70.061612,-6.727366],[-70.061767,-6.72754],[-70.061927,-6.727708],[-70.062092,-6.727872],[-70.062262,-6.728031],[-70.062436,-6.728185],[-70.062614,-6.728335],[-70.062796,-6.728479],[-70.064242,-6.729587],[-70.064405,-6.729709],[-70.064572,-6.729828],[-70.064741,-6.729943],[-70.064912,-6.730054],[-70.065087,-6.730162],[-70.068386,-6.732144],[-70.068595,-6.732266],[-70.068807,-6.732382],[-70.069023,-6.732493],[-70.069241,-6.732598],[-70.069462,-6.732697],[-70.069686,-6.732789],[-70.069912,-6.732876],[-70.070141,-6.732957],[-70.070371,-6.733032],[-70.074664,-6.73436],[-70.074794,-6.734404],[-70.074922,-6.734453],[-70.075047,-6.734509],[-70.07517,-6.734571],[-70.075289,-6.734638],[-70.075406,-6.734711],[-70.075518,-6.73479],[-70.075627,-6.734873],[-70.075732,-6.734962],[-70.075832,-6.735056],[-70.076925,-6.736125],[-70.077031,-6.736233],[-70.077131,-6.736345],[-70.077226,-6.736462],[-70.077316,-6.736583],[-70.0774,-6.736709],[-70.077478,-6.736837],[-70.07755,-6.73697],[-70.077616,-6.737105],[-70.077676,-6.737243],[-70.07773,-6.737384],[-70.077777,-6.737528],[-70.077817,-6.737673],[-70.077851,-6.73782],[-70.077878,-6.737968],[-70.077898,-6.738117],[-70.077911,-6.738268],[-70.077918,-6.738418],[-70.077918,-6.738569],[-70.07791,-6.738719],[-70.077896,-6.73887],[-70.077875,-6.739019],[-70.077847,-6.739167],[-70.077813,-6.739314],[-70.077772,-6.739459],[-70.077724,-6.739602],[-70.07767,-6.739742],[-70.077609,-6.73988],[-70.077542,-6.740015],[-70.076729,-6.74157],[-70.076628,-6.741756],[-70.076521,-6.74194],[-70.076409,-6.74212],[-70.076292,-6.742297],[-70.07617,-6.742471],[-70.076043,-6.742641],[-70.075912,-6.742807],[-70.075775,-6.74297],[-70.074494,-6.744448],[-70.07436,-6.744598],[-70.074221,-6.744742],[-70.074077,-6.744883],[-70.073929,-6.745018],[-70.073776,-6.745148],[-70.073618,-6.745272],[-70.073457,-6.745392],[-70.073291,-6.745506],[-70.073122,-6.745614],[-70.07295,-6.745716],[-70.072773,-6.745813],[-70.072594,-6.745903],[-70.072412,-6.745987],[-70.072227,-6.746065],[-70.072039,-6.746137],[-70.07185,-6.746202],[-70.071658,-6.746261],[-70.071464,-6.746314],[-70.071268,-6.74636],[-70.071071,-6.746399],[-70.070873,-6.746431],[-70.070674,-6.746457],[-70.070474,-6.746476],[-70.070274,-6.746488],[-70.070073,-6.746493],[-70.069872,-6.746492],[-70.069672,-6.746484],[-70.069471,-6.746469],[-70.069272,-6.746447],[-70.069073,-6.746418],[-70.068875,-6.746383],[-70.065214,-6.745666],[-70.065003,-6.745622],[-70.064793,-6.745573],[-70.064584,-6.745519],[-70.064376,-6.74546],[-70.06417,-6.745397],[-70.063966,-6.745328],[-70.060671,-6.744175],[-70.06048,-6.744112],[-70.060287,-6.744056],[-70.060093,-6.744006],[-70.059897,-6.743962],[-70.059699,-6.743926],[-70.0595,-6.743896],[-70.059301,-6.743872],[-70.0591,-6.743856],[-70.0589,-6.743846],[-70.058699,-6.743843],[-70.058498,-6.743847],[-70.058297,-6.743858],[-70.058097,-6.743875],[-70.057898,-6.7439],[-70.057699,-6.743931],[-70.057502,-6.743968],[-70.057306,-6.744013],[-70.057112,-6.744064],[-70.056919,-6.744121],[-70.056729,-6.744186],[-70.05654,-6.744256],[-70.056355,-6.744333],[-70.056172,-6.744416],[-70.055992,-6.744505],[-70.055815,-6.7446],[-70.055641,-6.744702],[-70.055471,-6.744809],[-70.054059,-6.745732],[-70.053892,-6.745845],[-70.053729,-6.745964],[-70.05357,-6.746088],[-70.053416,-6.746218],[-70.053266,-6.746353],[-70.05312,-6.746493],[-70.05298,-6.746637],[-70.052844,-6.746787],[-70.052714,-6.746941],[-70.052589,-6.747099],[-70.052469,-6.747262],[-70.052355,-6.747428],[-70.052247,-6.747599],[-70.052144,-6.747773],[-70.052048,-6.74795],[-70.051958,-6.74813],[-70.051874,-6.748314],[-70.049691,-6.753296],[-70.049612,-6.753467],[-70.049527,-6.753636],[-70.049437,-6.753801],[-70.04934,-6.753962],[-70.049238,-6.754121],[-70.04913,-6.754275],[-70.049016,-6.754425],[-70.048898,-6.754571],[-70.048774,-6.754713],[-70.048645,-6.754851],[-70.048511,-6.754983],[-70.048372,-6.755111],[-70.048229,-6.755233],[-70.048082,-6.755351],[-70.047931,-6.755463],[-70.047775,-6.75557],[-70.047616,-6.755671],[-70.047454,-6.755766],[-70.047288,-6.755855],[-70.047119,-6.755938],[-70.046947,-6.756015],[-70.046773,-6.756086],[-70.046596,-6.756151],[-70.046416,-6.756209],[-70.046235,-6.756261],[-70.046052,-6.756306],[-70.044591,-6.75664],[-70.044343,-6.756693],[-70.044094,-6.756739],[-70.043844,-6.756778],[-70.043593,-6.75681],[-70.04334,-6.756834],[-70.043088,-6.756852],[-70.042835,-6.756863],[-70.042581,-6.756867],[-70.042328,-6.756863],[-70.042075,-6.756853],[-70.041822,-6.756835],[-70.04157,-6.756811],[-70.041319,-6.756779],[-70.041068,-6.75674],[-70.040819,-6.756695],[-70.040571,-6.756642],[-70.040325,-6.756582],[-70.04008,-6.756516],[-70.039838,-6.756443],[-70.039598,-6.756363],[-70.03936,-6.756276],[-70.039124,-6.756182],[-70.038891,-6.756083],[-70.038661,-6.755976],[-70.038435,-6.755863],[-70.038211,-6.755744],[-70.037991,-6.755619],[-70.037774,-6.755488],[-70.037561,-6.75535],[-70.03664,-6.754736],[-70.036447,-6.754612],[-70.036252,-6.754493],[-70.036054,-6.754378],[-70.035853,-6.754268],[-70.035649,-6.754164],[-70.035443,-6.754065],[-70.035234,-6.753971],[-70.035023,-6.753882],[-70.03481,-6.753799],[-70.029746,-6.751894],[-70.029644,-6.751852],[-70.029546,-6.751804],[-70.029451,-6.751749],[-70.02936,-6.751688],[-70.029273,-6.751621],[-70.02919,-6.751549],[-70.029113,-6.751472],[-70.029041,-6.751389],[-70.028974,-6.751302],[-70.028913,-6.751211],[-70.028858,-6.751116],[-70.02881,-6.751018],[-70.028768,-6.750916],[-70.028733,-6.750812],[-70.028705,-6.750706],[-70.028683,-6.750599],[-70.028669,-6.75049],[-70.028662,-6.750381],[-70.028662,-6.750271],[-70.02867,-6.750162],[-70.028684,-6.750053],[-70.028706,-6.749946],[-70.028734,-6.74984],[-70.02877,-6.749736],[-70.028812,-6.749635],[-70.02886,-6.749537],[-70.028915,-6.749442],[-70.028977,-6.749351],[-70.029044,-6.749264],[-70.029116,-6.749182],[-70.029194,-6.749104],[-70.029276,-6.749032],[-70.029364,-6.748966],[-70.029455,-6.748905],[-70.02955,-6.74885],[-70.029648,-6.748802],[-70.02975,-6.748761],[-70.029854,-6.748726],[-70.02996,-6.748698],[-70.034376,-6.747682],[-70.034572,-6.747634],[-70.034765,-6.747579],[-70.034956,-6.747517],[-70.035145,-6.747449],[-70.035332,-6.747375],[-70.035516,-6.747294],[-70.035698,-6.747208],[-70.035876,-6.747115],[-70.036051,-6.747016],[-70.036222,-6.746911],[-70.03639,-6.746801],[-70.036554,-6.746684],[-70.036714,-6.746563],[-70.03687,-6.746436],[-70.037021,-6.746304],[-70.037168,-6.746166],[-70.03731,-6.746024],[-70.037447,-6.745877],[-70.03758,-6.745726],[-70.037706,-6.74557],[-70.037828,-6.74541],[-70.037944,-6.745246],[-70.038054,-6.745078],[-70.038159,-6.744907],[-70.038258,-6.744732],[-70.038351,-6.744553],[-70.038437,-6.744372],[-70.040229,-6.740454],[-70.04033,-6.740225],[-70.040425,-6.739993],[-70.040513,-6.739758],[-70.040595,-6.739521],[-70.04067,-6.739282],[-70.040739,-6.739041],[-70.0408,-6.738798],[-70.040855,-6.738553],[-70.040904,-6.738307],[-70.040945,-6.73806],[-70.040979,-6.737812],[-70.041007,-6.737562],[-70.041028,-6.737313],[-70.041041,-6.737062],[-70.041048,-6.736812],[-70.041048,-6.736561],[-70.041041,-6.73631],[-70.041027,-6.73606],[-70.041006,-6.73581],[-70.040978,-6.735561],[-70.040943,-6.735313],[-70.040901,-6.735066],[-70.040853,-6.73482],[-70.040797,-6.734575],[-70.040735,-6.734332],[-70.040666,-6.734091],[-70.040591,-6.733852],[-70.040509,-6.733615],[-70.04042,-6.733381],[-70.040325,-6.733149],[-70.040224,-6.73292],[-70.040116,-6.732693],[-70.040002,-6.73247],[-70.039882,-6.73225],[-70.039756,-6.732033],[-70.039624,-6.73182],[-70.039486,-6.731611],[-70.039342,-6.731406],[-70.039192,-6.731204],[-70.039037,-6.731007],[-70.038877,-6.730814],[-70.038712,-6.730626],[-70.038541,-6.730443],[-70.038365,-6.730264],[-70.033847,-6.725795],[-70.033705,-6.725659],[-70.033557,-6.725528],[-70.033405,-6.725403],[-70.033249,-6.725283],[-70.033088,-6.725169],[-70.032924,-6.725061],[-70.032755,-6.724959],[-70.032583,-6.724864],[-70.032407,-6.724774],[-70.032229,-6.724691],[-70.032047,-6.724615],[-70.031863,-6.724545],[-70.031677,-6.724482],[-70.031488,-6.724425],[-70.031297,-6.724376],[-70.031105,-6.724333],[-70.030911,-6.724298],[-70.030716,-6.724269],[-70.030521,-6.724248],[-70.030324,-6.724234],[-70.030127,-6.724227],[-70.02993,-6.724227],[-70.029734,-6.724234],[-70.029537,-6.724248],[-70.029341,-6.72427],[-70.029146,-6.724298],[-70.028953,-6.724334],[-70.02876,-6.724376],[-70.02857,-6.724426],[-70.028381,-6.724482],[-70.028195,-6.724546],[-70.028011,-6.724616],[-70.027829,-6.724692],[-70.027651,-6.724775],[-70.027475,-6.724865],[-70.027303,-6.724961],[-70.027135,-6.725063],[-70.02697,-6.725171],[-70.026809,-6.725285],[-70.026653,-6.725404],[-70.026501,-6.72553],[-70.026354,-6.72566],[-70.026211,-6.725796],[-70.026074,-6.725937],[-70.025942,-6.726083],[-70.025815,-6.726234],[-70.025694,-6.726389],[-70.025578,-6.726549],[-70.025468,-6.726712],[-70.025365,-6.72688],[-70.025267,-6.727051],[-70.025176,-6.727225],[-70.025091,-6.727403],[-70.025013,-6.727584],[-70.024941,-6.727767],[-70.024876,-6.727953],[-70.024818,-6.728141],[-70.024766,-6.728331],[-70.024722,-6.728523],[-70.024684,-6.728716],[-70.024654,-6.728911],[-70.024631,-6.729106],[-70.024615,-6.729302],[-70.024605,-6.729499],[-70.024473,-6.734206],[-70.024464,-6.734425],[-70.024448,-6.734643],[-70.024426,-6.73486],[-70.024398,-6.735077],[-70.024364,-6.735292],[-70.024323,-6.735507],[-70.024276,-6.73572],[-70.024223,-6.735932],[-70.024163,-6.736143],[-70.024098,-6.736351],[-70.020186,-6.748219],[-70.020132,-6.748372],[-70.020071,-6.748522],[-70.020004,-6.74867],[-70.01993,-6.748814],[-70.019851,-6.748955],[-70.019765,-6.749092],[-70.019673,-6.749226],[-70.019575,-6.749355],[-70.019472,-6.74948],[-70.019364,-6.749601],[-70.01925,-6.749716],[-70.019131,-6.749827],[-70.019008,-6.749932],[-70.01888,-6.750031],[-70.018748,-6.750125],[-70.018612,-6.750214],[-70.018473,-6.750296],[-70.018329,-6.750372],[-70.018183,-6.750441],[-70.018034,-6.750504],[-70.017882,-6.750561],[-70.017728,-6.750611],[-70.017571,-6.750654],[-70.017413,-6.75069],[-70.017254,-6.750719],[-70.017093,-6.750742],[-70.016932,-6.750757],[-70.01677,-6.750765],[-70.016608,-6.750766],[-70.016446,-6.750761],[-70.016285,-6.750748],[-70.016124,-6.750727],[-70.015964,-6.7507],[-70.015805,-6.750666],[-70.015649,-6.750626],[-70.015494,-6.750578],[-70.015341,-6.750523],[-70.015191,-6.750462],[-70.015044,-6.750395],[-70.014899,-6.750321],[-70.014758,-6.750241],[-70.014621,-6.750155],[-70.014488,-6.750063],[-70.014359,-6.749965],[-70.014234,-6.749861],[-70.014114,-6.749753],[-70.013998,-6.749639],[-70.013888,-6.74952],[-70.012835,-6.748334],[-70.012703,-6.74818],[-70.012576,-6.748021],[-70.012455,-6.747858],[-70.01234,-6.747692],[-70.01223,-6.747521],[-70.012126,-6.747347],[-70.012028,-6.747169],[-70.011936,-6.746988],[-70.011851,-6.746804],[-70.011022,-6.744936],[-70.010925,-6.74471],[-70.010835,-6.744481],[-70.01075,-6.74425],[-70.010673,-6.744016],[-70.010601,-6.743781],[-70.010536,-6.743544],[-70.010477,-6.743305],[-70.010425,-6.743064],[-70.010379,-6.742822],[-70.01034,-6.742579],[-70.010308,-6.742335],[-70.010282,-6.74209],[-70.010263,-6.741845],[-70.010251,-6.741599],[-70.010245,-6.741353],[-70.010246,-6.741107],[-70.010254,-6.740861],[-70.010269,-6.740616],[-70.01029,-6.74037],[-70.010318,-6.740126],[-70.010352,-6.739882],[-70.010393,-6.73964],[-70.010441,-6.739398],[-70.010495,-6.739158],[-70.010833,-6.737751],[-70.010892,-6.737517],[-70.010958,-6.737285],[-70.011029,-6.737055],[-70.011107,-6.736827],[-70.011191,-6.736601],[-70.011281,-6.736377],[-70.011377,-6.736156],[-70.011479,-6.735937],[-70.011586,-6.735722],[-70.0117,-6.735509],[-70.011818,-6.735299],[-70.011943,-6.735092],[-70.012073,-6.734889],[-70.012208,-6.73469],[-70.012349,-6.734494],[-70.012494,-6.734302],[-70.01404,-6.732319],[-70.014181,-6.732142],[-70.014327,-6.731969],[-70.014477,-6.7318],[-70.014632,-6.731634],[-70.01479,-6.731472],[-70.019701,-6.726581],[-70.019872,-6.726405],[-70.020039,-6.726226],[-70.0202,-6.726041],[-70.020356,-6.725853],[-70.021628,-6.724277],[-70.021783,-6.72409],[-70.021943,-6.723908],[-70.022107,-6.72373],[-70.022277,-6.723556],[-70.022451,-6.723387],[-70.022629,-6.723223],[-70.024113,-6.721892],[-70.024288,-6.721731],[-70.024459,-6.721565],[-70.024626,-6.721394],[-70.024789,-6.721219],[-70.024946,-6.72104],[-70.025099,-6.720856],[-70.02603,-6.719709],[-70.026135,-6.719573],[-70.026234,-6.719434],[-70.026328,-6.71929],[-70.026415,-6.719143],[-70.026496,-6.718992],[-70.026571,-6.718838],[-70.02664,-6.718682],[-70.026701,-6.718522],[-70.026757,-6.71836],[-70.026805,-6.718195],[-70.026846,-6.718029],[-70.026881,-6.717862],[-70.026908,-6.717693],[-70.026929,-6.717523],[-70.026942,-6.717352],[-70.026948,-6.717181],[-70.026947,-6.71701],[-70.026939,-6.716838],[-70.026924,-6.716668],[-70.026902,-6.716498],[-70.026873,-6.716329],[-70.026837,-6.716162],[-70.026793,-6.715996],[-70.026743,-6.715833],[-70.026687,-6.715671],[-70.026623,-6.715512],[-70.026553,-6.715356],[-70.026477,-6.715203],[-70.026394,-6.715053],[-70.026305,-6.714906],[-70.02621,-6.714764],[-70.026109,-6.714625],[-70.026003,-6.714491],[-70.025891,-6.714362],[-70.025773,-6.714237],[-70.025651,-6.714117],[-70.025524,-6.714003],[-70.025392,-6.713893],[-70.025256,-6.71379],[-70.025115,-6.713692],[-70.024971,-6.7136],[-70.024822,-6.713514],[-70.024671,-6.713434],[-70.024516,-6.713361],[-70.024358,-6.713294],[-70.024198,-6.713234],[-70.024035,-6.713181],[-70.02387,-6.713134],[-70.023704,-6.713094],[-70.023536,-6.713062],[-70.023366,-6.713036],[-70.023196,-6.713017],[-70.023025,-6.713006],[-70.022854,-6.713001],[-70.022683,-6.713004],[-70.022512,-6.713014],[-70.022341,-6.713031],[-70.020543,-6.713247],[-70.020319,-6.713277],[-70.020096,-6.713314],[-70.019875,-6.713358],[-70.019655,-6.713408],[-70.019436,-6.713466],[-70.019219,-6.713529],[-70.019005,-6.7136],[-70.018792,-6.713676],[-70.018582,-6.713759],[-70.018375,-6.713849],[-70.01817,-6.713944],[-70.017969,-6.714046],[-70.01777,-6.714154],[-70.017575,-6.714268],[-70.017383,-6.714388],[-70.017196,-6.714513],[-70.017012,-6.714644],[-70.016832,-6.714781],[-70.016656,-6.714923],[-70.016485,-6.71507],[-70.016318,-6.715222],[-70.016156,-6.715379],[-70.015998,-6.715541],[-70.015846,-6.715708],[-70.014672,-6.717034],[-70.014514,-6.717217],[-70.01436,-6.717405],[-70.014212,-6.717597],[-70.014069,-6.717793],[-70.013931,-6.717992],[-70.013799,-6.718195],[-70.013672,-6.718402],[-70.01355,-6.718612],[-70.013435,-6.718825],[-70.01188,-6.721786],[-70.011768,-6.722006],[-70.011662,-6.722229],[-70.011563,-6.722455],[-70.011469,-6.722683],[-70.011382,-6.722914],[-70.011301,-6.723147],[-70.011227,-6.723383],[-70.011159,-6.72362],[-70.010034,-6.727758],[-70.009978,-6.727975],[-70.009928,-6.728192],[-70.009882,-6.728411],[-70.009843,-6.728631],[-70.009808,-6.728851],[-70.008674,-6.736789],[-70.008636,-6.737034],[-70.008591,-6.737277],[-70.008539,-6.73752],[-70.008481,-6.73776],[-70.008416,-6.738],[-70.008345,-6.738237],[-70.008267,-6.738472],[-70.008182,-6.738705],[-70.008092,-6.738935],[-70.007995,-6.739163],[-70.007891,-6.739389],[-70.007144,-6.740963],[-70.007034,-6.741187],[-70.006917,-6.741408],[-70.006795,-6.741626],[-70.006667,-6.74184],[-70.006532,-6.74205],[-70.006392,-6.742257],[-70.006247,-6.74246],[-70.006096,-6.742659],[-70.005939,-6.742853],[-70.005777,-6.743043],[-70.00561,-6.743229],[-70.005438,-6.74341],[-70.005261,-6.743586],[-70.005079,-6.743757],[-70.004892,-6.743923],[-70.004701,-6.744084],[-70.004506,-6.744239],[-70.004306,-6.744389],[-70.004103,-6.744534],[-70.003895,-6.744672],[-70.003684,-6.744805],[-70.003469,-6.744932],[-70.001441,-6.746094],[-70.001247,-6.746202],[-70.001051,-6.746305],[-70.000852,-6.746403],[-70.000652,-6.746496],[-70.000448,-6.746585],[-70.000243,-6.746668],[-70.000036,-6.746746],[-69.997665,-6.747609],[-69.997516,-6.747667],[-69.99737,-6.747731],[-69.997226,-6.747802],[-69.997086,-6.747879],[-69.99695,-6.747962],[-69.996817,-6.748052],[-69.996689,-6.748147],[-69.996565,-6.748247],[-69.996445,-6.748353],[-69.99633,-6.748464],[-69.99622,-6.74858],[-69.996115,-6.748701],[-69.996016,-6.748826],[-69.995923,-6.748956],[-69.995835,-6.749089],[-69.995753,-6.749227],[-69.995677,-6.749367],[-69.995608,-6.749511],[-69.995545,-6.749658],[-69.995489,-6.749808],[-69.995439,-6.74996],[-69.995396,-6.750114],[-69.99536,-6.750269],[-69.995331,-6.750426],[-69.995308,-6.750585],[-69.995293,-6.750744],[-69.995285,-6.750903],[-69.995241,-6.752421],[-69.995239,-6.75261],[-69.995244,-6.752799],[-69.995256,-6.752988],[-69.995275,-6.753176],[-69.995301,-6.753364],[-69.995334,-6.75355],[-69.995373,-6.753735],[-69.99542,-6.753919],[-69.995473,-6.7541],[-69.995533,-6.75428],[-69.9956,-6.754457],[-69.995673,-6.754631],[-69.995752,-6.754803],[-69.995838,-6.754971],[-69.99593,-6.755137],[-69.996028,-6.755299],[-69.996132,-6.755457],[-69.996242,-6.755611],[-69.996358,-6.755761],[-69.996479,-6.755906],[-69.996605,-6.756047],[-69.996736,-6.756184],[-69.996872,-6.756315],[-69.997013,-6.756441],[-69.997159,-6.756562],[-69.997309,-6.756677],[-69.997463,-6.756787],[-69.997621,-6.756891],[-69.997783,-6.756989],[-69.997949,-6.757081],[-70.001966,-6.759219],[-70.002088,-6.759287],[-70.002207,-6.759362],[-70.002322,-6.759442],[-70.002433,-6.759528],[-70.00254,-6.759619],[-70.002642,-6.759716],[-70.002739,-6.759816],[-70.002831,-6.759922],[-70.002918,-6.760032],[-70.003,-6.760146],[-70.003076,-6.760264],[-70.003146,-6.760385],[-70.003211,-6.76051],[-70.003269,-6.760637],[-70.003321,-6.760768],[-70.003366,-6.7609],[-70.003405,-6.761035],[-70.003438,-6.761171],[-70.003464,-6.761309],[-70.003483,-6.761448],[-70.003495,-6.761588],[-70.003501,-6.761728],[-70.0035,-6.761868],[-70.003492,-6.762008],[-70.003477,-6.762147],[-70.003455,-6.762286],[-70.003427,-6.762423],[-70.003392,-6.762559],[-70.003351,-6.762693],[-70.003303,-6.762825],[-70.003249,-6.762954],[-70.00271,-6.764162],[-70.00265,-6.764287],[-70.002584,-6.76441],[-70.002512,-6.764529],[-70.002435,-6.764645],[-70.002352,-6.764757],[-70.002264,-6.764865],[-70.002171,-6.764968],[-70.002073,-6.765067],[-70.001971,-6.765161],[-70.001864,-6.76525],[-70.001752,-6.765334],[-70.001637,-6.765412],[-70.001519,-6.765485],[-69.99903,-6.766927],[-69.998818,-6.767046],[-69.998604,-6.767159],[-69.998386,-6.767267],[-69.998166,-6.767368],[-69.997943,-6.767464],[-69.997717,-6.767553],[-69.99749,-6.767637],[-69.99726,-6.767714],[-69.997028,-6.767785],[-69.996794,-6.76785],[-69.996559,-6.767908],[-69.996322,-6.767961],[-69.996083,-6.768007],[-69.995844,-6.768046],[-69.995604,-6.768079],[-69.995363,-6.768106],[-69.995121,-6.768126],[-69.992644,-6.768299],[-69.992439,-6.768309],[-69.992233,-6.768313],[-69.992027,-6.768309],[-69.991821,-6.768299],[-69.991615,-6.768281],[-69.991411,-6.768256],[-69.991207,-6.768224],[-69.991005,-6.768185],[-69.990804,-6.768139],[-69.990605,-6.768085],[-69.990408,-6.768025],[-69.990213,-6.767959],[-69.990021,-6.767885],[-69.988614,-6.76732],[-69.98843,-6.767242],[-69.988247,-6.767158],[-69.988068,-6.767067],[-69.987892,-6.766971],[-69.98772,-6.766869],[-69.98755,-6.766761],[-69.987385,-6.766647],[-69.987224,-6.766528],[-69.987066,-6.766403],[-69.986914,-6.766274],[-69.986765,-6.766139],[-69.986621,-6.765999],[-69.986482,-6.765854],[-69.985023,-6.764283],[-69.984884,-6.764138],[-69.984741,-6.763999],[-69.984593,-6.763865],[-69.984441,-6.763735],[-69.984285,-6.763611],[-69.984124,-6.763492],[-69.983959,-6.763379],[-69.983791,-6.763271],[-69.983619,-6.763169],[-69.983444,-6.763073],[-69.983266,-6.762983],[-69.981104,-6.761934],[-69.980897,-6.761838],[-69.980689,-6.761746],[-69.980478,-6.76166],[-69.980265,-6.761579],[-69.98005,-6.761503],[-69.979833,-6.761433],[-69.976793,-6.760491],[-69.976554,-6.760414],[-69.976317,-6.760329],[-69.976082,-6.760238],[-69.97585,-6.760141],[-69.975621,-6.760037],[-69.975395,-6.759927],[-69.975172,-6.759811],[-69.974952,-6.759688],[-69.974736,-6.759559],[-69.974524,-6.759425],[-69.974315,-6.759284],[-69.97411,-6.759138],[-69.97391,-6.758987],[-69.973713,-6.758829],[-69.973521,-6.758667],[-69.973334,-6.758499],[-69.973152,-6.758326],[-69.972974,-6.758147],[-69.972802,-6.757964],[-69.970415,-6.755363],[-69.970306,-6.755248],[-69.970191,-6.755139],[-69.970071,-6.755034],[-69.969948,-6.754935],[-69.96982,-6.754841],[-69.969687,-6.754753],[-69.969552,-6.754671],[-69.969412,-6.754595],[-69.96927,-6.754525],[-69.969125,-6.754462],[-69.968977,-6.754405],[-69.968826,-6.754354],[-69.968674,-6.75431],[-69.968519,-6.754273],[-69.968364,-6.754243],[-69.968207,-6.754219],[-69.968049,-6.754202],[-69.967891,-6.754193],[-69.967732,-6.75419],[-69.967573,-6.754194],[-69.967415,-6.754205],[-69.967258,-6.754223],[-69.967101,-6.754248],[-69.966945,-6.75428],[-69.966791,-6.754318],[-69.966639,-6.754364],[-69.966489,-6.754416],[-69.966342,-6.754474],[-69.966197,-6.754539],[-69.966055,-6.75461],[-69.965917,-6.754687],[-69.965782,-6.75477],[-69.96565,-6.754859],[-69.965523,-6.754954],[-69.9654,-6.755054],[-69.965282,-6.75516],[-69.965168,-6.75527],[-69.965059,-6.755386],[-69.964955,-6.755506],[-69.964857,-6.755631],[-69.964765,-6.755759],[-69.964678,-6.755892],[-69.964597,-6.756028],[-69.964522,-6.756168],[-69.964453,-6.756311],[-69.96439,-6.756457],[-69.964334,-6.756605],[-69.964285,-6.756756],[-69.964242,-6.756909],[-69.964206,-6.757063],[-69.964177,-6.757219],[-69.964154,-6.757376],[-69.964139,-6.757534],[-69.964053,-6.758662],[-69.964038,-6.758907],[-69.964029,-6.759152],[-69.964028,-6.759397],[-69.964032,-6.759643],[-69.964044,-6.759888],[-69.964062,-6.760132],[-69.964086,-6.760376],[-69.964117,-6.760619],[-69.964155,-6.760862],[-69.9642,-6.761103],[-69.96425,-6.761343],[-69.964308,-6.761581],[-69.964372,-6.761818],[-69.964442,-6.762053],[-69.964518,-6.762286],[-69.964601,-6.762517],[-69.96469,-6.762745],[-69.964786,-6.762971],[-69.964887,-6.763195],[-69.964994,-6.763415],[-69.965108,-6.763633],[-69.965227,-6.763847],[-69.965352,-6.764058],[-69.966205,-6.765456],[-69.966286,-6.765596],[-69.966361,-6.765739],[-69.96643,-6.765886],[-69.966492,-6.766036],[-69.966548,-6.766188],[-69.966596,-6.766343],[-69.966638,-6.766499],[-69.966673,-6.766658],[-69.9667,-6.766817],[-69.966721,-6.766978],[-69.966735,-6.76714],[-69.966741,-6.767301],[-69.96674,-6.767463],[-69.966732,-6.767625],[-69.966717,-6.767787],[-69.966695,-6.767947],[-69.966665,-6.768107],[-69.966629,-6.768264],[-69.966586,-6.768421],[-69.966535,-6.768575],[-69.966478,-6.768726],[-69.966415,-6.768876],[-69.966345,-6.769022],[-69.966268,-6.769164],[-69.966185,-6.769304],[-69.966096,-6.769439],[-69.966002,-6.769571],[-69.965901,-6.769698],[-69.965795,-6.76982],[-69.965684,-6.769938],[-69.965567,-6.770051],[-69.965446,-6.770158],[-69.96532,-6.77026],[-69.96519,-6.770357],[-69.965055,-6.770447],[-69.964917,-6.770532],[-69.964775,-6.77061],[-69.964629,-6.770682],[-69.963298,-6.771304],[-69.963134,-6.771377],[-69.962968,-6.771443],[-69.962799,-6.771503],[-69.962627,-6.771555],[-69.962454,-6.771601],[-69.962279,-6.77164],[-69.962103,-6.771672],[-69.961925,-6.771697],[-69.961747,-6.771715],[-69.961568,-6.771726],[-69.961388,-6.77173],[-69.961209,-6.771727],[-69.96103,-6.771717],[-69.960852,-6.771699],[-69.960674,-6.771675],[-69.960498,-6.771643],[-69.960322,-6.771605],[-69.960149,-6.771559],[-69.959977,-6.771507],[-69.959808,-6.771448],[-69.959641,-6.771382],[-69.959477,-6.77131],[-69.959316,-6.771231],[-69.959158,-6.771146],[-69.959004,-6.771055],[-69.958853,-6.770958],[-69.958707,-6.770855],[-69.958564,-6.770746],[-69.958426,-6.770632],[-69.958293,-6.770512],[-69.958164,-6.770387],[-69.958041,-6.770257],[-69.957922,-6.770122],[-69.95781,-6.769983],[-69.955443,-6.76694],[-69.955304,-6.766755],[-69.955169,-6.766567],[-69.955039,-6.766376],[-69.954914,-6.766182],[-69.954794,-6.765984],[-69.954679,-6.765783],[-69.954569,-6.76558],[-69.954464,-6.765373],[-69.95305,-6.762491],[-69.952945,-6.762285],[-69.952836,-6.762083],[-69.952722,-6.761883],[-69.952602,-6.761686],[-69.952478,-6.761492],[-69.952348,-6.761301],[-69.952214,-6.761114],[-69.952075,-6.76093],[-69.951932,-6.76075],[-69.951784,-6.760574],[-69.949995,-6.758497],[-69.949835,-6.758316],[-69.949671,-6.758141],[-69.949503,-6.757969],[-69.949329,-6.757802],[-69.949152,-6.75764],[-69.94897,-6.757483],[-69.948784,-6.75733],[-69.948594,-6.757182],[-69.9484,-6.75704],[-69.948202,-6.756903],[-69.948001,-6.756771],[-69.947797,-6.756644],[-69.947589,-6.756523],[-69.944865,-6.754984],[-69.944748,-6.754914],[-69.944634,-6.754838],[-69.944524,-6.754756],[-69.944419,-6.754668],[-69.944318,-6.754576],[-69.944223,-6.754478],[-69.944132,-6.754375],[-69.944047,-6.754268],[-69.943587,-6.75366],[-69.943508,-6.753561],[-69.943423,-6.753467],[-69.943334,-6.753378],[-69.943239,-6.753294],[-69.94314,-6.753215],[-69.943037,-6.753142],[-69.94293,-6.753075],[-69.942819,-6.753014],[-69.942705,-6.752959],[-69.942588,-6.75291],[-69.942468,-6.752869],[-69.942347,-6.752834],[-69.942223,-6.752806],[-69.942099,-6.752784],[-69.941973,-6.75277],[-69.941847,-6.752763],[-69.94172,-6.752763],[-69.941594,-6.75277],[-69.941468,-6.752784],[-69.941343,-6.752805],[-69.94122,-6.752833],[-69.941098,-6.752868],[-69.940979,-6.75291],[-69.940862,-6.752958],[-69.940748,-6.753012],[-69.940637,-6.753073],[-69.940529,-6.75314],[-69.940426,-6.753213],[-69.940327,-6.753292],[-69.940232,-6.753376],[-69.940143,-6.753465],[-69.940058,-6.753559],[-69.939979,-6.753658],[-69.939905,-6.753761],[-69.939838,-6.753868],[-69.939776,-6.753978],[-69.939721,-6.754092],[-69.939672,-6.754209],[-69.93963,-6.754328],[-69.939594,-6.754449],[-69.939566,-6.754573],[-69.939544,-6.754697],[-69.939529,-6.754823],[-69.939521,-6.754949],[-69.939521,-6.755076],[-69.939575,-6.7574],[-69.939574,-6.757539],[-69.939568,-6.757679],[-69.939554,-6.757818],[-69.939534,-6.757956],[-69.939507,-6.758093],[-69.939473,-6.758228],[-69.939433,-6.758362],[-69.939387,-6.758494],[-69.939334,-6.758623],[-69.939276,-6.758749],[-69.939211,-6.758873],[-69.93914,-6.758993],[-69.939064,-6.75911],[-69.938982,-6.759223],[-69.938894,-6.759332],[-69.938802,-6.759436],[-69.938704,-6.759536],[-69.938602,-6.759631],[-69.938495,-6.759722],[-69.938385,-6.759806],[-69.93827,-6.759886],[-69.938151,-6.75996],[-69.938029,-6.760028],[-69.937904,-6.76009],[-69.937776,-6.760146],[-69.937646,-6.760195],[-69.937513,-6.760239],[-69.937379,-6.760276],[-69.935363,-6.760777],[-69.935229,-6.760807],[-69.935093,-6.76083],[-69.934957,-6.760847],[-69.93482,-6.760858],[-69.934683,-6.760862],[-69.934545,-6.76086],[-69.934408,-6.760851],[-69.934271,-6.760836],[-69.934136,-6.760814],[-69.934001,-6.760785],[-69.933868,-6.760751],[-69.933737,-6.76071],[-69.933608,-6.760663],[-69.933481,-6.76061],[-69.933357,-6.760551],[-69.931398,-6.75956],[-69.931201,-6.759456],[-69.931007,-6.759347],[-69.930817,-6.759231],[-69.93063,-6.75911],[-69.930447,-6.758983],[-69.930268,-6.758851],[-69.930093,-6.758714],[-69.929922,-6.758571],[-69.929756,-6.758422],[-69.929595,-6.758269],[-69.929438,-6.758111],[-69.929286,-6.757949],[-69.929139,-6.757781],[-69.928054,-6.756506],[-69.927952,-6.756382],[-69.927856,-6.756254],[-69.927764,-6.756123],[-69.927678,-6.755988],[-69.927598,-6.755849],[-69.927522,-6.755708],[-69.927453,-6.755564],[-69.927389,-6.755417],[-69.927331,-6.755267],[-69.927279,-6.755116],[-69.927233,-6.754962],[-69.927193,-6.754807],[-69.927159,-6.754651],[-69.926848,-6.753065],[-69.926809,-6.75285],[-69.926777,-6.752633],[-69.926751,-6.752416],[-69.926732,-6.752198],[-69.926719,-6.75198],[-69.926712,-6.751762],[-69.926712,-6.751543],[-69.926719,-6.751324],[-69.926732,-6.751106],[-69.926752,-6.750888],[-69.926778,-6.750671],[-69.926976,-6.749217],[-69.927011,-6.748983],[-69.927053,-6.748751],[-69.927103,-6.74852],[-69.927159,-6.74829],[-69.927222,-6.748063],[-69.927292,-6.747837],[-69.927369,-6.747614],[-69.927453,-6.747393],[-69.927543,-6.747174],[-69.92764,-6.746959],[-69.927743,-6.746746],[-69.927852,-6.746537],[-69.927968,-6.746331],[-69.92809,-6.746129],[-69.928218,-6.74593],[-69.928352,-6.745736],[-69.928492,-6.745545],[-69.93172,-6.741285],[-69.931852,-6.741105],[-69.931979,-6.740922],[-69.932101,-6.740736],[-69.932218,-6.740546],[-69.93233,-6.740353],[-69.932437,-6.740157],[-69.932538,-6.739958],[-69.932633,-6.739757],[-69.933202,-6.738514],[-69.933287,-6.73832],[-69.933366,-6.738122],[-69.933438,-6.737922],[-69.933503,-6.73772],[-69.933561,-6.737516],[-69.933612,-6.737309],[-69.933657,-6.737102],[-69.933694,-6.736892],[-69.933725,-6.736682],[-69.933748,-6.736471],[-69.933765,-6.736259],[-69.933774,-6.736047],[-69.933776,-6.735834],[-69.933771,-6.735622],[-69.933758,-6.73541],[-69.933739,-6.735198],[-69.933712,-6.734987],[-69.933679,-6.734777],[-69.933638,-6.734569],[-69.933591,-6.734362],[-69.933536,-6.734156],[-69.933475,-6.733953],[-69.933407,-6.733751],[-69.933332,-6.733553],[-69.933251,-6.733356],[-69.933163,-6.733163],[-69.933068,-6.732972],[-69.932968,-6.732785],[-69.932861,-6.732602],[-69.932747,-6.732422],[-69.932628,-6.732246],[-69.931785,-6.731043],[-69.931662,-6.730862],[-69.931544,-6.730678],[-69.931433,-6.73049],[-69.931326,-6.730298],[-69.931226,-6.730104],[-69.931131,-6.729907],[-69.931043,-6.729707],[-69.93096,-6.729504],[-69.930883,-6.729299],[-69.930127,-6.72718],[-69.930042,-6.726953],[-69.929951,-6.726728],[-69.929855,-6.726505],[-69.929752,-6.726285],[-69.929643,-6.726068],[-69.929529,-6.725853],[-69.929409,-6.725642],[-69.92829,-6.723736],[-69.928192,-6.723577],[-69.928089,-6.723422],[-69.927981,-6.72327],[-69.927866,-6.723123],[-69.927746,-6.72298],[-69.927621,-6.722842],[-69.927492,-6.722709],[-69.927357,-6.72258],[-69.927217,-6.722457],[-69.927073,-6.722338],[-69.926925,-6.722226],[-69.926772,-6.722118],[-69.926616,-6.722017],[-69.926456,-6.721921],[-69.926293,-6.721832],[-69.926126,-6.721748],[-69.925957,-6.721671],[-69.925784,-6.7216],[-69.925609,-6.721535],[-69.925432,-6.721477],[-69.925253,-6.721426],[-69.925072,-6.721381],[-69.92489,-6.721343],[-69.924706,-6.721312],[-69.924521,-6.721288],[-69.924336,-6.721271],[-69.92415,-6.72126],[-69.923963,-6.721256],[-69.923777,-6.72126],[-69.923591,-6.72127],[-69.923405,-6.721287],[-69.923221,-6.721311],[-69.923037,-6.721342],[-69.922854,-6.721379],[-69.922673,-6.721424],[-69.922494,-6.721475],[-69.922317,-6.721532],[-69.922142,-6.721597],[-69.921969,-6.721667],[-69.9218,-6.721744],[-69.921633,-6.721827],[-69.921469,-6.721917],[-69.921309,-6.722012],[-69.921153,-6.722113],[-69.921,-6.72222],[-69.920852,-6.722333],[-69.920708,-6.722451],[-69.920568,-6.722574],[-69.919419,-6.723626],[-69.919261,-6.723775],[-69.919109,-6.723929],[-69.918961,-6.724087],[-69.918818,-6.724251],[-69.918681,-6.724418],[-69.918549,-6.72459],[-69.918423,-6.724766],[-69.918303,-6.724947],[-69.918188,-6.72513],[-69.918079,-6.725318],[-69.917976,-6.725509],[-69.91788,-6.725703],[-69.917789,-6.725899],[-69.917705,-6.726099],[-69.917628,-6.726302],[-69.917557,-6.726506],[-69.917492,-6.726713],[-69.917434,-6.726922],[-69.917383,-6.727132],[-69.916852,-6.729477],[-69.916801,-6.729719],[-69.916757,-6.729962],[-69.916719,-6.730206],[-69.916687,-6.730451],[-69.916663,-6.730697],[-69.916645,-6.730944],[-69.916634,-6.73119],[-69.91663,-6.731437],[-69.916632,-6.731684],[-69.916641,-6.731931],[-69.916657,-6.732178],[-69.91668,-6.732424],[-69.917208,-6.737424],[-69.917256,-6.737843],[-69.91731,-6.738262],[-69.917371,-6.738679],[-69.917438,-6.739096],[-69.917512,-6.739511],[-69.917592,-6.739926],[-69.917678,-6.740339],[-69.917771,-6.74075],[-69.91787,-6.741161],[-69.917976,-6.741569],[-69.918088,-6.741976],[-69.918207,-6.742381],[-69.918331,-6.742784],[-69.918462,-6.743185],[-69.918599,-6.743584],[-69.919174,-6.745217],[-69.919237,-6.745407],[-69.919294,-6.745598],[-69.919343,-6.745791],[-69.919386,-6.745986],[-69.919422,-6.746182],[-69.919451,-6.746379],[-69.919473,-6.746577],[-69.919488,-6.746776],[-69.919497,-6.746975],[-69.919498,-6.747175],[-69.919492,-6.747374],[-69.919479,-6.747573],[-69.91946,-6.747772],[-69.919433,-6.747969],[-69.9194,-6.748166],[-69.919359,-6.748361],[-69.919312,-6.748555],[-69.919258,-6.748747],[-69.919197,-6.748937],[-69.91913,-6.749124],[-69.919056,-6.74931],[-69.918976,-6.749492],[-69.91889,-6.749672],[-69.918797,-6.749848],[-69.918698,-6.750022],[-69.918593,-6.750191],[-69.918482,-6.750357],[-69.918366,-6.750519],[-69.918244,-6.750677],[-69.918116,-6.75083],[-69.917983,-6.750979],[-69.917845,-6.751123],[-69.917703,-6.751262],[-69.917555,-6.751396],[-69.917403,-6.751525],[-69.916266,-6.752452],[-69.91612,-6.752567],[-69.91597,-6.752676],[-69.915816,-6.75278],[-69.915658,-6.752878],[-69.915496,-6.75297],[-69.915332,-6.753057],[-69.915164,-6.753137],[-69.914994,-6.753211],[-69.914821,-6.753278],[-69.914645,-6.75334],[-69.914468,-6.753395],[-69.914288,-6.753443],[-69.914107,-6.753484],[-69.913925,-6.753519],[-69.913741,-6.753548],[-69.913557,-6.753569],[-69.913372,-6.753584],[-69.913186,-6.753592],[-69.913,-6.753593],[-69.911306,-6.753572],[-69.911121,-6.753567],[-69.910936,-6.753556],[-69.910752,-6.75354],[-69.910569,-6.753517],[-69.910386,-6.753489],[-69.910204,-6.753456],[-69.910024,-6.753416],[-69.909844,-6.753371],[-69.908192,-6.752929],[-69.908003,-6.752875],[-69.907816,-6.752814],[-69.90763,-6.752748],[-69.907447,-6.752675],[-69.907267,-6.752597],[-69.907089,-6.752512],[-69.906914,-6.752421],[-69.906743,-6.752325],[-69.906574,-6.752223],[-69.906409,-6.752116],[-69.906248,-6.752003],[-69.905038,-6.751127],[-69.904884,-6.751011],[-69.904734,-6.750891],[-69.904588,-6.750766],[-69.904446,-6.750636],[-69.904309,-6.750502],[-69.904175,-6.750363],[-69.904047,-6.75022],[-69.903923,-6.750073],[-69.903804,-6.749922],[-69.903689,-6.749767],[-69.90358,-6.749608],[-69.903477,-6.749447],[-69.902433,-6.74776],[-69.902329,-6.747586],[-69.902231,-6.747409],[-69.902138,-6.747228],[-69.902052,-6.747045],[-69.901971,-6.746859],[-69.901896,-6.746671],[-69.901827,-6.74648],[-69.901765,-6.746287],[-69.901708,-6.746093],[-69.901658,-6.745896],[-69.901141,-6.743728],[-69.901087,-6.743482],[-69.901039,-6.743235],[-69.900997,-6.742987],[-69.900963,-6.742738],[-69.900936,-6.742488],[-69.900916,-6.742237],[-69.900902,-6.741986],[-69.900896,-6.741734],[-69.900897,-6.741483],[-69.900904,-6.741231],[-69.900919,-6.74098],[-69.90094,-6.740729],[-69.900969,-6.740479],[-69.901005,-6.74023],[-69.901047,-6.739982],[-69.901096,-6.739736],[-69.901153,-6.73949],[-69.901216,-6.739247],[-69.901285,-6.739005],[-69.901362,-6.738765],[-69.901445,-6.738528],[-69.901535,-6.738293],[-69.901631,-6.73806],[-69.901733,-6.73783],[-69.901842,-6.737604],[-69.901958,-6.73738],[-69.902079,-6.737159],[-69.902206,-6.736943],[-69.905152,-6.732086],[-69.905266,-6.731894],[-69.905375,-6.731698],[-69.905478,-6.7315],[-69.905577,-6.7313],[-69.905671,-6.731097],[-69.90576,-6.730892],[-69.905844,-6.730685],[-69.909174,-6.722157],[-69.909262,-6.72192],[-69.909344,-6.721681],[-69.90942,-6.72144],[-69.909488,-6.721196],[-69.90955,-6.720951],[-69.909605,-6.720704],[-69.909653,-6.720455],[-69.909693,-6.720205],[-69.909727,-6.719955],[-69.909754,-6.719703],[-69.909774,-6.719451],[-69.909787,-6.719198],[-69.909792,-6.718945],[-69.909791,-6.718692],[-69.909783,-6.718439],[-69.909767,-6.718186],[-69.909744,-6.717934],[-69.909715,-6.717683],[-69.909678,-6.717433],[-69.909634,-6.717184],[-69.90934,-6.715634],[-69.909309,-6.715488],[-69.909271,-6.715343],[-69.909227,-6.7152],[-69.909176,-6.71506],[-69.909118,-6.714921],[-69.909055,-6.714786],[-69.908985,-6.714654],[-69.908909,-6.714525],[-69.908827,-6.7144],[-69.90874,-6.714278],[-69.908647,-6.714161],[-69.907685,-6.713002],[-69.907529,-6.71282],[-69.907367,-6.712642],[-69.907201,-6.712469],[-69.907029,-6.712301],[-69.906852,-6.712138],[-69.906671,-6.71198],[-69.906485,-6.711828],[-69.906295,-6.711681],[-69.9061,-6.71154],[-69.905901,-6.711405],[-69.905699,-6.711276],[-69.905492,-6.711152],[-69.905282,-6.711035],[-69.905069,-6.710924],[-69.904853,-6.71082],[-69.904633,-6.710722],[-69.904411,-6.71063],[-69.904186,-6.710545],[-69.902436,-6.709913],[-69.902199,-6.709831],[-69.90196,-6.709755],[-69.901719,-6.709687],[-69.901477,-6.709625],[-69.901233,-6.70957],[-69.900987,-6.709521],[-69.90074,-6.70948],[-69.900492,-6.709445],[-69.898482,-6.709192],[-69.898324,-6.709168],[-69.898169,-6.709138],[-69.898014,-6.7091],[-69.897862,-6.709056],[-69.897711,-6.709005],[-69.897563,-6.708947],[-69.897418,-6.708883],[-69.897276,-6.708812],[-69.897137,-6.708734],[-69.897002,-6.708651],[-69.896871,-6.708562],[-69.896744,-6.708466],[-69.896621,-6.708366],[-69.896503,-6.708259],[-69.89639,-6.708148],[-69.896282,-6.708031],[-69.896179,-6.70791],[-69.896082,-6.707784],[-69.895991,-6.707655],[-69.895906,-6.707521],[-69.895826,-6.707383],[-69.895753,-6.707242],[-69.895687,-6.707098],[-69.895627,-6.706951],[-69.895573,-6.706801],[-69.895527,-6.706649],[-69.895487,-6.706496],[-69.895454,-6.70634],[-69.895429,-6.706184],[-69.89541,-6.706026],[-69.895399,-6.705867],[-69.895394,-6.705709],[-69.895397,-6.70555],[-69.895407,-6.705391],[-69.895424,-6.705234],[-69.895448,-6.705077],[-69.89548,-6.704921],[-69.895518,-6.704767],[-69.895563,-6.704614],[-69.895615,-6.704464],[-69.895674,-6.704317],[-69.895739,-6.704172],[-69.89581,-6.70403],[-69.895888,-6.703892],[-69.895972,-6.703757],[-69.896062,-6.703626],[-69.896158,-6.7035],[-69.89626,-6.703378],[-69.896367,-6.70326],[-69.896479,-6.703148],[-69.896596,-6.70304],[-69.896717,-6.702938],[-69.897867,-6.702018],[-69.898024,-6.701897],[-69.898185,-6.701782],[-69.89835,-6.701673],[-69.898519,-6.70157],[-69.898691,-6.701473],[-69.898867,-6.701383],[-69.899046,-6.701299],[-69.899228,-6.701222],[-69.899413,-6.701151],[-69.8996,-6.701087],[-69.899789,-6.70103],[-69.899981,-6.70098],[-69.900174,-6.700937],[-69.900368,-6.700901],[-69.900564,-6.700872],[-69.90076,-6.70085],[-69.900958,-6.700836],[-69.901155,-6.700828],[-69.901353,-6.700828],[-69.903488,-6.700864],[-69.903696,-6.700871],[-69.903904,-6.700883],[-69.904112,-6.700902],[-69.904318,-6.700926],[-69.904524,-6.700956],[-69.904729,-6.700992],[-69.904933,-6.701034],[-69.905136,-6.701082],[-69.905337,-6.701136],[-69.907841,-6.70184],[-69.907998,-6.701881],[-69.908157,-6.701914],[-69.908317,-6.701941],[-69.908478,-6.701961],[-69.90864,-6.701973],[-69.908802,-6.701979],[-69.908965,-6.701977],[-69.909127,-6.701968],[-69.909288,-6.701952],[-69.909449,-6.701929],[-69.909609,-6.701899],[-69.909767,-6.701863],[-69.909923,-6.701819],[-69.910077,-6.701768],[-69.910229,-6.701711],[-69.910379,-6.701647],[-69.910525,-6.701577],[-69.910668,-6.7015],[-69.910808,-6.701417],[-69.910944,-6.701329],[-69.911075,-6.701234],[-69.911203,-6.701134],[-69.911326,-6.701028],[-69.911444,-6.700916],[-69.911558,-6.7008],[-69.911666,-6.700679],[-69.911769,-6.700553],[-69.911866,-6.700423],[-69.911957,-6.700289],[-69.912042,-6.700151],[-69.912122,-6.700009],[-69.912195,-6.699864],[-69.912261,-6.699716],[-69.912321,-6.699566],[-69.912375,-6.699412],[-69.912421,-6.699257],[-69.912461,-6.699099],[-69.912797,-6.697634],[-69.912824,-6.6975],[-69.912846,-6.697365],[-69.91286,-6.697229],[-69.912868,-6.697092],[-69.91287,-6.696955],[-69.912865,-6.696818],[-69.912854,-6.696682],[-69.912836,-6.696546],[-69.912812,-6.696411],[-69.912782,-6.696278],[-69.912745,-6.696146],[-69.912702,-6.696016],[-69.912653,-6.695888],[-69.912598,-6.695762],[-69.912537,-6.69564],[-69.912471,-6.69552],[-69.912399,-6.695404],[-69.912321,-6.695291],[-69.912238,-6.695182],[-69.911243,-6.693935],[-69.911115,-6.69378],[-69.910981,-6.693629],[-69.910843,-6.693483],[-69.910699,-6.693341],[-69.910551,-6.693205],[-69.910398,-6.693074],[-69.910241,-6.692948],[-69.91008,-6.692827],[-69.909914,-6.692712],[-69.909745,-6.692602],[-69.909572,-6.692499],[-69.909396,-6.692401],[-69.909217,-6.692309],[-69.909034,-6.692224],[-69.908849,-6.692145],[-69.908661,-6.692072],[-69.908471,-6.692005],[-69.908278,-6.691945],[-69.906421,-6.691401],[-69.90623,-6.691348],[-69.906039,-6.691302],[-69.905845,-6.691261],[-69.905651,-6.691226],[-69.905456,-6.691198],[-69.90526,-6.691176],[-69.905063,-6.691159],[-69.904866,-6.691149],[-69.904668,-6.691145],[-69.904471,-6.691147],[-69.896498,-6.691359],[-69.896245,-6.691362],[-69.895992,-6.691358],[-69.895738,-6.691347],[-69.895486,-6.691329],[-69.895234,-6.691304],[-69.894983,-6.691272],[-69.894732,-6.691233],[-69.894483,-6.691187],[-69.894236,-6.691133],[-69.89399,-6.691073],[-69.893746,-6.691006],[-69.893503,-6.690933],[-69.893263,-6.690852],[-69.893025,-6.690765],[-69.89279,-6.690671],[-69.892558,-6.690571],[-69.892328,-6.690464],[-69.892101,-6.690351],[-69.891878,-6.690232],[-69.891658,-6.690106],[-69.891442,-6.689974],[-69.891229,-6.689836],[-69.891021,-6.689693],[-69.890816,-6.689543],[-69.887725,-6.687216],[-69.887528,-6.687072],[-69.887327,-6.686933],[-69.887123,-6.6868],[-69.886915,-6.686672],[-69.886704,-6.68655],[-69.881649,-6.68372],[-69.881345,-6.683546],[-69.881044,-6.683366],[-69.880747,-6.68318],[-69.880454,-6.682989],[-69.880164,-6.682792],[-69.879878,-6.682589],[-69.876908,-6.680439],[-69.876712,-6.680292],[-69.876519,-6.680141],[-69.876331,-6.679984],[-69.876147,-6.679822],[-69.875967,-6.679655],[-69.875792,-6.679484],[-69.875622,-6.679307],[-69.875456,-6.679126],[-69.875296,-6.678941],[-69.875141,-6.678752],[-69.87499,-6.678558],[-69.874845,-6.67836],[-69.874706,-6.678159],[-69.874572,-6.677954],[-69.874444,-6.677745],[-69.874321,-6.677533],[-69.874204,-6.677317],[-69.874093,-6.677099],[-69.873988,-6.676877],[-69.873889,-6.676653],[-69.873796,-6.676426],[-69.871399,-6.670339],[-69.871343,-6.670207],[-69.871281,-6.670078],[-69.871212,-6.669952],[-69.871138,-6.66983],[-69.871057,-6.669711],[-69.870971,-6.669597],[-69.870879,-6.669487],[-69.870781,-6.669382],[-69.870679,-6.669281],[-69.870572,-6.669186],[-69.87046,-6.669097],[-69.870344,-6.669013],[-69.870224,-6.668935],[-69.8701,-6.668863],[-69.869972,-6.668797],[-69.869842,-6.668737],[-69.869709,-6.668684],[-69.869573,-6.668638],[-69.869436,-6.668598],[-69.869296,-6.668566],[-69.869155,-6.66854],[-69.869013,-6.668521],[-69.86887,-6.668509],[-69.868727,-6.668505],[-69.868584,-6.668507],[-69.868441,-6.668517],[-69.868298,-6.668533],[-69.868157,-6.668557],[-69.868017,-6.668588],[-69.867879,-6.668625],[-69.867742,-6.668669],[-69.867608,-6.66872],[-69.867477,-6.668778],[-69.867349,-6.668842],[-69.867224,-6.668912],[-69.867103,-6.668989],[-69.866985,-6.669071],[-69.866872,-6.669159],[-69.866764,-6.669252],[-69.86666,-6.669351],[-69.863532,-6.672474],[-69.863152,-6.672858],[-69.862776,-6.673246],[-69.862405,-6.673639],[-69.862039,-6.674037],[-69.861678,-6.674438],[-69.861321,-6.674844],[-69.860969,-6.675254],[-69.860622,-6.675669],[-69.86028,-6.676087],[-69.859943,-6.67651],[-69.859611,-6.676936],[-69.859284,-6.677366],[-69.858963,-6.6778],[-69.858646,-6.678238],[-69.858335,-6.67868],[-69.858029,-6.679125],[-69.857728,-6.679574],[-69.856061,-6.682094],[-69.855948,-6.682259],[-69.855829,-6.682421],[-69.855705,-6.682578],[-69.855576,-6.682731],[-69.855441,-6.682879],[-69.855302,-6.683023],[-69.855158,-6.683162],[-69.855009,-6.683296],[-69.854856,-6.683424],[-69.854698,-6.683548],[-69.854536,-6.683666],[-69.854371,-6.683779],[-69.854202,-6.683886],[-69.854029,-6.683987],[-69.853853,-6.684083],[-69.853674,-6.684172],[-69.853492,-6.684255],[-69.853307,-6.684332],[-69.851492,-6.685053],[-69.8513,-6.685126],[-69.851107,-6.685193],[-69.850911,-6.685254],[-69.850713,-6.685309],[-69.850514,-6.685359],[-69.850314,-6.685402],[-69.850112,-6.685439],[-69.849909,-6.68547],[-69.846262,-6.68597],[-69.846034,-6.686005],[-69.845806,-6.686045],[-69.84558,-6.68609],[-69.845355,-6.686142],[-69.845132,-6.686199],[-69.84491,-6.686262],[-69.844689,-6.686331],[-69.844471,-6.686405],[-69.844254,-6.686485],[-69.84404,-6.686571],[-69.842387,-6.687253],[-69.842166,-6.687348],[-69.841947,-6.687448],[-69.841731,-6.687554],[-69.841518,-6.687667],[-69.841308,-6.687784],[-69.841102,-6.687908],[-69.840898,-6.688036],[-69.840698,-6.68817],[-69.840502,-6.68831],[-69.84031,-6.688454],[-69.840121,-6.688604],[-69.839937,-6.688758],[-69.839756,-6.688918],[-69.83958,-6.689082],[-69.839409,-6.68925],[-69.839242,-6.689424],[-69.83908,-6.689601],[-69.835449,-6.693681],[-69.835337,-6.693801],[-69.83522,-6.693917],[-69.835097,-6.694028],[-69.83497,-6.694133],[-69.834839,-6.694233],[-69.834703,-6.694326],[-69.834563,-6.694414],[-69.83442,-6.694496],[-69.834273,-6.694571],[-69.834123,-6.69464],[-69.83397,-6.694703],[-69.833815,-6.694758],[-69.833658,-6.694807],[-69.833498,-6.694849],[-69.833337,-6.694884],[-69.833174,-6.694912],[-69.833011,-6.694933],[-69.832846,-6.694947],[-69.832681,-6.694954],[-69.832516,-6.694953],[-69.832352,-6.694945],[-69.832187,-6.694931],[-69.832024,-6.694909],[-69.829156,-6.694461],[-69.829043,-6.694447],[-69.828931,-6.69444],[-69.828817,-6.69444],[-69.828704,-6.694447],[-69.828592,-6.694461],[-69.828481,-6.694483],[-69.828371,-6.694511],[-69.828264,-6.694546],[-69.828158,-6.694587],[-69.828056,-6.694635],[-69.827957,-6.69469],[-69.827861,-6.69475],[-69.827769,-6.694817],[-69.827682,-6.694889],[-69.827599,-6.694966],[-69.827522,-6.695048],[-69.827449,-6.695136],[-69.827383,-6.695227],[-69.827322,-6.695322],[-69.827267,-6.695421],[-69.827218,-6.695523],[-69.827176,-6.695629],[-69.827141,-6.695736],[-69.827112,-6.695846],[-69.827091,-6.695957],[-69.827076,-6.696069],[-69.827068,-6.696182],[-69.827068,-6.696295],[-69.827074,-6.696408],[-69.827088,-6.69652],[-69.827108,-6.696631],[-69.827414,-6.69804],[-69.827447,-6.698178],[-69.827487,-6.698313],[-69.827534,-6.698446],[-69.827587,-6.698577],[-69.827646,-6.698706],[-69.827712,-6.698831],[-69.827783,-6.698953],[-69.82786,-6.699071],[-69.827944,-6.699185],[-69.828032,-6.699295],[-69.828126,-6.699401],[-69.828225,-6.699502],[-69.828328,-6.699598],[-69.828437,-6.699688],[-69.828549,-6.699774],[-69.829791,-6.70067],[-69.829989,-6.700816],[-69.830182,-6.700968],[-69.830372,-6.701126],[-69.830557,-6.701288],[-69.830737,-6.701455],[-69.830913,-6.701627],[-69.831084,-6.701804],[-69.83125,-6.701986],[-69.831412,-6.702172],[-69.831568,-6.702362],[-69.831719,-6.702556],[-69.831864,-6.702755],[-69.832005,-6.702957],[-69.832139,-6.703163],[-69.832268,-6.703373],[-69.832391,-6.703586],[-69.832509,-6.703802],[-69.83262,-6.704022],[-69.832725,-6.704244],[-69.833328,-6.705561],[-69.833435,-6.705787],[-69.833548,-6.70601],[-69.833668,-6.70623],[-69.833793,-6.706446],[-69.833925,-6.706659],[-69.834062,-6.706868],[-69.834205,-6.707074],[-69.834353,-6.707275],[-69.834508,-6.707472],[-69.834667,-6.707664],[-69.834832,-6.707853],[-69.835002,-6.708036],[-69.835177,-6.708215],[-69.835357,-6.708389],[-69.835541,-6.708558],[-69.83573,-6.708721],[-69.835924,-6.70888],[-69.836122,-6.709033],[-69.836324,-6.70918],[-69.83653,-6.709322],[-69.83674,-6.709458],[-69.836953,-6.709588],[-69.83717,-6.709712],[-69.840684,-6.711659],[-69.840865,-6.711763],[-69.841042,-6.711874],[-69.841216,-6.711991],[-69.841386,-6.712113],[-69.841551,-6.712241],[-69.841711,-6.712375],[-69.841867,-6.712514],[-69.842019,-6.712659],[-69.842165,-6.712808],[-69.842306,-6.712963],[-69.842441,-6.713122],[-69.842571,-6.713286],[-69.842695,-6.713454],[-69.842814,-6.713626],[-69.842926,-6.713802],[-69.843033,-6.713982],[-69.843133,-6.714166],[-69.843227,-6.714352],[-69.843314,-6.714542],[-69.843395,-6.714735],[-69.843469,-6.714931],[-69.843537,-6.715128],[-69.843598,-6.715328],[-69.843651,-6.715531],[-69.843698,-6.715734],[-69.843738,-6.715939],[-69.843771,-6.716146],[-69.843796,-6.716353],[-69.843815,-6.716562],[-69.843826,-6.71677],[-69.843831,-6.716979],[-69.843828,-6.717188],[-69.843818,-6.717397],[-69.843801,-6.717606],[-69.843776,-6.717813],[-69.843745,-6.71802],[-69.843706,-6.718225],[-69.843661,-6.718429],[-69.843608,-6.718632],[-69.843549,-6.718832],[-69.843483,-6.719031],[-69.84341,-6.719226],[-69.84333,-6.71942],[-69.843244,-6.71961],[-69.843151,-6.719798],[-69.843052,-6.719982],[-69.842947,-6.720162],[-69.842836,-6.720339],[-69.842718,-6.720512],[-69.842595,-6.720681],[-69.842466,-6.720846],[-69.842332,-6.721006],[-69.842192,-6.721161],[-69.841143,-6.722286],[-69.841013,-6.722421],[-69.840878,-6.72255],[-69.840738,-6.722675],[-69.840593,-6.722793],[-69.840444,-6.722907],[-69.840291,-6.723014],[-69.840133,-6.723116],[-69.839972,-6.723211],[-69.839808,-6.723301],[-69.83964,-6.723384],[-69.839469,-6.723461],[-69.839296,-6.723531],[-69.839119,-6.723594],[-69.838941,-6.723651],[-69.838761,-6.723701],[-69.838578,-6.723744],[-69.838395,-6.72378],[-69.83821,-6.723809],[-69.838024,-6.723831],[-69.837837,-6.723846],[-69.83765,-6.723854],[-69.837463,-6.723855],[-69.83433,-6.723809],[-69.834097,-6.723802],[-69.833865,-6.72379],[-69.833634,-6.723772],[-69.833403,-6.723747],[-69.833172,-6.723717],[-69.832943,-6.723681],[-69.832714,-6.723639],[-69.832487,-6.723591],[-69.832261,-6.723538],[-69.832036,-6.723478],[-69.829898,-6.722883],[-69.829656,-6.722812],[-69.829415,-6.722734],[-69.829177,-6.722649],[-69.828941,-6.722558],[-69.828708,-6.72246],[-69.828478,-6.722356],[-69.828251,-6.722245],[-69.828026,-6.722129],[-69.827806,-6.722005],[-69.827589,-6.721876],[-69.827375,-6.721741],[-69.827165,-6.7216],[-69.82696,-6.721453],[-69.826758,-6.7213],[-69.826561,-6.721142],[-69.826369,-6.720978],[-69.826181,-6.720809],[-69.825998,-6.720635],[-69.82582,-6.720456],[-69.825646,-6.720271],[-69.825479,-6.720083],[-69.825316,-6.719889],[-69.825159,-6.719691],[-69.825007,-6.719489],[-69.824862,-6.719282],[-69.824722,-6.719072],[-69.824588,-6.718858],[-69.82446,-6.71864],[-69.824338,-6.718418],[-69.824222,-6.718194],[-69.824113,-6.717966],[-69.821926,-6.713238],[-69.821818,-6.713012],[-69.821704,-6.71279],[-69.821584,-6.712571],[-69.821458,-6.712356],[-69.821326,-6.712144],[-69.821188,-6.711936],[-69.821044,-6.711731],[-69.820895,-6.711531],[-69.82074,-6.711335],[-69.82058,-6.711143],[-69.820415,-6.710956],[-69.820244,-6.710773],[-69.820069,-6.710596],[-69.819889,-6.710423],[-69.819704,-6.710255],[-69.819514,-6.710092],[-69.819321,-6.709935],[-69.819122,-6.709783],[-69.81892,-6.709636],[-69.818714,-6.709495],[-69.818504,-6.70936],[-69.81829,-6.709231],[-69.818073,-6.709108],[-69.817852,-6.70899],[-69.817629,-6.708879],[-69.817402,-6.708774],[-69.817173,-6.708676],[-69.81694,-6.708583],[-69.816706,-6.708497],[-69.816469,-6.708418],[-69.81623,-6.708345],[-69.814534,-6.707854],[-69.814299,-6.70779],[-69.814063,-6.707732],[-69.813825,-6.70768],[-69.813586,-6.707635],[-69.813346,-6.707596],[-69.813104,-6.707563],[-69.812862,-6.707537],[-69.81262,-6.707518],[-69.812377,-6.707505],[-69.812133,-6.707498],[-69.807737,-6.707442],[-69.807342,-6.70744],[-69.806947,-6.707444],[-69.806552,-6.707453],[-69.806157,-6.707468],[-69.801528,-6.707679],[-69.801298,-6.707686],[-69.801068,-6.707685],[-69.800838,-6.707678],[-69.800608,-6.707664],[-69.800379,-6.707643],[-69.80015,-6.707615],[-69.799923,-6.707579],[-69.799697,-6.707537],[-69.799472,-6.707488],[-69.799248,-6.707432],[-69.799027,-6.707369],[-69.798808,-6.707299],[-69.79859,-6.707223],[-69.798376,-6.70714],[-69.798163,-6.707051],[-69.797954,-6.706955],[-69.797748,-6.706853],[-69.797545,-6.706744],[-69.797345,-6.706629],[-69.797149,-6.706509],[-69.796957,-6.706382],[-69.796769,-6.706249],[-69.796585,-6.706111],[-69.796405,-6.705967],[-69.79623,-6.705818],[-69.796059,-6.705663],[-69.795894,-6.705504],[-69.795733,-6.705339],[-69.795577,-6.705169],[-69.795427,-6.704995],[-69.795282,-6.704816],[-69.795142,-6.704633],[-69.795009,-6.704446],[-69.794881,-6.704255],[-69.794759,-6.704059],[-69.794643,-6.70386],[-69.794533,-6.703658],[-69.794429,-6.703453],[-69.794332,-6.703244],[-69.794242,-6.703032],[-69.794157,-6.702818],[-69.79408,-6.702602],[-69.794009,-6.702383],[-69.793945,-6.702162],[-69.793887,-6.701939],[-69.793837,-6.701714],[-69.793793,-6.701488],[-69.793756,-6.701261],[-69.793727,-6.701033],[-69.793704,-6.700804],[-69.793504,-6.698407],[-69.793484,-6.698209],[-69.793457,-6.698012],[-69.793423,-6.697816],[-69.793382,-6.697622],[-69.793335,-6.697429],[-69.79328,-6.697237],[-69.793219,-6.697048],[-69.793151,-6.696861],[-69.793077,-6.696677],[-69.792997,-6.696495],[-69.79291,-6.696316],[-69.792816,-6.69614],[-69.792717,-6.695968],[-69.792612,-6.695799],[-69.7925,-6.695634],[-69.792383,-6.695474],[-69.792261,-6.695317],[-69.792133,-6.695165],[-69.792,-6.695017],[-69.791861,-6.694874],[-69.791718,-6.694736],[-69.79157,-6.694603],[-69.791417,-6.694476],[-69.79126,-6.694354],[-69.791099,-6.694237],[-69.790934,-6.694127],[-69.790765,-6.694022],[-69.790592,-6.693923],[-69.790416,-6.69383],[-69.790237,-6.693744],[-69.790055,-6.693664],[-69.78987,-6.69359],[-69.789683,-6.693523],[-69.789493,-6.693463],[-69.789302,-6.693409],[-69.789109,-6.693362],[-69.788914,-6.693322],[-69.788718,-6.693288],[-69.788521,-6.693262],[-69.788323,-6.693243],[-69.788124,-6.69323],[-69.785037,-6.693091],[-69.784817,-6.693083],[-69.784597,-6.693081],[-69.784376,-6.693085],[-69.784156,-6.693094],[-69.783936,-6.693108],[-69.783717,-6.693128],[-69.778084,-6.693698],[-69.777718,-6.693733],[-69.777351,-6.693762],[-69.776984,-6.693787],[-69.776617,-6.693807],[-69.769652,-6.694133],[-69.769482,-6.694137],[-69.769312,-6.694134],[-69.769142,-6.694124],[-69.768973,-6.694108],[-69.768805,-6.694084],[-69.768638,-6.694053],[-69.768472,-6.694015],[-69.768308,-6.69397],[-69.768146,-6.693919],[-69.767987,-6.693861],[-69.76783,-6.693796],[-69.767676,-6.693724],[-69.767524,-6.693647],[-69.767377,-6.693563],[-69.767233,-6.693473],[-69.767092,-6.693377],[-69.766956,-6.693275],[-69.766825,-6.693168],[-69.766697,-6.693055],[-69.766575,-6.692937],[-69.766458,-6.692814],[-69.766346,-6.692686],[-69.766239,-6.692554],[-69.766203,-6.692505],[-69.762605,-6.684817],[-69.762605,-6.680227],[-69.763685,-6.677797],[-69.765845,-6.674017],[-69.769085,-6.669967],[-69.771516,-6.665916],[-69.773136,-6.661326],[-69.774486,-6.656736],[-69.776376,-6.653496],[-69.780696,-6.650526],[-69.786096,-6.648906],[-69.787986,-6.645936],[-69.789066,-6.641345],[-69.788526,-6.637835],[-69.786096,-6.634595],[-69.782586,-6.631355],[-69.779346,-6.629195],[-69.779076,-6.626225],[-69.779616,-6.624335],[-69.781506,-6.621095],[-69.783666,-6.618125],[-69.787446,-6.615965],[-69.792306,-6.613534],[-69.794196,-6.611104],[-69.793926,-6.607324],[-69.792036,-6.604894],[-69.789876,-6.603274],[-69.784206,-6.602194],[-69.778536,-6.603274],[-69.773136,-6.606514],[-69.766925,-6.610564],[-69.760445,-6.613534],[-69.756395,-6.613264],[-69.752075,-6.612454],[-69.749645,-6.610834],[-69.747215,-6.607594],[-69.747215,-6.605164],[-69.747215,-6.601924],[-69.746405,-6.597064],[-69.745865,-6.593284],[-69.742894,-6.588964],[-69.738844,-6.586264],[-69.733714,-6.584373],[-69.728854,-6.583563],[-69.726154,-6.581943],[-69.726154,-6.578973],[-69.729664,-6.575463],[-69.733444,-6.572493],[-69.738304,-6.572493],[-69.744785,-6.573843],[-69.750725,-6.579513],[-69.756125,-6.584103],[-69.759905,-6.585453],[-69.762335,-6.585453],[-69.764765,-6.584913],[-69.768545,-6.582753],[-69.770975,-6.580053],[-69.772596,-6.576543],[-69.772056,-6.571143],[-69.771786,-6.567903],[-69.769895,-6.565743],[-69.764765,-6.563583],[-69.758015,-6.561153],[-69.751535,-6.559803],[-69.744245,-6.559803],[-69.738844,-6.559803],[-69.731014,-6.560073],[-69.725614,-6.559263],[-69.721834,-6.557372],[-69.718594,-6.553322],[-69.716434,-6.548732],[-69.713463,-6.548192],[-69.710223,-6.548732],[-69.706983,-6.550352],[-69.701043,-6.552782],[-69.696723,-6.555752],[-69.691323,-6.560613],[-69.684572,-6.565203],[-69.681602,-6.566283],[-69.677552,-6.566013],[-69.674312,-6.565203],[-69.672152,-6.563853],[-69.668372,-6.560613],[-69.666752,-6.556832],[-69.664052,-6.551702],[-69.660812,-6.548192],[-69.656761,-6.545492],[-69.652711,-6.544682],[-69.651901,-6.541172],[-69.653521,-6.537932],[-69.660541,-6.536042],[-69.666482,-6.535772],[-69.668642,-6.530912],[-69.666482,-6.529561],[-69.663242,-6.528481],[-69.657841,-6.527941],[-69.652711,-6.528211],[-69.647851,-6.528211],[-69.642451,-6.529831],[-69.637861,-6.532802],[-69.634351,-6.538202],[-69.63111,-6.545492],[-69.62841,-6.548732],[-69.6249,-6.549812],[-69.62166,-6.549272],[-69.61788,-6.548192],[-69.61383,-6.543602],[-69.6087,-6.534962],[-69.601139,-6.525781],[-69.598439,-6.523621],[-69.594119,-6.523621],[-69.591419,-6.525781],[-69.588989,-6.529831],[-69.587099,-6.536852],[-69.586019,-6.545222],[-69.583859,-6.548732],[-69.580619,-6.551432],[-69.575758,-6.552782],[-69.571708,-6.553322],[-69.570088,-6.554402],[-69.570088,-6.556562],[-69.571978,-6.558723],[-69.574948,-6.559803],[-69.578729,-6.561153],[-69.583589,-6.560883],[-69.589529,-6.559803],[-69.595739,-6.558452],[-69.601409,-6.557102],[-69.606,-6.556292],[-69.61086,-6.556292],[-69.61491,-6.558723],[-69.61599,-6.561693],[-69.61464,-6.564933],[-69.60978,-6.570063],[-69.599519,-6.578973],[-69.565498,-6.601924],[-69.562798,-6.605164],[-69.562798,-6.608944],[-69.564148,-6.612724],[-69.566038,-6.616775],[-69.570358,-6.621095],[-69.570358,-6.624065],[-69.569008,-6.625415],[-69.565768,-6.625415],[-69.562528,-6.624335],[-69.554158,-6.617585],[-69.549837,-6.614885],[-69.544707,-6.613534],[-69.539847,-6.613264],[-69.534447,-6.615695],[-69.530937,-6.619745],[-69.527967,-6.624335],[-69.524997,-6.625955],[-69.522026,-6.624605],[-69.519596,-6.621905],[-69.518246,-6.618395],[-69.518246,-6.613805],[-69.519596,-6.607054],[-69.522567,-6.600574],[-69.523917,-6.596524],[-69.528777,-6.590044],[-69.529857,-6.585183],[-69.528507,-6.580593],[-69.525267,-6.576003],[-69.519866,-6.572223],[-69.512576,-6.571413],[-69.503936,-6.572493],[-69.495566,-6.575193],[-69.487465,-6.578433],[-69.482335,-6.578433],[-69.479095,-6.576003],[-69.475855,-6.568983],[-69.472885,-6.564393],[-69.468835,-6.561153],[-69.459924,-6.557642],[-69.457224,-6.555212],[-69.459924,-6.552242],[-69.464244,-6.549812],[-69.469915,-6.546302],[-69.474775,-6.541712],[-69.475315,-6.537932],[-69.474775,-6.532532],[-69.470185,-6.529021],[-69.465054,-6.528481],[-69.459654,-6.531182],[-69.456144,-6.533342],[-69.453984,-6.535772],[-69.449124,-6.536582],[-69.446694,-6.535502],[-69.442374,-6.531992],[-69.439404,-6.525511],[-69.438593,-6.522271],[-69.435623,-6.520381],[-69.432383,-6.519031],[-69.424283,-6.519841],[-69.418343,-6.522541],[-69.416723,-6.525511],[-69.416993,-6.530101],[-69.419423,-6.535232],[-69.424013,-6.540632],[-69.428333,-6.545492],[-69.431843,-6.551972],[-69.435893,-6.564123],[-69.439674,-6.568983],[-69.443184,-6.574113],[-69.444264,-6.579513],[-69.442644,-6.585183],[-69.435893,-6.587074],[-69.431843,-6.586534],[-69.426713,-6.585183],[-69.424553,-6.582753],[-69.421043,-6.579783],[-69.417263,-6.576543],[-69.414293,-6.572223],[-69.411322,-6.569523],[-69.405112,-6.568983],[-69.402142,-6.569793],[-69.398632,-6.570333],[-69.394582,-6.569523],[-69.389722,-6.568443],[-69.386752,-6.567093],[-69.381621,-6.567093],[-69.375681,-6.568983],[-69.371091,-6.572223],[-69.366231,-6.575193],[-69.364071,-6.572493],[-69.363261,-6.568173],[-69.363261,-6.562773],[-69.363531,-6.559263],[-69.360831,-6.558182],[-69.358131,-6.558993],[-69.35624,-6.562233],[-69.3557,-6.566553],[-69.3557,-6.573573],[-69.357591,-6.583833],[-69.360561,-6.594094],[-69.362991,-6.603004],[-69.362181,-6.612184],[-69.360561,-6.616505],[-69.357861,-6.619205],[-69.35354,-6.619205],[-69.34976,-6.618125],[-69.34382,-6.614075],[-69.34031,-6.612994],[-69.33518,-6.613805],[-69.33086,-6.615965],[-69.325729,-6.618665],[-69.323299,-6.618395],[-69.322219,-6.615695],[-69.322219,-6.612454],[-69.323839,-6.608674],[-69.327079,-6.606514],[-69.33167,-6.604084],[-69.33518,-6.600034],[-69.33545,-6.596794],[-69.33491,-6.592474],[-69.3341,-6.587344],[-69.3314,-6.583833],[-69.326539,-6.581673],[-69.320869,-6.579243],[-69.313039,-6.577893],[-69.303049,-6.578703],[-69.293328,-6.580323],[-69.290358,-6.582483],[-69.289278,-6.585723],[-69.289548,-6.589504],[-69.290628,-6.593284],[-69.293868,-6.596524],[-69.298188,-6.599764],[-69.298188,-6.603274],[-69.297648,-6.604894],[-69.294948,-6.606514],[-69.291438,-6.606514],[-69.286578,-6.605704],[-69.280368,-6.604624],[-69.274698,-6.604624],[-69.268217,-6.602194],[-69.262817,-6.597874],[-69.259307,-6.593284],[-69.256067,-6.589234],[-69.252287,-6.587074],[-69.247157,-6.587074],[-69.239866,-6.587344],[-69.235546,-6.587074],[-69.229336,-6.585453],[-69.224206,-6.584913],[-69.220696,-6.585993],[-69.217995,-6.588694],[-69.217455,-6.591934],[-69.217455,-6.597064],[-69.217995,-6.600574],[-69.216375,-6.602464],[-69.213675,-6.603004],[-69.211245,-6.602734],[-69.209625,-6.601114],[-69.206655,-6.597334],[-69.203955,-6.595984],[-69.199365,-6.592744],[-69.195315,-6.588964],[-69.190455,-6.584373],[-69.183704,-6.579513],[-69.175064,-6.575463],[-69.171014,-6.571683],[-69.163994,-6.565473],[-69.158593,-6.561963],[-69.154543,-6.560883],[-69.150763,-6.561423],[-69.146983,-6.564663],[-69.143743,-6.571143],[-69.143743,-6.578163],[-69.147523,-6.587614],[-69.151303,-6.594364],[-69.151843,-6.600574],[-69.150493,-6.603814],[-69.147523,-6.607324],[-69.145093,-6.608944],[-69.139153,-6.609754],[-69.134022,-6.609754],[-69.129162,-6.610834],[-69.125112,-6.612454],[-69.120522,-6.612454],[-69.118632,-6.609214],[-69.117822,-6.605974],[-69.117822,-6.602194],[-69.118362,-6.597874],[-69.120252,-6.592744],[-69.122682,-6.588154],[-69.126732,-6.581403],[-69.128892,-6.575733],[-69.129702,-6.571143],[-69.129972,-6.566283],[-69.128082,-6.561693],[-69.125112,-6.558182],[-69.119712,-6.553322],[-69.112152,-6.549812],[-69.107832,-6.546842],[-69.104051,-6.544682],[-69.102701,-6.542522],[-69.102431,-6.540092],[-69.103241,-6.537662],[-69.103781,-6.534962],[-69.106751,-6.532802],[-69.111072,-6.530641],[-69.116472,-6.529561],[-69.125652,-6.530641],[-69.130782,-6.531182],[-69.133212,-6.529291],[-69.134022,-6.526591],[-69.133752,-6.523621],[-69.133212,-6.521731],[-69.132132,-6.520921],[-69.130242,-6.520111],[-69.127002,-6.519031],[-69.121062,-6.518491],[-69.114312,-6.518491],[-69.107832,-6.520921],[-69.101351,-6.524431],[-69.093791,-6.533612],[-69.087581,-6.540632],[-69.083531,-6.543062],[-69.07948,-6.543332],[-69.07057,-6.540092],[-69.0676,-6.535502],[-69.06193,-6.531722],[-69.05896,-6.530912],[-69.05491,-6.531182],[-69.051939,-6.533612],[-69.050319,-6.537662],[-69.050319,-6.543062],[-69.051399,-6.547922],[-69.05221,-6.553322],[-69.050589,-6.556292],[-69.047889,-6.557642],[-69.043839,-6.557642],[-69.040599,-6.554942],[-69.036819,-6.549542],[-69.035199,-6.541982],[-69.039519,-6.535772],[-69.043029,-6.529021],[-69.043029,-6.522811],[-69.041949,-6.516871],[-69.037629,-6.512821],[-69.034119,-6.511201],[-69.030069,-6.511471],[-69.024939,-6.513361],[-69.021428,-6.516871],[-69.018998,-6.522001],[-69.015758,-6.527941],[-69.012248,-6.531722],[-69.008468,-6.533612],[-69.004148,-6.533612],[-68.998748,-6.532802],[-68.993887,-6.530641],[-68.990377,-6.528481],[-68.986327,-6.527941],[-68.982817,-6.532802],[-68.983627,-6.537932],[-68.984977,-6.541982],[-68.989567,-6.549002],[-68.991727,-6.557642],[-68.991187,-6.564663],[-68.991187,-6.569253],[-68.992807,-6.574923],[-68.994697,-6.577623],[-68.998748,-6.579513],[-69.002798,-6.581403],[-69.002528,-6.583563],[-68.997938,-6.584373],[-68.993077,-6.584373],[-68.990107,-6.583833],[-68.987677,-6.582213],[-68.984437,-6.579243],[-68.983087,-6.577083],[-68.980657,-6.573033],[-68.979037,-6.566013],[-68.979307,-6.560883],[-68.978497,-6.554942],[-68.976337,-6.551432],[-68.972557,-6.544682],[-68.967696,-6.536852],[-68.965536,-6.531452],[-68.963106,-6.524971],[-68.957436,-6.524971],[-68.954736,-6.526051],[-68.951496,-6.528481],[-68.947986,-6.535232],[-68.945826,-6.543872],[-68.941235,-6.553862],[-68.939615,-6.564123],[-68.936375,-6.575193],[-68.933675,-6.578703],[-68.928275,-6.582213],[-68.922605,-6.583023],[-68.918285,-6.580863],[-68.915585,-6.578703],[-68.913154,-6.574653],[-68.910724,-6.570873],[-68.910724,-6.566013],[-68.911534,-6.561963],[-68.913154,-6.558993],[-68.917205,-6.556562],[-68.923145,-6.554672],[-68.930975,-6.552782],[-68.935565,-6.549812],[-68.937725,-6.546302],[-68.937995,-6.541982],[-68.937455,-6.538202],[-68.934755,-6.534962],[-68.929085,-6.532532],[-68.923415,-6.532802],[-68.918015,-6.536582],[-68.913965,-6.541442],[-68.908834,-6.546302],[-68.903434,-6.549542],[-68.899654,-6.551702],[-68.898574,-6.550892],[-68.896684,-6.548732],[-68.896684,-6.546302],[-68.897764,-6.544682],[-68.899654,-6.541712],[-68.901544,-6.539012],[-68.901544,-6.537392],[-68.900734,-6.534152],[-68.898574,-6.530912],[-68.893984,-6.529021],[-68.884263,-6.525241],[-68.869413,-6.519031],[-68.861583,-6.516871],[-68.852402,-6.518761],[-68.847002,-6.521461],[-68.840522,-6.525511],[-68.835122,-6.526321],[-68.830261,-6.526051],[-68.824591,-6.524701],[-68.818921,-6.519031],[-68.815951,-6.517141],[-68.812981,-6.517141],[-68.809741,-6.518491],[-68.804341,-6.521191],[-68.79975,-6.519031],[-68.79813,-6.516331],[-68.79759,-6.513091],[-68.79624,-6.503911],[-68.79597,-6.49662],[-68.79786,-6.49041],[-68.80164,-6.48177],[-68.80056,-6.47826],[-68.79894,-6.474209],[-68.79435,-6.470969],[-68.78895,-6.470159],[-68.7849,-6.470969],[-68.78139,-6.474479],[-68.77923,-6.47637],[-68.77815,-6.48069],[-68.77869,-6.48663],[-68.78274,-6.49554],[-68.79138,-6.505531],[-68.79111,-6.509581],[-68.7876,-6.513631],[-68.78193,-6.517411],[-68.77599,-6.517411],[-68.767889,-6.516331],[-68.761409,-6.514981],[-68.756279,-6.512011],[-68.752769,-6.509041],[-68.751959,-6.50229],[-68.753039,-6.49662],[-68.758979,-6.49041],[-68.762219,-6.48555],[-68.762489,-6.47907],[-68.761139,-6.473129],[-68.759519,-6.466649],[-68.756549,-6.461249],[-68.752499,-6.459089],[-68.748449,-6.459359],[-68.745208,-6.460979],[-68.741428,-6.463409],[-68.733328,-6.467189],[-68.712537,-6.473939],[-68.706327,-6.47691],[-68.704167,-6.48096],[-68.701467,-6.48609],[-68.699577,-6.49122],[-68.696607,-6.49149],[-68.691746,-6.49041],[-68.689316,-6.48663],[-68.689046,-6.48231],[-68.686346,-6.47853],[-68.680406,-6.47745],[-68.675276,-6.47907],[-68.670686,-6.48366],[-68.669606,-6.48987],[-68.667716,-6.49581],[-68.663395,-6.49905],[-68.657185,-6.49905],[-68.652055,-6.49689],[-68.649895,-6.49392],[-68.646655,-6.48987],[-68.645575,-6.48474],[-68.645575,-6.47934],[-68.646925,-6.471239],[-68.648815,-6.466649],[-68.646385,-6.465299],[-68.641525,-6.463409],[-68.633154,-6.462599],[-68.623434,-6.463949],[-68.613444,-6.466919],[-68.603183,-6.469079],[-68.596163,-6.467999],[-68.591843,-6.464759],[-68.585903,-6.459089],[-68.583743,-6.458009],[-68.581312,-6.458279],[-68.579422,-6.460169],[-68.579422,-6.464759],[-68.582123,-6.468539],[-68.587523,-6.471509],[-68.594813,-6.473129],[-68.602103,-6.474479],[-68.606153,-6.47718],[-68.607773,-6.48096],[-68.607773,-6.48474],[-68.606153,-6.48933],[-68.602373,-6.49338],[-68.596973,-6.49797],[-68.595083,-6.50175],[-68.593193,-6.509311],[-68.589953,-6.514441],[-68.586983,-6.517141],[-68.580502,-6.516871],[-68.577262,-6.515251],[-68.575102,-6.510661],[-68.572672,-6.506341],[-68.569432,-6.503371],[-68.565112,-6.50094],[-68.559982,-6.50013],[-68.558092,-6.49635],[-68.559712,-6.49095],[-68.563762,-6.48771],[-68.568622,-6.48609],[-68.571592,-6.48258],[-68.572402,-6.47799],[-68.571592,-6.474749],[-68.568622,-6.471509],[-68.563222,-6.468539],[-68.555932,-6.465029],[-68.546751,-6.462059],[-68.542431,-6.462059],[-68.536221,-6.462869],[-68.530281,-6.465839],[-68.528121,-6.471779],[-68.528121,-6.4788],[-68.532441,-6.48609],[-68.532981,-6.49014],[-68.531091,-6.49392],[-68.526501,-6.49689],[-68.51948,-6.49689],[-68.51543,-6.49446],[-68.51273,-6.49095],[-68.51057,-6.48582],[-68.50976,-6.48069],[-68.50976,-6.474479],[-68.51084,-6.469079],[-68.51084,-6.464759],[-68.50949,-6.461789],[-68.50544,-6.459899],[-68.498149,-6.460169],[-68.495449,-6.462329],[-68.492479,-6.466919],[-68.488159,-6.475289],[-68.485999,-6.47799],[-68.482489,-6.47799],[-68.479519,-6.47556],[-68.476009,-6.470429],[-68.474119,-6.469619],[-68.470608,-6.471509],[-68.467638,-6.475289],[-68.465208,-6.47907],[-68.460888,-6.48042],[-68.453598,-6.47988],[-68.447658,-6.47583],[-68.441177,-6.470699],[-68.437937,-6.470699],[-68.433077,-6.471239],[-68.430377,-6.4761],[-68.429567,-6.48204],[-68.432537,-6.48717],[-68.438747,-6.49203],[-68.444688,-6.49446],[-68.455218,-6.49608],[-68.459268,-6.49905],[-68.461158,-6.50229],[-68.460078,-6.505531],[-68.458188,-6.508771],[-68.453868,-6.509041],[-68.447118,-6.507151],[-68.441177,-6.50229],[-68.431187,-6.49446],[-68.426867,-6.49392],[-68.421197,-6.495],[-68.417147,-6.49662],[-68.414176,-6.50094],[-68.412826,-6.506881],[-68.412286,-6.514171],[-68.415526,-6.522271],[-68.417417,-6.528751],[-68.415256,-6.531182],[-68.411206,-6.532262],[-68.405266,-6.531722],[-68.399866,-6.525781],[-68.396896,-6.520381],[-68.396896,-6.513361],[-68.398786,-6.508231],[-68.403646,-6.505261],[-68.407696,-6.49905],[-68.409856,-6.49338],[-68.411206,-6.48852],[-68.412016,-6.48231],[-68.412286,-6.473669],[-68.411746,-6.466109],[-68.410666,-6.460709],[-68.407696,-6.455309],[-68.401756,-6.451529],[-68.395816,-6.451259],[-68.390956,-6.451799],[-68.386905,-6.453419],[-68.382585,-6.457739],[-68.382045,-6.463949],[-68.383395,-6.471239],[-68.385285,-6.47853],[-68.385825,-6.48501],[-68.385015,-6.49068],[-68.383395,-6.49581],[-68.381775,-6.503911],[-68.378535,-6.509311],[-68.374755,-6.516601],[-68.369355,-6.522541],[-68.363415,-6.525511],[-68.358554,-6.525781],[-68.353424,-6.524701],[-68.348294,-6.522811],[-68.346134,-6.519031],[-68.346134,-6.513901],[-68.346134,-6.508771],[-68.348564,-6.5031],[-68.359634,-6.49581],[-68.363955,-6.4896],[-68.365305,-6.48339],[-68.364765,-6.47664],[-68.360445,-6.470699],[-68.355314,-6.463139],[-68.347754,-6.455849],[-68.342894,-6.455849],[-68.340194,-6.457199],[-68.337764,-6.459359],[-68.336954,-6.466109],[-68.336954,-6.474209],[-68.336144,-6.48015],[-68.331283,-6.48447],[-68.322373,-6.48906],[-68.310223,-6.49068],[-68.302122,-6.48987],[-68.298612,-6.48663],[-68.295102,-6.47907],[-68.291862,-6.474479],[-68.288352,-6.473399],[-68.284032,-6.474749],[-68.284032,-6.4788],[-68.284572,-6.48285],[-68.287272,-6.48663],[-68.289972,-6.49527],[-68.292402,-6.5031],[-68.291052,-6.506611],[-68.287812,-6.511741],[-68.282952,-6.513361],[-68.275661,-6.513091],[-68.272151,-6.510931],[-68.269451,-6.507421],[-68.267561,-6.503911],[-68.266751,-6.49986],[-68.267021,-6.49554],[-68.268911,-6.49122],[-68.271881,-6.48528],[-68.273231,-6.48069],[-68.273771,-6.47664],[-68.272691,-6.471239],[-68.270531,-6.464489],[-68.267831,-6.459089],[-68.263781,-6.453419],[-68.258921,-6.446668],[-68.258381,-6.440998],[-68.258921,-6.434788],[-68.256761,-6.433978],[-68.252441,-6.435058],[-68.24947,-6.439918],[-68.24542,-6.443158],[-68.24326,-6.444238],[-68.23921,-6.443968],[-68.23624,-6.440728],[-68.23651,-6.436408],[-68.23813,-6.430198],[-68.24056,-6.426688],[-68.24758,-6.421558],[-68.252441,-6.418047],[-68.252441,-6.411837],[-68.250011,-6.405087],[-68.24407,-6.401307],[-68.23435,-6.398337],[-68.22679,-6.399687],[-68.221659,-6.398067],[-68.217609,-6.394557],[-68.211939,-6.389426],[-68.203569,-6.388346],[-68.191958,-6.388076],[-68.184938,-6.386996],[-68.180888,-6.383486],[-68.177918,-6.377546],[-68.176298,-6.372686],[-68.172788,-6.366476],[-68.169008,-6.361615],[-68.164417,-6.357835],[-68.159827,-6.355405],[-68.153077,-6.356755],[-68.147407,-6.362965],[-68.148757,-6.369716],[-68.149027,-6.377006],[-68.144437,-6.379166],[-68.140117,-6.376736],[-68.138766,-6.369176],[-68.139307,-6.362695],[-68.140117,-6.356215],[-68.142817,-6.348925],[-68.144977,-6.342175],[-68.144977,-6.337044],[-68.143087,-6.331644],[-68.139847,-6.327054],[-68.132286,-6.323004],[-68.122566,-6.319224],[-68.122566,-6.315984],[-68.123646,-6.313554],[-68.130666,-6.311934],[-68.140387,-6.309233],[-68.145247,-6.306533],[-68.150107,-6.303023],[-68.153077,-6.300053],[-68.158207,-6.300053],[-68.164687,-6.301673],[-68.169008,-6.301403],[-68.172518,-6.299513],[-68.174408,-6.295463],[-68.173328,-6.287093],[-68.171708,-6.284123],[-68.165227,-6.278452],[-68.160367,-6.270892],[-68.155777,-6.269542],[-68.149567,-6.270352],[-68.144707,-6.272512],[-68.139307,-6.276022],[-68.134176,-6.275212],[-68.131206,-6.271432],[-68.130936,-6.265762],[-68.132556,-6.260632],[-68.137686,-6.254152],[-68.139847,-6.248481],[-68.138766,-6.244701],[-68.136066,-6.240381],[-68.130396,-6.238221],[-68.119596,-6.234711],[-68.112036,-6.233631],[-68.104475,-6.235521],[-68.099885,-6.239571],[-68.095565,-6.247401],[-68.093135,-6.258472],[-68.089085,-6.268192],[-68.089085,-6.275752],[-68.093135,-6.282773],[-68.095025,-6.288983],[-68.094755,-6.291953],[-68.093675,-6.294383],[-68.090975,-6.296813],[-68.085575,-6.297083],[-68.081524,-6.294653],[-68.077474,-6.291953],[-68.074234,-6.284393],[-68.073694,-6.274942],[-68.074234,-6.262522],[-68.075044,-6.254152],[-68.078014,-6.249561],[-68.081794,-6.244161],[-68.087195,-6.239841],[-68.094755,-6.235791],[-68.099615,-6.231471],[-68.101505,-6.22607],[-68.100965,-6.21905],[-68.100425,-6.21122],[-68.101775,-6.20474],[-68.104475,-6.198259],[-68.105285,-6.192859],[-68.103125,-6.189349],[-68.099345,-6.185839],[-68.094485,-6.185299],[-68.088815,-6.185569],[-68.083684,-6.187189],[-68.077744,-6.187459],[-68.070454,-6.186379],[-68.063974,-6.184759],[-68.055333,-6.182329],[-68.050743,-6.179899],[-68.047503,-6.176119],[-68.046153,-6.170718],[-68.046693,-6.165858],[-68.049663,-6.159918],[-68.052633,-6.155058],[-68.052633,-6.151008],[-68.052363,-6.148308],[-68.049933,-6.146688],[-68.046693,-6.146688],[-68.042373,-6.146958],[-68.040213,-6.150738],[-68.034003,-6.159648],[-68.030763,-6.159918],[-68.025092,-6.159918],[-68.018882,-6.160188],[-68.014562,-6.160998],[-68.012672,-6.164238],[-68.010782,-6.170178],[-68.009972,-6.176929],[-68.007812,-6.180169],[-68.001062,-6.181789],[-67.992421,-6.182599],[-67.987021,-6.182329],[-67.983781,-6.179359],[-67.981621,-6.175849],[-67.978381,-6.169638],[-67.97244,-6.164778],[-67.96353,-6.158568],[-67.95678,-6.150198],[-67.95192,-6.146418],[-67.94598,-6.142907],[-67.935179,-6.138587],[-67.924109,-6.130217],[-67.913578,-6.123467],[-67.908448,-6.121577],[-67.902238,-6.121577],[-67.896298,-6.125897],[-67.891978,-6.129407],[-67.889817,-6.136427],[-67.888197,-6.145338],[-67.886847,-6.149928],[-67.881987,-6.150738],[-67.876317,-6.149118],[-67.872807,-6.145338],[-67.871997,-6.139397],[-67.872267,-6.135887],[-67.875237,-6.133187],[-67.880637,-6.129677],[-67.885497,-6.127517],[-67.889817,-6.124277],[-67.894678,-6.119417],[-67.898998,-6.115907],[-67.901968,-6.111046],[-67.902238,-6.107536],[-67.901428,-6.104026],[-67.899808,-6.101326],[-67.895218,-6.096466],[-67.893328,-6.095116],[-67.889007,-6.094576],[-67.883607,-6.094576],[-67.877667,-6.095386],[-67.871727,-6.096466],[-67.868217,-6.096196],[-67.865247,-6.095656],[-67.860926,-6.093226],[-67.856066,-6.088636],[-67.850126,-6.083505],[-67.844186,-6.077565],[-67.840406,-6.070815],[-67.839866,-6.065685],[-67.840946,-6.059474],[-67.842836,-6.052454],[-67.841486,-6.046244],[-67.838246,-6.040034],[-67.833385,-6.037064],[-67.829605,-6.034364],[-67.829875,-6.031123],[-67.831765,-6.026803],[-67.835546,-6.021403],[-67.837976,-6.016543],[-67.836896,-6.011953],[-67.835546,-6.007363],[-67.835006,-6.003582],[-67.836356,-5.999262],[-67.840406,-5.995482],[-67.843916,-5.991702],[-67.843376,-5.988732],[-67.841756,-5.984412],[-67.837706,-5.983062],[-67.832575,-5.984952],[-67.825285,-5.989002],[-67.820155,-5.992242],[-67.813405,-5.993322],[-67.805304,-5.995752],[-67.799094,-5.995752],[-67.794234,-5.994672],[-67.791264,-5.991972],[-67.788564,-5.987382],[-67.786944,-5.982792],[-67.787754,-5.976041],[-67.789374,-5.969561],[-67.790994,-5.963351],[-67.789914,-5.953901],[-67.790724,-5.94634],[-67.792074,-5.94202],[-67.794234,-5.9404],[-67.799094,-5.93905],[-67.804764,-5.93905],[-67.810705,-5.93932],[-67.815565,-5.93743],[-67.818805,-5.93419],[-67.820695,-5.92771],[-67.820965,-5.920149],[-67.822585,-5.910969],[-67.820155,-5.902059],[-67.819075,-5.895849],[-67.820155,-5.891798],[-67.822585,-5.889908],[-67.828255,-5.889098],[-67.833655,-5.890448],[-67.837706,-5.893148],[-67.843106,-5.898009],[-67.850396,-5.903949],[-67.856876,-5.907459],[-67.860926,-5.907729],[-67.862276,-5.906919],[-67.862547,-5.905299],[-67.862276,-5.903139],[-67.860656,-5.901249],[-67.859036,-5.897199],[-67.854446,-5.893418],[-67.846346,-5.885318],[-67.844186,-5.879108],[-67.843646,-5.875058],[-67.844996,-5.869928],[-67.850396,-5.862097],[-67.851746,-5.856697],[-67.851476,-5.853457],[-67.849316,-5.849137],[-67.844726,-5.845357],[-67.841216,-5.840497],[-67.839056,-5.835636],[-67.838516,-5.830776],[-67.838786,-5.825916],[-67.839596,-5.819976],[-67.840946,-5.813766],[-67.844186,-5.809715],[-67.847696,-5.805665],[-67.856336,-5.800805],[-67.859846,-5.797835],[-67.859576,-5.795675],[-67.857146,-5.792165],[-67.852826,-5.790545],[-67.847696,-5.790545],[-67.838246,-5.794865],[-67.832575,-5.795675],[-67.825825,-5.800805],[-67.823395,-5.806475],[-67.822855,-5.812956],[-67.820695,-5.817006],[-67.816105,-5.819166],[-67.810165,-5.819706],[-67.804764,-5.819166],[-67.801254,-5.817816],[-67.799094,-5.814036],[-67.798554,-5.809715],[-67.799634,-5.806205],[-67.800984,-5.801615],[-67.805304,-5.796485],[-67.812865,-5.791625],[-67.823125,-5.787035],[-67.830415,-5.781904],[-67.832845,-5.775964],[-67.833655,-5.769754],[-67.832305,-5.764894],[-67.828525,-5.761114],[-67.816375,-5.752743],[-67.808275,-5.748693],[-67.803144,-5.748153],[-67.795854,-5.747883],[-67.790184,-5.747883],[-67.785324,-5.745993],[-67.781814,-5.743833],[-67.778033,-5.740323],[-67.771283,-5.735193],[-67.766423,-5.735193],[-67.759943,-5.737623],[-67.756973,-5.739783],[-67.752653,-5.739513],[-67.750762,-5.737893],[-67.750222,-5.736003],[-67.748872,-5.731953],[-67.748062,-5.728172],[-67.748062,-5.720612],[-67.748062,-5.710352],[-67.749952,-5.702792],[-67.750762,-5.694961],[-67.749952,-5.690911],[-67.746712,-5.687131],[-67.740232,-5.687131],[-67.733752,-5.687941],[-67.724842,-5.685511],[-67.719171,-5.683081],[-67.715931,-5.678761],[-67.712961,-5.673361],[-67.714851,-5.66661],[-67.717281,-5.66094],[-67.722141,-5.65014],[-67.724302,-5.642849],[-67.724302,-5.638529],[-67.723491,-5.635019],[-67.719171,-5.629889],[-67.712691,-5.626109],[-67.709181,-5.624219],[-67.708101,-5.621519],[-67.708371,-5.619089],[-67.708911,-5.616118],[-67.712151,-5.613958],[-67.720521,-5.609638],[-67.726732,-5.605048],[-67.734832,-5.598838],[-67.741312,-5.594248],[-67.742122,-5.589927],[-67.741582,-5.585067],[-67.738072,-5.580207],[-67.734022,-5.576427],[-67.728622,-5.573457],[-67.722411,-5.572917],[-67.713771,-5.573997],[-67.707021,-5.576697],[-67.704051,-5.579397],[-67.700271,-5.583987],[-67.698651,-5.589657],[-67.697841,-5.596138],[-67.700811,-5.603698],[-67.703511,-5.612068],[-67.702971,-5.615308],[-67.699461,-5.617468],[-67.69514,-5.620169],[-67.69136,-5.620169],[-67.68596,-5.619359],[-67.68056,-5.616118],[-67.67705,-5.610718],[-67.67408,-5.602348],[-67.67327,-5.595868],[-67.67462,-5.589387],[-67.67894,-5.583987],[-67.68542,-5.577507],[-67.69028,-5.571837],[-67.69082,-5.566437],[-67.69028,-5.562116],[-67.68677,-5.557796],[-67.68326,-5.554826],[-67.67921,-5.555096],[-67.67219,-5.556986],[-67.665169,-5.561576],[-67.660579,-5.566167],[-67.658689,-5.573727],[-67.661659,-5.583447],[-67.664629,-5.589657],[-67.664359,-5.595058],[-67.664089,-5.599378],[-67.661659,-5.601808],[-67.658419,-5.604508],[-67.651939,-5.606398],[-67.645189,-5.606668],[-67.631418,-5.603158],[-67.623588,-5.598298],[-67.622238,-5.595058],[-67.619808,-5.588847],[-67.620348,-5.583987],[-67.623588,-5.576967],[-67.625478,-5.570487],[-67.625208,-5.567517],[-67.623588,-5.564277],[-67.620348,-5.561846],[-67.615758,-5.559956],[-67.612787,-5.560226],[-67.608197,-5.560766],[-67.604147,-5.564007],[-67.600367,-5.570217],[-67.597127,-5.579397],[-67.596587,-5.586687],[-67.596587,-5.593168],[-67.596587,-5.599378],[-67.594967,-5.600998],[-67.592537,-5.602888],[-67.590377,-5.603428],[-67.587947,-5.603428],[-67.583626,-5.602618],[-67.580926,-5.600458],[-67.579036,-5.597218],[-67.577956,-5.591818],[-67.574986,-5.584797],[-67.574446,-5.578047],[-67.575526,-5.572107],[-67.577416,-5.564817],[-67.576336,-5.558336],[-67.572826,-5.552396],[-67.568776,-5.546186],[-67.571206,-5.542676],[-67.574446,-5.542676],[-67.580386,-5.545646],[-67.587407,-5.547266],[-67.591727,-5.544296],[-67.594157,-5.540786],[-67.592807,-5.534846],[-67.592267,-5.530525],[-67.592807,-5.524315],[-67.590647,-5.519455],[-67.586327,-5.515405],[-67.578496,-5.511895],[-67.569856,-5.510815],[-67.563106,-5.511625],[-67.557975,-5.512975],[-67.551765,-5.516485],[-67.545825,-5.523505],[-67.541505,-5.533495],[-67.538265,-5.538086],[-67.533405,-5.539436],[-67.526924,-5.538896],[-67.520984,-5.535656],[-67.518014,-5.531875],[-67.513424,-5.527015],[-67.508294,-5.523235],[-67.502083,-5.520265],[-67.496143,-5.520265],[-67.491013,-5.517835],[-67.487773,-5.515135],[-67.486963,-5.512705],[-67.484803,-5.506224],[-67.483183,-5.501094],[-67.481833,-5.497314],[-67.478323,-5.495154],[-67.473192,-5.494884],[-67.468062,-5.494884],[-67.463742,-5.494344],[-67.461852,-5.491644],[-67.461852,-5.488674],[-67.462662,-5.485974],[-67.465092,-5.483274],[-67.470492,-5.480034],[-67.475893,-5.476523],[-67.476163,-5.472743],[-67.475083,-5.469773],[-67.472922,-5.467343],[-67.466982,-5.467613],[-67.462392,-5.469503],[-67.459422,-5.473823],[-67.456182,-5.483544],[-67.452402,-5.495424],[-67.449432,-5.497314],[-67.445921,-5.497044],[-67.442951,-5.495964],[-67.441331,-5.492994],[-67.441331,-5.489484],[-67.442411,-5.484624],[-67.445111,-5.477873],[-67.449972,-5.468693],[-67.452402,-5.461943],[-67.451052,-5.457083],[-67.448082,-5.453303],[-67.444571,-5.451142],[-67.438631,-5.448712],[-67.432961,-5.444662],[-67.428371,-5.443042],[-67.425401,-5.443852],[-67.424591,-5.445472],[-67.424591,-5.448172],[-67.425401,-5.450872],[-67.428371,-5.454653],[-67.430531,-5.458973],[-67.430261,-5.463023],[-67.429181,-5.466803],[-67.425401,-5.472743],[-67.41973,-5.475173],[-67.41568,-5.475443],[-67.41244,-5.472743],[-67.41109,-5.470043],[-67.40866,-5.465723],[-67.40704,-5.460863],[-67.40569,-5.454923],[-67.40137,-5.446552],[-67.39462,-5.434672],[-67.39354,-5.429002],[-67.39354,-5.423871],[-67.39732,-5.417121],[-67.4038,-5.407941],[-67.4119,-5.396601],[-67.41487,-5.38958],[-67.41406,-5.38472],[-67.41217,-5.38148],[-67.40812,-5.3777],[-67.4038,-5.37608],[-67.39948,-5.37608],[-67.39354,-5.37689],[-67.388949,-5.3777],[-67.384359,-5.38067],[-67.380309,-5.38526],[-67.378149,-5.39093],[-67.376529,-5.397681],[-67.375719,-5.403621],[-67.376259,-5.410641],[-67.376259,-5.416581],[-67.374639,-5.421441],[-67.372749,-5.425222],[-67.367889,-5.427112],[-67.361948,-5.427112],[-67.356818,-5.426302],[-67.351958,-5.421441],[-67.348178,-5.416041],[-67.348178,-5.408481],[-67.349258,-5.399571],[-67.348718,-5.39174],[-67.345748,-5.39012],[-67.338998,-5.39039],[-67.334407,-5.3939],[-67.331977,-5.399571],[-67.329817,-5.406051],[-67.328467,-5.409831],[-67.325497,-5.410371],[-67.321447,-5.410371],[-67.317127,-5.409561],[-67.310107,-5.407401],[-67.305246,-5.407401],[-67.301466,-5.409831],[-67.299846,-5.414961],[-67.297686,-5.421171],[-67.296606,-5.423331],[-67.293906,-5.423331],[-67.291746,-5.422251],[-67.290936,-5.419821],[-67.289316,-5.415771],[-67.287696,-5.411721],[-67.287966,-5.406591],[-67.285536,-5.400111],[-67.281215,-5.39255],[-67.277435,-5.38364],[-67.271765,-5.375],[-67.266095,-5.37014],[-67.262315,-5.365279],[-67.250434,-5.365549],[-67.245034,-5.37095],[-67.239094,-5.37932],[-67.236664,-5.38202],[-67.233964,-5.38202],[-67.229644,-5.38121],[-67.224513,-5.37959],[-67.218303,-5.37635],[-67.214523,-5.37284],[-67.213443,-5.367979],[-67.213983,-5.362579],[-67.214793,-5.356369],[-67.216143,-5.348539],[-67.216143,-5.343679],[-67.213713,-5.339898],[-67.208583,-5.335308],[-67.203453,-5.334498],[-67.200483,-5.332338],[-67.196162,-5.326938],[-67.191842,-5.318298],[-67.190762,-5.312357],[-67.192382,-5.307767],[-67.197512,-5.305067],[-67.205613,-5.305607],[-67.214793,-5.306957],[-67.222893,-5.308307],[-67.229914,-5.306687],[-67.237204,-5.303447],[-67.242334,-5.297237],[-67.244224,-5.292377],[-67.243684,-5.286707],[-67.240714,-5.280496],[-67.236934,-5.275366],[-67.229914,-5.268346],[-67.228024,-5.262946],[-67.228024,-5.259706],[-67.229914,-5.258085],[-67.234234,-5.257005],[-67.238284,-5.257815],[-67.244764,-5.263756],[-67.255025,-5.269426],[-67.261775,-5.274826],[-67.266635,-5.276986],[-67.270415,-5.276446],[-67.274465,-5.274286],[-67.276625,-5.270776],[-67.276625,-5.266456],[-67.276355,-5.261056],[-67.274465,-5.257545],[-67.271225,-5.255115],[-67.266635,-5.251875],[-67.261505,-5.251065],[-67.256375,-5.251335],[-67.247734,-5.251605],[-67.240714,-5.251335],[-67.237744,-5.249715],[-67.234774,-5.243505],[-67.233964,-5.236215],[-67.236664,-5.231625],[-67.240714,-5.225954],[-67.246654,-5.224604],[-67.257725,-5.221634],[-67.262585,-5.217584],[-67.264205,-5.212994],[-67.263665,-5.208404],[-67.262315,-5.205164],[-67.257185,-5.201113],[-67.253674,-5.197873],[-67.248274,-5.198143],[-67.240444,-5.198683],[-67.235314,-5.198683],[-67.232884,-5.197063],[-67.228564,-5.193013],[-67.224783,-5.185993],[-67.221813,-5.177893],[-67.218033,-5.172222],[-67.215333,-5.170872],[-67.209663,-5.171142],[-67.205883,-5.171682],[-67.203453,-5.174652],[-67.198593,-5.180593],[-67.194542,-5.184373],[-67.191302,-5.184103],[-67.188332,-5.181943],[-67.185092,-5.177893],[-67.184822,-5.174112],[-67.185632,-5.169252],[-67.188062,-5.162502],[-67.188872,-5.156832],[-67.188872,-5.152242],[-67.188602,-5.145221],[-67.187792,-5.138201],[-67.186172,-5.129831],[-67.182932,-5.11957],[-67.180772,-5.11498],[-67.178072,-5.11201],[-67.174562,-5.11147],[-67.169971,-5.11174],[-67.163491,-5.11471],[-67.152691,-5.122271],[-67.14135,-5.132801],[-67.1319,-5.143871],[-67.12731,-5.149272],[-67.12353,-5.149542],[-67.11867,-5.148732],[-67.11705,-5.147381],[-67.115159,-5.145491],[-67.112729,-5.143061],[-67.112729,-5.140091],[-67.112729,-5.134961],[-67.114079,-5.130101],[-67.11678,-5.125241],[-67.12407,-5.11876],[-67.1319,-5.11282],[-67.14027,-5.1085],[-67.149991,-5.10337],[-67.159441,-5.10229],[-67.166191,-5.10256],[-67.170241,-5.10067],[-67.170511,-5.09689],[-67.168351,-5.09392],[-67.161871,-5.086089],[-67.157281,-5.079879],[-67.152691,-5.073399],[-67.149721,-5.071239],[-67.146751,-5.071509],[-67.144051,-5.071779],[-67.14081,-5.072859],[-67.1373,-5.076639],[-67.13325,-5.082849],[-67.12731,-5.089869],[-67.1184,-5.090949],[-67.113539,-5.088519],[-67.110299,-5.085279],[-67.108139,-5.080689],[-67.108139,-5.075019],[-67.108409,-5.067459],[-67.108139,-5.063408],[-67.106789,-5.061518],[-67.103009,-5.061788],[-67.097609,-5.065029],[-67.093829,-5.071509],[-67.092749,-5.078529],[-67.091399,-5.082579],[-67.088699,-5.087709],[-67.085188,-5.09284],[-67.082218,-5.1004],[-67.080328,-5.10634],[-67.079248,-5.10958],[-67.076278,-5.11066],[-67.074118,-5.11039],[-67.072228,-5.10931],[-67.069528,-5.10634],[-67.067368,-5.10229],[-67.062238,-5.09716],[-67.057107,-5.09473],[-67.052787,-5.09473],[-67.047657,-5.09662],[-67.042257,-5.10175],[-67.039827,-5.10796],[-67.037667,-5.11309],[-67.036317,-5.11471],[-67.034157,-5.11498],[-67.030646,-5.11417],[-67.027946,-5.11255],[-67.023896,-5.10742],[-67.022816,-5.10364],[-67.022276,-5.09743],[-67.023896,-5.090679],[-67.026056,-5.085549],[-67.027136,-5.079069],[-67.026326,-5.076639],[-67.024436,-5.074749],[-67.021196,-5.073669],[-67.016606,-5.074209],[-67.010666,-5.076369],[-67.003375,-5.077449],[-66.999865,-5.077179],[-66.995545,-5.076099],[-66.993115,-5.073669],[-66.991225,-5.069889],[-66.987715,-5.066109],[-66.985015,-5.063408],[-66.980155,-5.063138],[-66.973944,-5.063678],[-66.966654,-5.062328],[-66.962334,-5.059898],[-66.959634,-5.056388],[-66.958824,-5.052338],[-66.958554,-5.047208],[-66.956664,-5.042888],[-66.953694,-5.040458],[-66.950724,-5.039648],[-66.946943,-5.042348],[-66.943163,-5.047478],[-66.941003,-5.057198],[-66.940733,-5.065839],[-66.940193,-5.071779],[-66.938033,-5.074749],[-66.933443,-5.077449],[-66.927773,-5.079069],[-66.922643,-5.077179],[-66.918592,-5.074479],[-66.914812,-5.073399],[-66.911572,-5.073399],[-66.906172,-5.074479],[-66.898882,-5.077179],[-66.891321,-5.077989],[-66.886191,-5.076369],[-66.883221,-5.074479],[-66.880251,-5.070699],[-66.878631,-5.063678],[-66.880521,-5.059358],[-66.882411,-5.055038],[-66.886731,-5.051258],[-66.892671,-5.049368],[-66.897532,-5.046668],[-66.901042,-5.042078],[-66.902122,-5.037758],[-66.901312,-5.032897],[-66.900326,-5.027162],[-66.895419,-5.01229],[-66.891849,-5.00768],[-66.888875,-5.005152],[-66.885008,-5.004557],[-66.881291,-5.004854],[-66.876234,-5.007382],[-66.872516,-5.00887],[-66.869542,-5.007829],[-66.867014,-5.004854],[-66.86627,-5.000393],[-66.865973,-4.99489],[-66.865527,-4.989239],[-66.862404,-4.985521],[-66.859727,-4.983885],[-66.854968,-4.981208],[-66.852886,-4.978383],[-66.852737,-4.975855],[-66.854224,-4.972732],[-66.856157,-4.97065],[-66.859429,-4.969162],[-66.86627,-4.967378],[-66.870583,-4.965296],[-66.871921,-4.963511],[-66.872368,-4.960239],[-66.871921,-4.957265],[-66.870434,-4.953547],[-66.868055,-4.950573],[-66.862404,-4.948937],[-66.856604,-4.947599],[-66.848276,-4.945517],[-66.839353,-4.943434],[-66.831173,-4.938824],[-66.825819,-4.935999],[-66.821655,-4.932727],[-66.818681,-4.929158],[-66.817305,-4.926238],[-66.817305,-4.921972],[-66.819865,-4.915145],[-66.824984,-4.912301],[-66.834655,-4.909172],[-66.839206,-4.906897],[-66.839206,-4.90263],[-66.837784,-4.899501],[-66.833802,-4.898363],[-66.827829,-4.899217],[-66.823562,-4.900355],[-66.818442,-4.899786],[-66.814176,-4.895235],[-66.803083,-4.889261],[-66.79455,-4.884426],[-66.790283,-4.878737],[-66.790283,-4.874755],[-66.792843,-4.869351],[-66.795972,-4.8648],[-66.801376,-4.863093],[-66.806496,-4.863093],[-66.811616,-4.864231],[-66.820149,-4.865937],[-66.830389,-4.862809],[-66.838353,-4.855413],[-66.847171,-4.847165],[-66.851437,-4.842614],[-66.850299,-4.838347],[-66.845464,-4.836071],[-66.8375,-4.832943],[-66.821856,-4.827538],[-66.803083,-4.823272],[-66.796825,-4.820996],[-66.791705,-4.821565],[-66.788576,-4.824125],[-66.788576,-4.829245],[-66.789145,-4.834365],[-66.789145,-4.838347],[-66.786301,-4.840338],[-66.782603,-4.84176],[-66.778337,-4.840907],[-66.772363,-4.840338],[-66.768097,-4.838347],[-66.764399,-4.83408],[-66.76127,-4.829529],[-66.760132,-4.822134],[-66.758995,-4.812179],[-66.759279,-4.807059],[-66.761839,-4.803645],[-66.76639,-4.799379],[-66.772932,-4.796819],[-66.780328,-4.792268],[-66.783741,-4.789139],[-66.786301,-4.784304],[-66.786301,-4.779468],[-66.785448,-4.77577],[-66.784025,-4.772357],[-66.780328,-4.769513],[-66.774354,-4.7661],[-66.766959,-4.763255],[-66.755866,-4.765246],[-66.747902,-4.769513],[-66.7388,-4.778899],[-66.735386,-4.782313],[-66.733395,-4.782597],[-66.729698,-4.782313],[-66.727422,-4.781459],[-66.725147,-4.778615],[-66.724578,-4.776055],[-66.724862,-4.772926],[-66.725715,-4.769797],[-66.727706,-4.765815],[-66.735386,-4.760411],[-66.740506,-4.756144],[-66.742497,-4.75074],[-66.741928,-4.74562],[-66.740506,-4.73794],[-66.739368,-4.733105],[-66.741075,-4.727131],[-66.744488,-4.723434],[-66.746764,-4.717745],[-66.747048,-4.713478],[-66.743919,-4.710065],[-66.738515,-4.705799],[-66.734817,-4.703239],[-66.731689,-4.699541],[-66.730835,-4.69499],[-66.730551,-4.689586],[-66.728275,-4.683328],[-66.723724,-4.679061],[-66.716613,-4.678493],[-66.707227,-4.67963],[-66.700969,-4.684181],[-66.689592,-4.688163],[-66.679068,-4.692714],[-66.673948,-4.696981],[-66.667406,-4.699257],[-66.663992,-4.698688],[-66.660295,-4.695274],[-66.657166,-4.692146],[-66.654606,-4.688448],[-66.648633,-4.684181],[-66.643797,-4.679061],[-66.643513,-4.674226],[-66.645219,-4.671097],[-66.648917,-4.667968],[-66.653752,-4.665408],[-66.656597,-4.661142],[-66.659441,-4.657728],[-66.662286,-4.652609],[-66.665983,-4.648342],[-66.671103,-4.645213],[-66.675939,-4.640093],[-66.679352,-4.636111],[-66.679352,-4.631845],[-66.678214,-4.627578],[-66.674516,-4.624165],[-66.672241,-4.622458],[-66.66769,-4.622458],[-66.660863,-4.623027],[-66.650624,-4.624165],[-66.644935,-4.62388],[-66.642091,-4.622458],[-66.638962,-4.618476],[-66.638108,-4.615063],[-66.636686,-4.610512],[-66.638962,-4.605676],[-66.640953,-4.599703],[-66.644366,-4.593445],[-66.646357,-4.587757],[-66.650624,-4.584628],[-66.655744,-4.581499],[-66.660863,-4.578655],[-66.662855,-4.575526],[-66.662855,-4.571828],[-66.660295,-4.567561],[-66.656597,-4.564148],[-66.650339,-4.560451],[-66.64465,-4.558175],[-66.639531,-4.558459],[-66.634411,-4.559313],[-66.629291,-4.560735],[-66.625593,-4.560451],[-66.62218,-4.558175],[-66.620189,-4.555046],[-66.618767,-4.549926],[-66.619051,-4.543953],[-66.618482,-4.536558],[-66.616207,-4.530016],[-66.614784,-4.524327],[-66.610518,-4.520345],[-66.605682,-4.5175],[-66.59658,-4.513234],[-66.590607,-4.510105],[-66.585203,-4.503847],[-66.583496,-4.502994],[-66.580083,-4.502994],[-66.577239,-4.504701],[-66.574679,-4.511812],[-66.573541,-4.513518],[-66.570696,-4.513518],[-66.56899,-4.512665],[-66.566999,-4.511243],[-66.564723,-4.507261],[-66.564439,-4.504132],[-66.565577,-4.499296],[-66.567568,-4.493323],[-66.570696,-4.489625],[-66.576385,-4.485928],[-66.580652,-4.481092],[-66.58435,-4.475688],[-66.589754,-4.468861],[-66.590323,-4.465164],[-66.589754,-4.462035],[-66.589185,-4.459759],[-66.587763,-4.457768],[-66.583781,-4.457199],[-66.578376,-4.457199],[-66.574963,-4.457199],[-66.568421,-4.456346],[-66.56131,-4.456346],[-66.554199,-4.458053],[-66.547088,-4.462319],[-66.542821,-4.466301],[-66.535995,-4.466301],[-66.533719,-4.464879],[-66.531728,-4.46175],[-66.530591,-4.458906],[-66.529737,-4.454639],[-66.530875,-4.450942],[-66.533435,-4.445822],[-66.539124,-4.442693],[-66.544244,-4.440986],[-66.551639,-4.440986],[-66.557612,-4.438711],[-66.565008,-4.434444],[-66.569274,-4.429609],[-66.572119,-4.425342],[-66.572972,-4.420507],[-66.572119,-4.415671],[-66.570412,-4.41112],[-66.567852,-4.408276],[-66.562448,-4.405147],[-66.556759,-4.405147],[-66.546519,-4.404578],[-66.541968,-4.404009],[-66.539693,-4.401165],[-66.537417,-4.398036],[-66.537417,-4.392916],[-66.538555,-4.38865],[-66.541684,-4.385805],[-66.545097,-4.382961],[-66.549079,-4.382108],[-66.554483,-4.382392],[-66.558466,-4.384383],[-66.560457,-4.388081],[-66.565292,-4.394623],[-66.567568,-4.39633],[-66.569559,-4.395476],[-66.572403,-4.392632],[-66.572688,-4.38865],[-66.571834,-4.383814],[-66.570981,-4.378694],[-66.56899,-4.372721],[-66.566999,-4.367601],[-66.564439,-4.362197],[-66.55875,-4.358784],[-66.552492,-4.358215],[-66.543106,-4.357646],[-66.535711,-4.35793],[-66.532582,-4.353948],[-66.529168,-4.345415],[-66.526324,-4.335175],[-66.521489,-4.328064],[-66.517791,-4.326642],[-66.513809,-4.327211],[-66.510395,-4.331193],[-66.504138,-4.33802],[-66.500725,-4.337166],[-66.498449,-4.333184],[-66.498734,-4.32778],[-66.502431,-4.322944],[-66.507267,-4.318393],[-66.514093,-4.315265],[-66.520351,-4.308722],[-66.522626,-4.303887],[-66.524049,-4.291941],[-66.526893,-4.272599],[-66.526893,-4.263212],[-66.522911,-4.256101],[-66.516653,-4.252119],[-66.509258,-4.249559],[-66.498449,-4.250981],[-66.486218,-4.255532],[-66.474841,-4.259515],[-66.468867,-4.260084],[-66.46517,-4.25923],[-66.46005,-4.255532],[-66.456068,-4.250413],[-66.45237,-4.239604],[-66.44981,-4.228226],[-66.449526,-4.221684],[-66.450379,-4.216564],[-66.452654,-4.213436],[-66.458343,-4.214004],[-66.464885,-4.21628],[-66.473703,-4.221115],[-66.478254,-4.222822],[-66.480529,-4.220831],[-66.480529,-4.217418],[-66.479392,-4.212867],[-66.47797,-4.206325],[-66.476832,-4.199783],[-66.474556,-4.192387],[-66.471712,-4.188121],[-66.466308,-4.183285],[-66.455214,-4.171054],[-66.446397,-4.164512],[-66.439855,-4.163943],[-66.43189,-4.163943],[-66.422504,-4.165934],[-66.416815,-4.165365],[-66.413686,-4.163374],[-66.413402,-4.161099],[-66.413686,-4.158255],[-66.413971,-4.154841],[-66.415962,-4.151144],[-66.417953,-4.147161],[-66.420797,-4.144033],[-66.426771,-4.140904],[-66.435588,-4.138059],[-66.44469,-4.133793],[-66.450663,-4.130664],[-66.455499,-4.126966],[-66.45749,-4.121846],[-66.457774,-4.118149],[-66.456352,-4.11502],[-66.454077,-4.112176],[-66.44981,-4.110753],[-66.445828,-4.110753],[-66.440139,-4.113029],[-66.43189,-4.116158],[-66.419375,-4.117864],[-66.407429,-4.119002],[-66.397758,-4.11758],[-66.39406,-4.114451],[-66.392069,-4.110469],[-66.391216,-4.10478],[-66.392354,-4.099945],[-66.397473,-4.094825],[-66.405438,-4.092834],[-66.414255,-4.095963],[-66.421366,-4.103642],[-66.427624,-4.108193],[-66.432744,-4.10734],[-66.435588,-4.104211],[-66.439286,-4.100514],[-66.442699,-4.09454],[-66.44469,-4.089136],[-66.44725,-4.082594],[-66.448957,-4.078327],[-66.451801,-4.073207],[-66.457774,-4.069225],[-66.463463,-4.065812],[-66.464885,-4.063537],[-66.462041,-4.060408],[-66.455783,-4.060408],[-66.448957,-4.060692],[-66.443552,-4.062683],[-66.439001,-4.06695],[-66.436441,-4.072639],[-66.431322,-4.076336],[-66.427339,-4.076336],[-66.422788,-4.075199],[-66.417953,-4.074061],[-66.413118,-4.074061],[-66.404584,-4.073492],[-66.397758,-4.069794],[-66.395482,-4.065812],[-66.393776,-4.061545],[-66.393776,-4.057848],[-66.395198,-4.053297],[-66.397473,-4.048461],[-66.401456,-4.04391],[-66.406007,-4.039928],[-66.409704,-4.034524],[-66.413118,-4.029119],[-66.417669,-4.023431],[-66.421935,-4.020302],[-66.429046,-4.01632],[-66.437579,-4.010631],[-66.444406,-4.005796],[-66.448388,-4.002098],[-66.450095,-3.997831],[-66.450663,-3.993849],[-66.450663,-3.98816],[-66.449241,-3.984463],[-66.444975,-3.980765],[-66.43957,-3.975929],[-66.432459,-3.97081],[-66.429046,-3.965974],[-66.428193,-3.960854],[-66.430184,-3.953174],[-66.433882,-3.948055],[-66.435588,-3.944926],[-66.442699,-3.937246],[-66.445828,-3.930135],[-66.446681,-3.925015],[-66.446112,-3.921602],[-66.443552,-3.918188],[-66.440708,-3.913637],[-66.437579,-3.910793],[-66.432459,-3.910793],[-66.425633,-3.911078],[-66.41966,-3.913069],[-66.410273,-3.916766],[-66.404016,-3.917051],[-66.400318,-3.915913],[-66.398896,-3.913069],[-66.395482,-3.906242],[-66.395482,-3.900553],[-66.39406,-3.891167],[-66.396051,-3.885762],[-66.400887,-3.878083],[-66.40686,-3.872109],[-66.413118,-3.865567],[-66.41966,-3.860732],[-66.421366,-3.856181],[-66.421935,-3.852199],[-66.419091,-3.847079],[-66.416531,-3.84395],[-66.411126,-3.842812],[-66.405438,-3.841959],[-66.398896,-3.841959],[-66.39406,-3.844519],[-66.388087,-3.848785],[-66.383536,-3.854759],[-66.3787,-3.861301],[-66.375003,-3.863007],[-66.370736,-3.862439],[-66.36647,-3.859025],[-66.364194,-3.855612],[-66.36391,-3.851345],[-66.366185,-3.846794],[-66.367892,-3.842528],[-66.37159,-3.838261],[-66.3787,-3.83115],[-66.382398,-3.824893],[-66.383252,-3.818919],[-66.38126,-3.815222],[-66.378132,-3.813231],[-66.371874,-3.811808],[-66.367039,-3.810386],[-66.361065,-3.809533],[-66.354808,-3.810671],[-66.346275,-3.814368],[-66.342861,-3.818351],[-66.340017,-3.824324],[-66.336604,-3.830581],[-66.33319,-3.830866],[-66.331199,-3.830013],[-66.329493,-3.82859],[-66.327786,-3.827453],[-66.326079,-3.824039],[-66.325795,-3.820057],[-66.325795,-3.817213],[-66.324942,-3.813231],[-66.323235,-3.810671],[-66.321244,-3.808964],[-66.318115,-3.808964],[-66.313564,-3.809249],[-66.312142,-3.81124],[-66.309297,-3.814653],[-66.306169,-3.820057],[-66.303324,-3.824039],[-66.300764,-3.82603],[-66.296213,-3.82603],[-66.293085,-3.825462],[-66.290809,-3.824324],[-66.287396,-3.821479],[-66.28512,-3.818066],[-66.283129,-3.814368],[-66.28,-3.810955],[-66.275449,-3.810102],[-66.273458,-3.811808],[-66.271183,-3.814368],[-66.269192,-3.819488],[-66.267201,-3.822902],[-66.263218,-3.822617],[-66.259805,-3.822333],[-66.258099,-3.820626],[-66.254116,-3.817782],[-66.250134,-3.814937],[-66.246152,-3.811524],[-66.245868,-3.806973],[-66.245868,-3.803275],[-66.248428,-3.800146],[-66.251556,-3.797302],[-66.258099,-3.795311],[-66.264925,-3.794458],[-66.270329,-3.794458],[-66.273458,-3.793604],[-66.275734,-3.790191],[-66.273743,-3.784787],[-66.271752,-3.782511],[-66.268054,-3.781374],[-66.264072,-3.781374],[-66.259521,-3.782227],[-66.258099,-3.784218],[-66.254116,-3.786493],[-66.250419,-3.792467],[-66.24729,-3.794173],[-66.245299,-3.793036],[-66.243877,-3.792182],[-66.24217,-3.789338],[-66.241032,-3.786778],[-66.241032,-3.783934],[-66.24217,-3.781658],[-66.243023,-3.778245],[-66.243877,-3.774831],[-66.243877,-3.771134],[-66.243023,-3.767721],[-66.236766,-3.761463],[-66.227664,-3.754067],[-66.22425,-3.750654],[-66.223397,-3.747241],[-66.224819,-3.743259],[-66.230508,-3.742974],[-66.234206,-3.744112],[-66.240179,-3.746103],[-66.245014,-3.74781],[-66.248428,-3.746388],[-66.248997,-3.741837],[-66.249281,-3.738708],[-66.248143,-3.734441],[-66.243877,-3.730744],[-66.236481,-3.728468],[-66.228517,-3.728752],[-66.220553,-3.734157],[-66.214864,-3.737001],[-66.210028,-3.738423],[-66.202064,-3.742121],[-66.195807,-3.746957],[-66.190687,-3.751792],[-66.18642,-3.750654],[-66.18386,-3.748094],[-66.182154,-3.745819],[-66.182154,-3.740414],[-66.184145,-3.73501],[-66.18898,-3.730175],[-66.1941,-3.723633],[-66.198082,-3.717659],[-66.202064,-3.713108],[-66.206046,-3.713108],[-66.215717,-3.713393],[-66.219131,-3.713108],[-66.221975,-3.710548],[-66.223397,-3.708557],[-66.223966,-3.704291],[-66.223682,-3.701162],[-66.221406,-3.698033],[-66.219131,-3.694904],[-66.214011,-3.692629],[-66.209175,-3.690069],[-66.202633,-3.688362],[-66.193815,-3.691491],[-66.189264,-3.696042],[-66.18386,-3.701162],[-66.181585,-3.702869],[-66.17874,-3.702584],[-66.176749,-3.701446],[-66.174758,-3.698318],[-66.174474,-3.696326],[-66.175611,-3.690922],[-66.17874,-3.68694],[-66.182722,-3.684949],[-66.18898,-3.683242],[-66.193531,-3.680967],[-66.193531,-3.677838],[-66.193531,-3.674425],[-66.189833,-3.672149],[-66.186136,-3.669874],[-66.179878,-3.669589],[-66.17362,-3.66902],[-66.1685,-3.668736],[-66.163949,-3.667029],[-66.159398,-3.664469],[-66.154847,-3.662194],[-66.150012,-3.660487],[-66.149443,-3.657927],[-66.149443,-3.654798],[-66.150865,-3.652238],[-66.15115,-3.64911],[-66.150296,-3.645981],[-66.147452,-3.64399],[-66.142048,-3.645128],[-66.139488,-3.648256],[-66.134937,-3.653092],[-66.127541,-3.661056],[-66.12299,-3.661909],[-66.118724,-3.661056],[-66.117017,-3.657358],[-66.117302,-3.652523],[-66.118439,-3.646834],[-66.124128,-3.640861],[-66.127826,-3.636026],[-66.127826,-3.632612],[-66.12555,-3.630621],[-66.122137,-3.630052],[-66.119577,-3.630906],[-66.114742,-3.633466],[-66.109337,-3.636879],[-66.106208,-3.639439],[-66.102511,-3.639723],[-66.100235,-3.637448],[-66.098529,-3.632612],[-66.098529,-3.62607],[-66.099097,-3.618675],[-66.101942,-3.614408],[-66.107915,-3.610426],[-66.111897,-3.607582],[-66.114173,-3.603884],[-66.113035,-3.599902],[-66.109906,-3.597626],[-66.105924,-3.597626],[-66.100804,-3.599333],[-66.095115,-3.603031],[-66.089711,-3.604737],[-66.08516,-3.604453],[-66.082316,-3.601608],[-66.081178,-3.59848],[-66.081178,-3.593929],[-66.080893,-3.5908],[-66.082316,-3.587102],[-66.08516,-3.582551],[-66.08772,-3.577431],[-66.089427,-3.573449],[-66.089711,-3.568045],[-66.09028,-3.562356],[-66.091987,-3.558374],[-66.093124,-3.552969],[-66.092555,-3.550694],[-66.091702,-3.548134],[-66.088858,-3.54785],[-66.084591,-3.548134],[-66.081178,-3.549556],[-66.078618,-3.552969],[-66.074636,-3.554392],[-66.071507,-3.553254],[-66.071507,-3.551547],[-66.071791,-3.549556],[-66.072929,-3.546996],[-66.075774,-3.541876],[-66.078049,-3.538463],[-66.082316,-3.529077],[-66.085729,-3.521681],[-66.09028,-3.520543],[-66.093978,-3.521112],[-66.09796,-3.526801],[-66.10052,-3.53249],[-66.104217,-3.534197],[-66.108768,-3.533912],[-66.111897,-3.531068],[-66.113319,-3.527939],[-66.113604,-3.52481],[-66.112182,-3.520259],[-66.109053,-3.515992],[-66.103648,-3.514286],[-66.098244,-3.512864],[-66.089995,-3.510304],[-66.088858,-3.507459],[-66.089142,-3.503477],[-66.090564,-3.500633],[-66.091133,-3.498357],[-66.092555,-3.496366],[-66.096538,-3.496082],[-66.100804,-3.496366],[-66.108199,-3.500348],[-66.113319,-3.505753],[-66.119861,-3.50945],[-66.127826,-3.514855],[-66.132377,-3.513717],[-66.135221,-3.509735],[-66.135221,-3.504615],[-66.132946,-3.498642],[-66.132661,-3.49466],[-66.133515,-3.491815],[-66.138634,-3.490393],[-66.14347,-3.488117],[-66.146599,-3.487264],[-66.146599,-3.484704],[-66.145461,-3.481575],[-66.142617,-3.480438],[-66.137212,-3.4793],[-66.133515,-3.479015],[-66.130386,-3.478447],[-66.128964,-3.477024],[-66.126688,-3.473896],[-66.12555,-3.469629],[-66.121284,-3.466216],[-66.116448,-3.466216],[-66.111044,-3.471051],[-66.109337,-3.474749],[-66.108768,-3.480438],[-66.108768,-3.486411],[-66.105924,-3.48954],[-66.101657,-3.489824],[-66.099666,-3.487833],[-66.097106,-3.484704],[-66.095115,-3.480438],[-66.091133,-3.475602],[-66.087435,-3.471051],[-66.084591,-3.465078],[-66.083169,-3.46138],[-66.082031,-3.455123],[-66.081178,-3.450572],[-66.079471,-3.448296],[-66.075205,-3.448581],[-66.071222,-3.450856],[-66.068947,-3.454269],[-66.068378,-3.458536],[-66.068378,-3.464225],[-66.068094,-3.467922],[-66.065534,-3.470198],[-66.062405,-3.467922],[-66.060414,-3.464225],[-66.059561,-3.461096],[-66.060698,-3.457967],[-66.061836,-3.452847],[-66.064965,-3.448296],[-66.066956,-3.440332],[-66.068378,-3.435212],[-66.067809,-3.430945],[-66.066103,-3.426963],[-66.063543,-3.42099],[-66.061836,-3.41843],[-66.058138,-3.416155],[-66.055294,-3.41331],[-66.053872,-3.41075],[-66.053303,-3.40563],[-66.053303,-3.399942],[-66.053303,-3.396813],[-66.05245,-3.395675],[-66.046192,-3.395106],[-66.04221,-3.394822],[-66.038228,-3.392831],[-66.03709,-3.387995],[-66.037374,-3.384582],[-66.037943,-3.3806],[-66.039081,-3.377755],[-66.041356,-3.374342],[-66.046192,-3.37036],[-66.053018,-3.3678],[-66.060698,-3.367516],[-66.064965,-3.366378],[-66.065534,-3.362111],[-66.064396,-3.356707],[-66.060698,-3.355569],[-66.057569,-3.351871],[-66.056147,-3.34732],[-66.055863,-3.341063],[-66.055578,-3.335658],[-66.055294,-3.32997],[-66.055578,-3.32485],[-66.05245,-3.320014],[-66.049605,-3.317454],[-66.043916,-3.315463],[-66.038797,-3.311481],[-66.036805,-3.30693],[-66.039081,-3.300673],[-66.043632,-3.298113],[-66.051027,-3.294984],[-66.053872,-3.291002],[-66.055294,-3.286451],[-66.053872,-3.282184],[-66.051027,-3.280193],[-66.045623,-3.279055],[-66.039081,-3.279055],[-66.033961,-3.279624],[-66.025997,-3.280477],[-66.021446,-3.283322],[-66.018033,-3.286735],[-66.014619,-3.287588],[-66.012059,-3.287588],[-66.009784,-3.286166],[-66.008362,-3.283891],[-66.007508,-3.281046],[-66.008362,-3.277064],[-66.010068,-3.273082],[-66.013197,-3.267678],[-66.017179,-3.260851],[-66.018317,-3.255162],[-66.019739,-3.249758],[-66.021446,-3.246914],[-66.02429,-3.244923],[-66.028557,-3.244638],[-66.034814,-3.245207],[-66.039081,-3.246345],[-66.042494,-3.246345],[-66.04477,-3.244638],[-66.04477,-3.242363],[-66.045339,-3.237812],[-66.041641,-3.23383],[-66.037374,-3.230701],[-66.033392,-3.22871],[-66.027988,-3.228425],[-66.022868,-3.228425],[-66.018317,-3.228141],[-66.01661,-3.22615],[-66.015757,-3.223874],[-66.015757,-3.22103],[-66.016326,-3.219039],[-66.017464,-3.216763],[-66.01917,-3.215341],[-66.020877,-3.213919],[-66.020877,-3.210506],[-66.020592,-3.208799],[-66.019739,-3.207661],[-66.018317,-3.206239],[-66.016041,-3.206239],[-66.010353,-3.20823],[-66.004664,-3.209368],[-65.995562,-3.211643],[-65.987029,-3.212781],[-65.978496,-3.211074],[-65.974513,-3.206523],[-65.972522,-3.199128],[-65.971953,-3.192017],[-65.975367,-3.186613],[-65.98134,-3.181493],[-65.986175,-3.178648],[-65.991864,-3.176373],[-65.996415,-3.172106],[-65.998975,-3.167271],[-65.998975,-3.162151],[-65.996415,-3.157031],[-65.993002,-3.151911],[-65.98902,-3.14992],[-65.985607,-3.14992],[-65.97878,-3.150205],[-65.9711,-3.150489],[-65.96342,-3.151058],[-65.957163,-3.149351],[-65.95574,-3.145654],[-65.95574,-3.142809],[-65.957163,-3.137974],[-65.959438,-3.133992],[-65.962851,-3.129156],[-65.969962,-3.12745],[-65.975082,-3.128018],[-65.98134,-3.130294],[-65.985038,-3.132001],[-65.989304,-3.132001],[-65.993571,-3.129725],[-65.996131,-3.124036],[-65.994709,-3.115503],[-65.990726,-3.10697],[-65.9839,-3.095024],[-65.981624,-3.090473],[-65.981624,-3.086206],[-65.983047,-3.083362],[-65.985891,-3.081655],[-65.989873,-3.080233],[-65.996131,-3.079948],[-66.001251,-3.079379],[-66.005517,-3.077104],[-66.008077,-3.074544],[-66.008077,-3.070562],[-66.006371,-3.066295],[-66.004948,-3.062029],[-66.004664,-3.057478],[-66.005802,-3.051504],[-66.008362,-3.047807],[-66.01149,-3.044109],[-66.013766,-3.038705],[-66.013481,-3.035007],[-66.010922,-3.031878],[-66.007508,-3.031025],[-66.001251,-3.03074],[-65.995277,-3.030456],[-65.993002,-3.030172],[-65.991011,-3.026758],[-65.991011,-3.023345],[-65.991011,-3.019363],[-65.992433,-3.015381],[-65.99414,-3.009692],[-65.99414,-3.00571],[-65.992149,-3.003434],[-65.987313,-3.003434],[-65.984469,-3.006279],[-65.980771,-3.009692],[-65.977073,-3.01595],[-65.973945,-3.018225],[-65.969678,-3.017941],[-65.964843,-3.01595],[-65.960576,-3.011967],[-65.960291,-3.007416],[-65.960291,-3.002297],[-65.962851,-2.996892],[-65.966549,-2.993763],[-65.968825,-2.988075],[-65.967118,-2.983524],[-65.965411,-2.982101],[-65.963136,-2.980395],[-65.958585,-2.979542],[-65.954318,-2.979542],[-65.951189,-2.980679],[-65.947492,-2.981533],[-65.944647,-2.980964],[-65.943225,-2.978688],[-65.943225,-2.976413],[-65.943794,-2.974422],[-65.944647,-2.973284],[-65.946923,-2.971862],[-65.949483,-2.970155],[-65.952896,-2.968164],[-65.954603,-2.965888],[-65.955172,-2.963329],[-65.954887,-2.959062],[-65.954603,-2.95508],[-65.951758,-2.950813],[-65.944647,-2.948822],[-65.938959,-2.949107],[-65.934692,-2.951667],[-65.931279,-2.956218],[-65.927012,-2.961906],[-65.924737,-2.96788],[-65.919048,-2.971577],[-65.913075,-2.974137],[-65.905964,-2.976697],[-65.901982,-2.981248],[-65.898568,-2.981533],[-65.893733,-2.980964],[-65.888613,-2.978973],[-65.885484,-2.975275],[-65.880933,-2.970439],[-65.876667,-2.961337],[-65.875529,-2.954795],[-65.876667,-2.949675],[-65.882924,-2.94484],[-65.892595,-2.938298],[-65.895724,-2.933462],[-65.894586,-2.928343],[-65.891173,-2.922369],[-65.884915,-2.918956],[-65.874676,-2.921516],[-65.867565,-2.920947],[-65.86216,-2.920378],[-65.858747,-2.917534],[-65.857325,-2.910992],[-65.860738,-2.90445],[-65.865005,-2.901605],[-65.870978,-2.900468],[-65.880933,-2.900183],[-65.892026,-2.900183],[-65.901413,-2.905588],[-65.904257,-2.912983],[-65.903688,-2.917818],[-65.903119,-2.92436],[-65.903688,-2.927489],[-65.90767,-2.928627],[-65.913075,-2.928627],[-65.916204,-2.927205],[-65.919901,-2.922938],[-65.922177,-2.916396],[-65.922461,-2.908147],[-65.924452,-2.899899],[-65.924452,-2.893357],[-65.922461,-2.887668],[-65.92047,-2.884539],[-65.915635,-2.881979],[-65.908524,-2.882264],[-65.900559,-2.887099],[-65.893164,-2.892219],[-65.889182,-2.892788],[-65.886337,-2.891934],[-65.883209,-2.889659],[-65.880933,-2.88397],[-65.87752,-2.877713],[-65.876382,-2.871455],[-65.876382,-2.864344],[-65.878942,-2.857517],[-65.881786,-2.847278],[-65.886337,-2.840167],[-65.886906,-2.834762],[-65.8852,-2.832202],[-65.877235,-2.831349],[-65.870124,-2.834478],[-65.866427,-2.839313],[-65.863582,-2.8487],[-65.862445,-2.856664],[-65.856187,-2.857233],[-65.848792,-2.855526],[-65.840258,-2.850975],[-65.836561,-2.846993],[-65.835139,-2.841304],[-65.836845,-2.837322],[-65.837983,-2.833056],[-65.840543,-2.829358],[-65.843387,-2.827082],[-65.846232,-2.825945],[-65.851352,-2.824523],[-65.854765,-2.8231],[-65.859316,-2.819972],[-65.863298,-2.814283],[-65.866142,-2.807172],[-65.8724,-2.802621],[-65.88264,-2.798354],[-65.885769,-2.792665],[-65.8852,-2.789252],[-65.8852,-2.781572],[-65.878658,-2.775884],[-65.871262,-2.776452],[-65.856756,-2.787261],[-65.848223,-2.794656],[-65.840258,-2.796079],[-65.835423,-2.790959],[-65.83201,-2.785839],[-65.832863,-2.77759],[-65.834854,-2.770195],[-65.835707,-2.763084],[-65.834285,-2.759955],[-65.830588,-2.756257],[-65.823761,-2.754551],[-65.813237,-2.761946],[-65.803566,-2.773039],[-65.793895,-2.78527],[-65.787637,-2.784701],[-65.785077,-2.780435],[-65.783086,-2.77503],[-65.784509,-2.768204],[-65.788491,-2.759955],[-65.791051,-2.753413],[-65.790766,-2.748862],[-65.790197,-2.744311],[-65.788491,-2.740329],[-65.785077,-2.738622],[-65.780526,-2.737769],[-65.777113,-2.7372],[-65.772847,-2.736631],[-65.769718,-2.73464],[-65.768864,-2.731227],[-65.768864,-2.727813],[-65.768864,-2.723547],[-65.770002,-2.720418],[-65.772278,-2.717858],[-65.778251,-2.715867],[-65.785077,-2.713592],[-65.789628,-2.709609],[-65.792188,-2.706196],[-65.794748,-2.700792],[-65.802144,-2.689414],[-65.812383,-2.681166],[-65.81921,-2.675761],[-65.819494,-2.672632],[-65.817503,-2.669504],[-65.81409,-2.667228],[-65.807548,-2.667228],[-65.804704,-2.666659],[-65.799299,-2.663246],[-65.795317,-2.659833],[-65.791619,-2.652437],[-65.791335,-2.646748],[-65.792188,-2.64106],[-65.793326,-2.635655],[-65.797308,-2.630251],[-65.799299,-2.625131],[-65.799299,-2.621149],[-65.798446,-2.618589],[-65.79617,-2.617736],[-65.791619,-2.618589],[-65.787068,-2.621718],[-65.783655,-2.624562],[-65.77882,-2.629113],[-65.773415,-2.631673],[-65.76858,-2.632242],[-65.760047,-2.632242],[-65.752651,-2.631104],[-65.746678,-2.629967],[-65.743467,-2.626905]]]}},{"type":"Feature","properties":{"folders":"vw_snv_aqa","altitude":0.0,"CD_UF":"13","NM_UF":"Amazonas","SIGLA_UF":"AM","NM_REGIAO":"Norte","AREA_KM2":1559255.881,"extensao":345.6,"NOME":"Rio Içá","CODIGO":"HF-147","BACIA":"Amazônica","TRECHO":"Da foz, no rio Solimoes, formador do rio Amazonas, ate a fronteira do Brasil com a Colombia."},"geometry":{"type":"MultiLineString","coordinates":[[[-67.968504,-3.13202],[-67.971696,-3.133324],[-67.97462,-3.134268],[-67.980981,-3.135927],[-67.987599,-3.137654],[-67.995917,-3.140067],[-68.005094,-3.143029],[-68.013852,-3.148037],[-68.01941,-3.15222],[-68.023197,-3.157677],[-68.027632,-3.160946],[-68.033959,-3.161823],[-68.039512,-3.160792],[-68.044273,-3.158833],[-68.048411,-3.155453],[-68.052119,-3.150261],[-68.055166,-3.140959],[-68.063611,-3.124359],[-68.067352,-3.115719],[-68.067932,-3.10659],[-68.068677,-3.100034],[-68.07563,-3.093609],[-68.081697,-3.091852],[-68.089112,-3.091804],[-68.094656,-3.093506],[-68.100769,-3.095382],[-68.105593,-3.098835],[-68.111803,-3.103279],[-68.119088,-3.108037],[-68.128222,-3.111306],[-68.135749,-3.111547],[-68.142301,-3.108257],[-68.149208,-3.103819],[-68.154666,-3.09717],[-68.157774,-3.091817],[-68.158317,-3.085593],[-68.157329,-3.079079],[-68.153994,-3.073431],[-68.147696,-3.071081],[-68.139633,-3.072648],[-68.130046,-3.073561],[-68.123719,-3.071793],[-68.118882,-3.065433],[-68.116828,-3.05879],[-68.116976,-3.050583],[-68.118495,-3.043558],[-68.124204,-3.03635],[-68.136941,-3.025725],[-68.144415,-3.020819],[-68.152818,-3.017098],[-68.161533,-3.016244],[-68.170125,-3.016487],[-68.174558,-3.020226],[-68.179527,-3.026413],[-68.182965,-3.033182],[-68.187787,-3.037792],[-68.192802,-3.040857],[-68.1983,-3.03992],[-68.203556,-3.037834],[-68.213401,-3.036644],[-68.225594,-3.038427],[-68.23722,-3.040509],[-68.251746,-3.041838],[-68.257568,-3.04096],[-68.262345,-3.039293],[-68.26764,-3.035331],[-68.27292,-3.0277],[-68.275308,-3.019637],[-68.276389,-3.013519],[-68.276055,-3.005395],[-68.275784,-2.998807],[-68.279011,-2.989967],[-68.294032,-2.979395],[-68.305821,-2.968672],[-68.314871,-2.962269],[-68.316973,-2.959577],[-68.322718,-2.93932],[-68.322703,-2.934102],[-68.323844,-2.930449],[-68.327252,-2.925639],[-68.330286,-2.921356],[-68.335204,-2.914414],[-68.338015,-2.910446],[-68.340017,-2.90762],[-68.345705,-2.900674],[-68.350094,-2.89689],[-68.355297,-2.895519],[-68.360072,-2.894261],[-68.368192,-2.895506],[-68.375021,-2.90032],[-68.38106,-2.9072],[-68.386733,-2.916062],[-68.391627,-2.924664],[-68.394332,-2.930715],[-68.398648,-2.937993],[-68.403127,-2.94277],[-68.407435,-2.944059],[-68.412837,-2.944642],[-68.417849,-2.943105],[-68.423471,-2.940151],[-68.42855,-2.935301],[-68.432258,-2.928951],[-68.435679,-2.91532],[-68.438674,-2.89984],[-68.442763,-2.887162],[-68.445898,-2.882954],[-68.449769,-2.879426],[-68.45369,-2.877474],[-68.457779,-2.87735],[-68.460792,-2.878849],[-68.462822,-2.882244],[-68.465195,-2.896483],[-68.470979,-2.906717],[-68.477209,-2.911315],[-68.487402,-2.91434],[-68.49793,-2.913728],[-68.507289,-2.909183],[-68.519035,-2.90034],[-68.531939,-2.893072],[-68.539356,-2.887436],[-68.544657,-2.883427],[-68.549668,-2.880989],[-68.553112,-2.882149],[-68.55337,-2.886025],[-68.551844,-2.890046],[-68.549313,-2.90075],[-68.548025,-2.918112],[-68.55064,-2.926768],[-68.556777,-2.931012],[-68.56386,-2.933628],[-68.573689,-2.932968],[-68.584067,-2.929325],[-68.591568,-2.922481],[-68.600418,-2.908658],[-68.606023,-2.902524],[-68.62302,-2.89273],[-68.62568,-2.892957],[-68.629557,-2.895588],[-68.637053,-2.908635],[-68.641889,-2.925183],[-68.647308,-2.932509],[-68.654567,-2.933972],[-68.662866,-2.931172],[-68.667156,-2.928202],[-68.67042,-2.924896],[-68.672975,-2.919362],[-68.673066,-2.913282],[-68.674328,-2.903306],[-68.677301,-2.891996],[-68.680712,-2.882637],[-68.686639,-2.876015],[-68.69183,-2.872455],[-68.69917,-2.869679],[-68.703455,-2.869884],[-68.707284,-2.872048],[-68.711775,-2.880137],[-68.716369,-2.888702],[-68.722447,-2.893962],[-68.730034,-2.896684],[-68.750888,-2.898876],[-68.757081,-2.899108],[-68.760912,-2.897805],[-68.767073,-2.895266],[-68.778208,-2.889993],[-68.793509,-2.885762],[-68.802516,-2.880776],[-68.808104,-2.879585],[-68.817778,-2.880418],[-68.82354,-2.882986],[-68.828702,-2.888347],[-68.832552,-2.892455],[-68.834102,-2.898468],[-68.832072,-2.903387],[-68.829472,-2.906569],[-68.824906,-2.909832],[-68.819415,-2.911201],[-68.8127,-2.91208],[-68.802163,-2.908611],[-68.794064,-2.904903],[-68.78857,-2.904236],[-68.783067,-2.905198],[-68.778177,-2.907696],[-68.774086,-2.911914],[-68.770336,-2.916128],[-68.769137,-2.920832],[-68.768767,-2.932249],[-68.77236,-2.941761],[-68.781566,-2.947182],[-68.794219,-2.952864],[-68.809194,-2.953563],[-68.822703,-2.952592],[-68.83274,-2.954852],[-68.841863,-2.957825],[-68.849281,-2.963885],[-68.856334,-2.976411],[-68.862946,-3.006474],[-68.867954,-3.018549],[-68.871591,-3.023238],[-68.875276,-3.026908],[-68.879921,-3.027065],[-68.883222,-3.024787],[-68.886015,-3.018423],[-68.884634,-3.01196],[-68.882793,-3.002789],[-68.885173,-2.99771],[-68.888283,-2.994364],[-68.894025,-2.992804],[-68.89884,-2.994399],[-68.902063,-2.998522],[-68.907201,-3.007188],[-68.911381,-3.011366],[-68.919514,-3.014146],[-68.929163,-3.00863],[-68.933238,-3.001047],[-68.93584,-2.994549],[-68.939035,-2.992572],[-68.943849,-2.991391],[-68.94699,-2.990259],[-68.950431,-2.989361],[-68.953473,-2.989259],[-68.955631,-2.990788],[-68.958982,-2.993589],[-68.961374,-2.994535],[-68.962872,-2.994184],[-68.9639,-2.993068],[-68.964142,-2.9911],[-68.96355,-2.988607],[-68.964209,-2.985435],[-68.9659,-2.983385],[-68.967937,-2.982646],[-68.969638,-2.983223],[-68.970694,-2.984575],[-68.971166,-2.985806],[-68.971242,-2.987673],[-68.970152,-2.990116],[-68.968617,-2.992446],[-68.967813,-2.994034],[-68.967494,-2.995436],[-68.967367,-2.996954],[-68.967686,-2.998514],[-68.968527,-2.999476],[-68.969904,-2.9998],[-68.971506,-2.999771],[-68.97279,-2.999247],[-68.973774,-2.998342],[-68.974422,-2.997361],[-68.974946,-2.996169],[-68.975367,-2.994451],[-68.975193,-2.993189],[-68.97461,-2.991246],[-68.973782,-2.989748],[-68.973519,-2.987414],[-68.975427,-2.986003],[-68.978326,-2.986251],[-68.979828,-2.995182],[-68.98606,-3.005327],[-68.991368,-3.009982],[-68.998729,-3.012584],[-69.007568,-3.010911],[-69.016721,-3.005534],[-69.024461,-2.999834],[-69.03584,-2.997441],[-69.046457,-2.997153],[-69.056172,-2.995618],[-69.064771,-2.992785],[-69.073577,-2.98743],[-69.085003,-2.980032],[-69.092308,-2.97299],[-69.099609,-2.96805],[-69.11071,-2.961172],[-69.11745,-2.958121],[-69.132404,-2.956158],[-69.143484,-2.95824],[-69.149076,-2.960378],[-69.151868,-2.966086],[-69.151854,-2.975521],[-69.147226,-2.991723],[-69.146208,-3.001448],[-69.148023,-3.00889],[-69.152185,-3.013051],[-69.158946,-3.0177],[-69.16607,-3.020653],[-69.173984,-3.022557],[-69.181569,-3.023884],[-69.1893,-3.023546],[-69.194701,-3.020532],[-69.198686,-3.015777],[-69.200473,-3.010842],[-69.201006,-3.005675],[-69.198434,-3.000081],[-69.194208,-2.995861],[-69.186895,-2.990572],[-69.182265,-2.986805],[-69.180156,-2.981464],[-69.180602,-2.977378],[-69.182014,-2.971455],[-69.185097,-2.968314],[-69.188111,-2.96702],[-69.197241,-2.967861],[-69.204371,-2.967331],[-69.211196,-2.964563],[-69.218161,-2.958505],[-69.224306,-2.949879],[-69.230858,-2.946767],[-69.239187,-2.946574],[-69.248623,-2.947907],[-69.266044,-2.946364],[-69.272948,-2.947221],[-69.279015,-2.950434],[-69.288757,-2.950549],[-69.304603,-2.943894],[-69.318157,-2.934527],[-69.329735,-2.923625],[-69.341631,-2.917745],[-69.358186,-2.91741],[-69.373731,-2.92132],[-69.385713,-2.92853],[-69.39467,-2.935306],[-69.402725,-2.946171],[-69.413867,-2.954705],[-69.424292,-2.960348],[-69.433444,-2.961151],[-69.441554,-2.960524],[-69.448948,-2.959288],[-69.451031,-2.955546],[-69.449082,-2.952577],[-69.433279,-2.93942],[-69.424962,-2.928136],[-69.420999,-2.917236],[-69.423484,-2.904801],[-69.425712,-2.896256],[-69.431471,-2.883303],[-69.436801,-2.868189],[-69.44889,-2.859073],[-69.46358,-2.854708],[-69.48012,-2.859766],[-69.490511,-2.86939],[-69.502622,-2.890452],[-69.516065,-2.916987],[-69.529372,-2.944582],[-69.540195,-2.955984],[-69.553821,-2.965388],[-69.563482,-2.969656],[-69.570005,-2.971946],[-69.579445,-2.971715],[-69.585698,-2.96796],[-69.589344,-2.961165],[-69.593398,-2.950255],[-69.598603,-2.930137],[-69.604555,-2.919213],[-69.615404,-2.911879],[-69.623293,-2.910416],[-69.631487,-2.91266],[-69.646681,-2.919954],[-69.65904,-2.923041],[-69.673207,-2.928539],[-69.68027,-2.930247],[-69.690264,-2.928664],[-69.695259,-2.925081],[-69.694486,-2.916417],[-69.689017,-2.911144],[-69.678921,-2.906354],[-69.66252,-2.900372],[-69.658107,-2.894029],[-69.65607,-2.885326],[-69.659129,-2.876643],[-69.664481,-2.871772],[-69.675726,-2.868285],[-69.682526,-2.870398],[-69.690022,-2.874435]]]}},{"type":"Feature","properties":{"folders":"vw_snv_aqa","altitude":0.0,"CD_UF":"13","NM_UF":"Amazonas","SIGLA_UF":"AM","NM_REGIAO":"Norte","AREA_KM2":1559255.881,"extensao":699.9,"NOME":"Rio Japurá","CODIGO":"HF-142","BACIA":"Amazônica","TRECHO":"Da foz, no rio Solimoes,formador do rio Amazonas, ate a Vila Bittencourt (AM)."},"geometry":{"type":"MultiLineString","coordinates":[[[-64.811768,-3.175368],[-64.803678,-3.168694],[-64.792911,-3.167217],[-64.786771,-3.161206],[-64.786837,-3.155128],[-64.788305,-3.147725],[-64.783271,-3.137459],[-64.773135,-3.133535],[-64.760076,-3.127402],[-64.751152,-3.117471],[-64.746796,-3.102394],[-64.747693,-3.08714],[-64.752187,-3.077641],[-64.765248,-3.068328],[-64.779565,-3.055225],[-64.789985,-3.041804],[-64.797409,-3.029526],[-64.802548,-3.019247],[-64.8077,-3.004194],[-64.808043,-2.973988],[-64.80883,-2.956715],[-64.810455,-2.948155],[-64.816351,-2.938475],[-64.82573,-2.929956],[-64.851992,-2.913304],[-64.870807,-2.897425],[-64.886652,-2.879118],[-64.893927,-2.871203],[-64.898584,-2.861827],[-64.896639,-2.850298],[-64.891314,-2.840545],[-64.882164,-2.823787],[-64.875242,-2.810254],[-64.872346,-2.790181],[-64.867483,-2.756272],[-64.865763,-2.738214],[-64.868224,-2.728433],[-64.878998,-2.718257],[-64.889107,-2.712983],[-64.909931,-2.710361],[-64.938283,-2.717061],[-64.961195,-2.71914],[-64.975467,-2.716134],[-64.988161,-2.702957],[-64.996328,-2.690656],[-64.998332,-2.66156],[-64.994004,-2.644211],[-64.984964,-2.611124],[-64.984135,-2.588592],[-64.993813,-2.568779],[-65.007178,-2.553666],[-65.025831,-2.532502],[-65.045654,-2.521212],[-65.05641,-2.506566],[-65.070667,-2.473629],[-65.082467,-2.450186],[-65.093386,-2.430207],[-65.100236,-2.420965],[-65.115141,-2.401521],[-65.123532,-2.38122],[-65.129946,-2.359383],[-65.137637,-2.340022],[-65.144805,-2.330338],[-65.154611,-2.321741],[-65.164126,-2.311943],[-65.170612,-2.296485],[-65.169157,-2.270292],[-65.177695,-2.259743],[-65.186547,-2.238494],[-65.197206,-2.223905],[-65.205632,-2.218809],[-65.217061,-2.214389],[-65.223188,-2.206556],[-65.228088,-2.193635],[-65.230265,-2.185574],[-65.227492,-2.175411],[-65.209231,-2.164786],[-65.202332,-2.159224],[-65.199823,-2.148307],[-65.195103,-2.125214],[-65.196036,-2.109913],[-65.200119,-2.092707],[-65.202706,-2.069958],[-65.20585,-2.060076],[-65.210256,-2.046225],[-65.21915,-2.036246],[-65.229308,-2.02692],[-65.258272,-2.007882],[-65.294158,-1.987251],[-65.298139,-1.974714],[-65.296748,-1.963845],[-65.28833,-1.949051],[-65.277585,-1.924951],[-65.276782,-1.898043],[-65.281969,-1.885229],[-65.294052,-1.877382],[-65.320226,-1.876967],[-65.341854,-1.871107],[-65.364484,-1.860633],[-65.385706,-1.856489],[-65.403377,-1.856149],[-65.424754,-1.860229],[-65.437849,-1.868315],[-65.445909,-1.892521],[-65.451183,-1.90659],[-65.46064,-1.919158],[-65.488902,-1.932967],[-65.502914,-1.935906],[-65.516047,-1.934459],[-65.536933,-1.922268],[-65.565156,-1.898476],[-65.600113,-1.878885],[-65.666816,-1.846953],[-65.684688,-1.833921],[-65.709915,-1.820365],[-65.72738,-1.816031],[-65.777656,-1.807872],[-65.794138,-1.804052],[-65.80981,-1.803459],[-65.824504,-1.802307],[-65.840829,-1.795055],[-65.856939,-1.787887],[-65.866165,-1.780136],[-65.871113,-1.772501],[-65.879172,-1.758692],[-65.88908,-1.754221],[-65.901995,-1.749281],[-65.914803,-1.751304],[-65.928813,-1.749861],[-65.94567,-1.745197],[-65.965353,-1.737608],[-65.991772,-1.732616],[-66.026283,-1.73116],[-66.041206,-1.730528],[-66.055158,-1.728978],[-66.079796,-1.714517],[-66.100662,-1.699255],[-66.116084,-1.688056],[-66.126106,-1.681878],[-66.140946,-1.679323],[-66.15975,-1.682343],[-66.172803,-1.681777],[-66.184884,-1.680295],[-66.194168,-1.678934],[-66.210018,-1.678243],[-66.231541,-1.679219],[-66.267409,-1.688183],[-66.3019,-1.708695],[-66.32902,-1.731442],[-66.349294,-1.746826],[-66.370868,-1.748737],[-66.397835,-1.745612],[-66.418273,-1.742777],[-66.451972,-1.744129],[-66.478314,-1.753592],[-66.50213,-1.764003],[-66.534429,-1.775938],[-66.561775,-1.781388],[-66.572818,-1.788065],[-66.588186,-1.797415],[-66.60485,-1.804308],[-66.618081,-1.807527],[-66.636763,-1.807137],[-66.662378,-1.804984],[-66.691446,-1.796436],[-66.715718,-1.785233],[-66.741006,-1.775895],[-66.774119,-1.774325],[-66.822919,-1.788764],[-66.832705,-1.798355],[-66.846422,-1.812069],[-66.862255,-1.82089],[-66.891685,-1.830488],[-66.903837,-1.830379],[-66.925651,-1.836986],[-66.954755,-1.849463],[-66.973775,-1.856199],[-66.995066,-1.871446],[-67.011179,-1.875924],[-67.022895,-1.886367],[-67.06449,-1.905393],[-67.106497,-1.903306],[-67.139658,-1.902128],[-67.164325,-1.899453],[-67.191477,-1.880358],[-67.218461,-1.857912],[-67.253622,-1.840315],[-67.280565,-1.826963],[-67.31359,-1.813772],[-67.327721,-1.806338],[-67.357989,-1.803819],[-67.408896,-1.802619],[-67.427084,-1.801672],[-67.451587,-1.79608],[-67.472382,-1.791157],[-67.492481,-1.79106],[-67.522278,-1.788531],[-67.55893,-1.773653],[-67.579283,-1.760112],[-67.586699,-1.749654],[-67.598267,-1.728911],[-67.616162,-1.703994],[-67.65063,-1.674352],[-67.686898,-1.65275],[-67.709087,-1.648195],[-67.729118,-1.647109],[-67.744858,-1.644336],[-67.766112,-1.639823],[-67.787539,-1.638652],[-67.812501,-1.642556],[-67.851398,-1.653834],[-67.869791,-1.657131],[-67.888866,-1.655596],[-67.933129,-1.644509],[-67.949644,-1.638794],[-67.969003,-1.633877],[-68.001555,-1.631092],[-68.017077,-1.633094],[-68.043283,-1.642639],[-68.064034,-1.646257],[-68.074876,-1.648039],[-68.088952,-1.649156],[-68.106316,-1.650565],[-68.12681,-1.649396],[-68.147845,-1.641003],[-68.170898,-1.635368],[-68.202258,-1.636439],[-68.220349,-1.642585],[-68.234046,-1.653776],[-68.242516,-1.663351],[-68.262818,-1.675595],[-68.275686,-1.68012],[-68.299454,-1.687364],[-68.321961,-1.697075],[-68.339291,-1.706126],[-68.361922,-1.709592],[-68.379375,-1.712401],[-68.403154,-1.719627],[-68.432006,-1.725591],[-68.457492,-1.729832],[-68.4909,-1.733595],[-68.522229,-1.733641],[-68.542181,-1.739156],[-68.55975,-1.743854],[-68.570056,-1.744193],[-68.589655,-1.75164],[-68.607448,-1.768303],[-68.617868,-1.778699],[-68.630372,-1.784653],[-68.645015,-1.787121],[-68.661688,-1.79234],[-68.680721,-1.797893],[-68.709704,-1.797562],[-68.731473,-1.793832],[-68.753184,-1.789143],[-68.765685,-1.786936],[-68.777011,-1.788635],[-68.795385,-1.790858],[-68.817616,-1.787086],[-68.838321,-1.789158],[-68.864676,-1.791835],[-68.898375,-1.792131],[-68.941444,-1.800461],[-68.953268,-1.802594],[-68.97412,-1.807036],[-68.985823,-1.814928],[-68.996243,-1.824818],[-69.00891,-1.833128],[-69.024789,-1.832602],[-69.048564,-1.831094],[-69.070184,-1.824924],[-69.087988,-1.809884],[-69.104596,-1.775259],[-69.126816,-1.748423],[-69.159247,-1.720448],[-69.195274,-1.690313],[-69.21206,-1.674363],[-69.227297,-1.656113],[-69.256283,-1.625938],[-69.294515,-1.601867],[-69.328617,-1.586686],[-69.345972,-1.580272],[-69.363821,-1.574302],[-69.38581,-1.57477],[-69.404977,-1.574942],[-69.423874,-1.570814],[-69.435564,-1.556131],[-69.444806,-1.539692],[-69.452994,-1.521404],[-69.454536,-1.517788]]]}},{"type":"Feature","properties":{"folders":"vw_snv_aqa","altitude":0.0,"CD_UF":"13","NM_UF":"Amazonas","SIGLA_UF":"AM","NM_REGIAO":"Norte","AREA_KM2":1559255.881,"extensao":258.1,"NOME":"Rio Javari","CODIGO":"HF-148","BACIA":"Amazônica","TRECHO":"Da foz, no rio Solimoes, ate a boca do rio Javari-Mirim, seu afluente da margem esquerda."},"geometry":{"type":"MultiLineString","coordinates":[[[-70.002718,-4.37397],[-70.007486,-4.37393],[-70.014145,-4.373621],[-70.021991,-4.372304],[-70.02572,-4.370662],[-70.027813,-4.369287]],[[-70.050159,-4.326217],[-70.055303,-4.324601],[-70.068391,-4.323763],[-70.075053,-4.32067],[-70.078265,-4.317575],[-70.079692,-4.311746],[-70.078622,-4.307583],[-70.075529,-4.304727],[-70.07394,-4.304583]],[[-70.059794,-4.306216],[-70.055542,-4.306393],[-70.049494,-4.305375]],[[-70.04554,-4.291798],[-70.049665,-4.294098],[-70.056896,-4.295804],[-70.061292,-4.294569]],[[-70.076047,-4.285543],[-70.077864,-4.285598]],[[-70.078287,-4.285697],[-70.088145,-4.29014],[-70.092863,-4.290224],[-70.096738,-4.28834],[-70.098366,-4.285843]],[[-70.099668,-4.283847],[-70.099873,-4.283532],[-70.099886,-4.283163]],[[-70.100054,-4.276992],[-70.099994,-4.269396]],[[-70.115251,-4.263549],[-70.113093,-4.271682],[-70.113289,-4.276853]],[[-70.113311,-4.277425],[-70.113329,-4.277905],[-70.114025,-4.279024]],[[-70.114118,-4.279173],[-70.116552,-4.28309],[-70.118239,-4.283797]],[[-70.168911,-4.309718],[-70.167244,-4.310913],[-70.15413,-4.317115],[-70.151926,-4.32105],[-70.151889,-4.322036]],[[-70.176943,-4.337505],[-70.177425,-4.339631]],[[-70.177612,-4.341453],[-70.177266,-4.349518],[-70.180102,-4.354505],[-70.181407,-4.355851]],[[-70.184064,-4.358589],[-70.184625,-4.359167],[-70.185176,-4.35939]],[[-70.197893,-4.359581],[-70.199803,-4.358808],[-70.201199,-4.354755],[-70.200746,-4.346414],[-70.202257,-4.338573],[-70.202756,-4.335037]],[[-70.202964,-4.333566],[-70.204006,-4.326185],[-70.205622,-4.322696],[-70.209937,-4.31703]],[[-70.21144,-4.315056],[-70.212124,-4.314157],[-70.211987,-4.306144],[-70.212123,-4.300709]],[[-70.212124,-4.300706],[-70.213434,-4.298692]],[[-70.220064,-4.314401],[-70.220074,-4.314434],[-70.220109,-4.314452]],[[-70.260726,-4.307998],[-70.261156,-4.307853],[-70.264638,-4.304665],[-70.268045,-4.299192],[-70.269103,-4.295308],[-70.267306,-4.293295],[-70.262322,-4.292707],[-70.256427,-4.291615],[-70.251403,-4.289458],[-70.246763,-4.285726],[-70.245179,-4.281797],[-70.245644,-4.277248],[-70.24707,-4.274025]],[[-70.247285,-4.273767],[-70.24836,-4.272935]],[[-70.262905,-4.274942],[-70.263081,-4.275096],[-70.263678,-4.275422]],[[-70.289872,-4.285274],[-70.290095,-4.284388],[-70.288204,-4.282635]],[[-70.283828,-4.277164],[-70.283715,-4.276791]],[[-70.283655,-4.274479],[-70.283816,-4.273482]],[[-70.294044,-4.267539],[-70.296977,-4.266496],[-70.302085,-4.263571],[-70.305932,-4.260335],[-70.308655,-4.257075],[-70.309348,-4.253867],[-70.309619,-4.250661],[-70.308919,-4.247103],[-70.305082,-4.243513],[-70.299838,-4.24062],[-70.294663,-4.23852],[-70.291691,-4.238071]],[[-70.28418,-4.236538],[-70.28278,-4.235913]],[[-70.281501,-4.235221],[-70.279542,-4.233503]],[[-70.279086,-4.232151],[-70.278803,-4.228629]],[[-70.279149,-4.225942],[-70.279627,-4.222835],[-70.281604,-4.214803],[-70.285584,-4.206966],[-70.286864,-4.20404],[-70.287398,-4.201524]],[[-70.287717,-4.200021],[-70.287875,-4.199273],[-70.288595,-4.194052],[-70.288427,-4.183334],[-70.287628,-4.178278],[-70.286219,-4.173591],[-70.286275,-4.169558],[-70.288747,-4.165012],[-70.291431,-4.161499]],[[-70.301087,-4.158896],[-70.301651,-4.15888],[-70.301838,-4.158843]],[[-70.304962,-4.15822],[-70.305765,-4.15806],[-70.308332,-4.156606],[-70.308675,-4.156306]],[[-70.310181,-4.15499],[-70.312914,-4.1526],[-70.313754,-4.150832]],[[-70.329322,-4.152905],[-70.329247,-4.153327]],[[-70.328382,-4.17098],[-70.328542,-4.172063],[-70.33041,-4.175137],[-70.333383,-4.177597],[-70.336889,-4.17907],[-70.337214,-4.179035]],[[-70.339178,-4.17882],[-70.342065,-4.178505],[-70.34707,-4.175762],[-70.352241,-4.170865],[-70.357583,-4.163823],[-70.358852,-4.161467]],[[-70.359231,-4.160765],[-70.361867,-4.155875],[-70.362142,-4.154762]],[[-70.364113,-4.147656],[-70.365452,-4.144798]],[[-70.366089,-4.143852],[-70.369871,-4.139829]],[[-70.370384,-4.139364],[-70.376606,-4.135327]],[[-70.388533,-4.135414],[-70.3924,-4.137089],[-70.396708,-4.137804],[-70.413567,-4.135683],[-70.419999,-4.134962],[-70.420528,-4.134756]],[[-70.442291,-4.140661],[-70.441869,-4.1424]],[[-70.441391,-4.14351],[-70.437149,-4.147955],[-70.432643,-4.152194],[-70.43193,-4.155161],[-70.432028,-4.158433],[-70.433378,-4.162024],[-70.435563,-4.16326]],[[-70.437186,-4.163764],[-70.438848,-4.164001],[-70.439152,-4.163892]],[[-70.439178,-4.163882],[-70.441502,-4.16305],[-70.442249,-4.16246]],[[-70.445665,-4.160081],[-70.447702,-4.158986],[-70.448953,-4.158581]],[[-70.455548,-4.161199],[-70.456991,-4.166085]],[[-70.460154,-4.173867],[-70.461204,-4.175282],[-70.46439,-4.176559],[-70.467561,-4.175566],[-70.469232,-4.173552],[-70.470927,-4.169689]],[[-70.489718,-4.173795],[-70.490812,-4.185384],[-70.49182,-4.1907],[-70.494124,-4.194387],[-70.494744,-4.19503]],[[-70.495643,-4.195961],[-70.498205,-4.198617],[-70.502587,-4.200212],[-70.507614,-4.200017],[-70.510452,-4.198552],[-70.512904,-4.195275],[-70.513785,-4.193014]],[[-70.513887,-4.192751],[-70.513941,-4.192612],[-70.513901,-4.191566]],[[-70.512777,-4.187033],[-70.512776,-4.187031],[-70.512776,-4.187031]],[[-70.50323,-4.161757],[-70.503298,-4.161433]],[[-70.504299,-4.158233],[-70.507846,-4.15176]],[[-70.509346,-4.149774],[-70.517411,-4.142048],[-70.518256,-4.141079]],[[-70.522802,-4.137083],[-70.523433,-4.136893],[-70.525694,-4.138035],[-70.530032,-4.144346],[-70.532236,-4.145806],[-70.534789,-4.145922],[-70.536854,-4.144912],[-70.537538,-4.144354]],[[-70.53949,-4.142764],[-70.544885,-4.138366]],[[-70.546796,-4.137302],[-70.547485,-4.137017]],[[-70.548142,-4.136798],[-70.550739,-4.13674],[-70.55268,-4.137633]],[[-70.552869,-4.137965],[-70.552848,-4.139609],[-70.551876,-4.141451],[-70.547763,-4.143948]],[[-70.54767,-4.144005],[-70.542203,-4.147324],[-70.540804,-4.149527],[-70.539996,-4.153405],[-70.541044,-4.155759],[-70.543084,-4.158157],[-70.543139,-4.158174]],[[-70.549326,-4.160073],[-70.551062,-4.160531]],[[-70.556845,-4.164631],[-70.557923,-4.16662]],[[-70.558168,-4.1676],[-70.5584,-4.169763]],[[-70.556925,-4.175327],[-70.553681,-4.18201],[-70.552524,-4.18791],[-70.552499,-4.192377],[-70.553255,-4.197144],[-70.554798,-4.201777],[-70.558494,-4.206829],[-70.562487,-4.209769],[-70.563909,-4.210177]],[[-70.567096,-4.211092],[-70.567459,-4.211196],[-70.571553,-4.211365],[-70.572047,-4.211278]],[[-70.572391,-4.211217],[-70.573947,-4.210941],[-70.575778,-4.208663],[-70.576018,-4.205609],[-70.574722,-4.201776],[-70.573649,-4.20038]],[[-70.57081,-4.196682],[-70.570729,-4.196576],[-70.570691,-4.196532]],[[-70.562721,-4.184634],[-70.562396,-4.18374]],[[-70.562042,-4.179702],[-70.562039,-4.179261]],[[-70.563121,-4.175797],[-70.563533,-4.175182]],[[-70.565509,-4.173461],[-70.565987,-4.173194]],[[-70.568191,-4.172682],[-70.569945,-4.172666]],[[-70.572366,-4.173473],[-70.574141,-4.174541]],[[-70.575862,-4.176223],[-70.577726,-4.178122]],[[-70.581434,-4.181974],[-70.583087,-4.1837],[-70.584809,-4.184471]],[[-70.586218,-4.185101],[-70.588289,-4.186028],[-70.59482,-4.187071]],[[-70.604799,-4.189611],[-70.614304,-4.193002],[-70.615372,-4.193124]],[[-70.61764,-4.193383],[-70.618025,-4.193427],[-70.618369,-4.19336]],[[-70.619377,-4.193164],[-70.621305,-4.192789],[-70.624218,-4.191607],[-70.62735,-4.188088]],[[-70.628795,-4.186464],[-70.632201,-4.182636],[-70.634321,-4.179141],[-70.635596,-4.17515],[-70.635013,-4.170702],[-70.632335,-4.1652]],[[-70.631176,-4.162819],[-70.627862,-4.156009],[-70.626626,-4.153792]],[[-70.62282,-4.147002],[-70.620043,-4.14211]],[[-70.618021,-4.137084],[-70.617659,-4.13589]],[[-70.617473,-4.128887],[-70.618251,-4.127851]],[[-70.621956,-4.126732],[-70.624326,-4.126666],[-70.627951,-4.126861]],[[-70.645746,-4.127582],[-70.646669,-4.128442]],[[-70.649056,-4.133184],[-70.650679,-4.139208]],[[-70.650807,-4.141131],[-70.650943,-4.148413]],[[-70.650815,-4.155216],[-70.650784,-4.155646]],[[-70.653497,-4.162278],[-70.653832,-4.161798],[-70.654457,-4.159653]],[[-70.654934,-4.158012],[-70.655481,-4.156133],[-70.656863,-4.150935]],[[-70.657484,-4.149212],[-70.658944,-4.146332]],[[-70.672833,-4.196133],[-70.672935,-4.196638],[-70.673258,-4.19708]],[[-70.68082,-4.206446],[-70.682658,-4.207538],[-70.684463,-4.20747],[-70.685502,-4.205656],[-70.685684,-4.204641]],[[-70.685725,-4.204408],[-70.686277,-4.201316],[-70.686667,-4.193921]],[[-70.687101,-4.192699],[-70.688049,-4.190384]],[[-70.688937,-4.189329],[-70.690182,-4.188484]],[[-70.691497,-4.187719],[-70.695017,-4.186728]],[[-70.695404,-4.186676],[-70.70555,-4.18714],[-70.712056,-4.187909]],[[-70.713703,-4.188104],[-70.716024,-4.188378],[-70.722066,-4.187327],[-70.727734,-4.184303],[-70.731986,-4.180357],[-70.736634,-4.175371],[-70.740445,-4.168979]],[[-70.743812,-4.164593],[-70.745903,-4.162431]],[[-70.749967,-4.159786],[-70.750274,-4.15962],[-70.752464,-4.159035]],[[-70.765496,-4.161255],[-70.765785,-4.161462],[-70.767493,-4.162703]],[[-70.780593,-4.178933],[-70.783084,-4.182906],[-70.785374,-4.185163],[-70.787857,-4.186217]],[[-70.788161,-4.186346],[-70.788765,-4.186603],[-70.791572,-4.186316],[-70.793021,-4.18559]],[[-70.793233,-4.185484],[-70.794431,-4.184884],[-70.797245,-4.182586],[-70.798854,-4.18151]],[[-70.801317,-4.182116],[-70.801538,-4.182229],[-70.802683,-4.18483],[-70.802828,-4.190641],[-70.804367,-4.193131],[-70.804445,-4.193178]],[[-70.807155,-4.194813],[-70.807533,-4.195042],[-70.808103,-4.195096]],[[-70.819108,-4.1985],[-70.820484,-4.201257],[-70.821718,-4.206557],[-70.823238,-4.209592],[-70.825328,-4.212322],[-70.827946,-4.213706],[-70.83412,-4.214692],[-70.840426,-4.215813],[-70.841234,-4.216151]],[[-70.839726,-4.229811],[-70.83951,-4.229644]],[[-70.83729,-4.227181],[-70.835361,-4.224299],[-70.831306,-4.220774],[-70.826373,-4.21908],[-70.822242,-4.218994],[-70.818677,-4.220345],[-70.816469,-4.223187],[-70.815744,-4.22679],[-70.816246,-4.227661]],[[-70.817313,-4.22951],[-70.817686,-4.230157],[-70.818942,-4.231184]],[[-70.825839,-4.238338],[-70.826048,-4.238749]],[[-70.826783,-4.241738],[-70.827783,-4.248875],[-70.830035,-4.252415],[-70.832261,-4.253874],[-70.835449,-4.255101],[-70.838798,-4.254926],[-70.84117,-4.254144],[-70.845289,-4.250142],[-70.849906,-4.2479],[-70.852523,-4.24695]],[[-70.864708,-4.252818],[-70.864863,-4.253885]],[[-70.864,-4.257206],[-70.863789,-4.257766]],[[-70.851349,-4.269878],[-70.849782,-4.270351],[-70.846009,-4.271566],[-70.844586,-4.274089],[-70.844588,-4.276997],[-70.845584,-4.279266],[-70.84659,-4.280577],[-70.848499,-4.281459],[-70.854634,-4.282482]],[[-70.857886,-4.283215],[-70.864262,-4.287346],[-70.867147,-4.28791]],[[-70.879756,-4.299954],[-70.87974,-4.300253],[-70.875167,-4.314814],[-70.874885,-4.318858],[-70.87526,-4.321167],[-70.876736,-4.323236],[-70.878005,-4.324637],[-70.879668,-4.325162],[-70.882588,-4.32523],[-70.885579,-4.324495],[-70.888128,-4.323693]],[[-70.899919,-4.325538],[-70.90256,-4.329163],[-70.904417,-4.334179],[-70.907206,-4.341683],[-70.910059,-4.350949],[-70.91146,-4.357109],[-70.914669,-4.360514],[-70.916951,-4.361588],[-70.91844,-4.360809],[-70.920583,-4.358755],[-70.92283,-4.356271]],[[-70.924415,-4.355209],[-70.926898,-4.354354]],[[-70.928207,-4.35428],[-70.931213,-4.354741],[-70.934357,-4.357704],[-70.935355,-4.364127],[-70.936179,-4.36982],[-70.935743,-4.372017],[-70.933351,-4.377776],[-70.933151,-4.380385],[-70.935693,-4.383162],[-70.937824,-4.38335],[-70.938172,-4.383175]],[[-70.94558,-4.377237],[-70.948396,-4.376997],[-70.950259,-4.377146]],[[-70.956643,-4.379531],[-70.957347,-4.379816],[-70.957923,-4.379943]],[[-70.960826,-4.380585],[-70.961459,-4.380725],[-70.966449,-4.37982],[-70.966734,-4.379716]],[[-70.970373,-4.378036],[-70.971515,-4.376775],[-70.971929,-4.374357]],[[-70.972308,-4.36976],[-70.972653,-4.364748]],[[-70.980177,-4.353088],[-70.98768,-4.347023],[-70.990709,-4.345199]],[[-70.992029,-4.344788],[-70.994825,-4.344655]],[[-70.997103,-4.34571],[-70.99786,-4.346134]],[[-70.993763,-4.355429],[-70.991839,-4.356858],[-70.991525,-4.357374]],[[-70.990369,-4.359273],[-70.989424,-4.360826],[-70.989275,-4.361818]],[[-70.987606,-4.374152],[-70.987464,-4.378139],[-70.989044,-4.381267]],[[-70.98934,-4.381853],[-70.989534,-4.382236],[-70.994754,-4.386185],[-70.995495,-4.386469]],[[-70.995853,-4.386606],[-70.999158,-4.387871],[-71.002479,-4.38851],[-71.007235,-4.388066],[-71.011895,-4.386262],[-71.014486,-4.384645],[-71.015853,-4.383536]],[[-71.019379,-4.383656],[-71.019411,-4.383679]],[[-71.020445,-4.385435],[-71.023162,-4.391061],[-71.029335,-4.396304],[-71.030555,-4.397286]],[[-71.034825,-4.400724],[-71.034948,-4.400822],[-71.035257,-4.400887]],[[-71.039663,-4.401595],[-71.042912,-4.400959],[-71.043308,-4.400521]],[[-71.04453,-4.399168],[-71.045974,-4.397572],[-71.046142,-4.396917]],[[-71.04704,-4.393412],[-71.047276,-4.392492],[-71.046885,-4.388492],[-71.044149,-4.381948]],[[-71.043793,-4.379548],[-71.043838,-4.375733],[-71.044744,-4.372928]],[[-71.045597,-4.371499],[-71.047306,-4.369785]],[[-71.051317,-4.368601],[-71.051694,-4.368627]],[[-71.055205,-4.370524],[-71.055783,-4.375037],[-71.055766,-4.378956]],[[-71.059692,-4.389199],[-71.061253,-4.390271],[-71.06226,-4.390591]],[[-71.076879,-4.396964],[-71.07688,-4.396964],[-71.080097,-4.396792],[-71.081333,-4.396234]],[[-71.082744,-4.395597],[-71.082833,-4.395557],[-71.083124,-4.394898]],[[-71.083908,-4.393127],[-71.083954,-4.393023],[-71.083235,-4.390888],[-71.082117,-4.389913]],[[-71.077358,-4.382597],[-71.077073,-4.380122],[-71.077715,-4.377334]],[[-71.078353,-4.375715],[-71.079798,-4.374586]],[[-71.108049,-4.391052],[-71.107352,-4.392996],[-71.10699,-4.396708]],[[-71.109418,-4.406575],[-71.11034,-4.408555],[-71.111109,-4.408803]],[[-71.112557,-4.409269],[-71.114632,-4.409936],[-71.117499,-4.410217],[-71.119772,-4.408489]],[[-71.128651,-4.392825],[-71.13212,-4.389205]],[[-71.135034,-4.386627],[-71.139353,-4.383502]],[[-71.139998,-4.383097],[-71.144045,-4.381403]],[[-71.14828,-4.381024],[-71.14847,-4.381076]],[[-71.147515,-4.39892],[-71.147413,-4.400078],[-71.147487,-4.400197]],[[-71.156012,-4.405044],[-71.156298,-4.404951],[-71.156541,-4.404642]],[[-71.157271,-4.403718],[-71.158193,-4.402549],[-71.157869,-4.399892],[-71.157777,-4.398607]],[[-71.157619,-4.395457],[-71.158593,-4.393916]],[[-71.159198,-4.393269],[-71.16008,-4.392776]],[[-71.165882,-4.393323],[-71.167941,-4.394123],[-71.171577,-4.394839],[-71.174878,-4.394288],[-71.180172,-4.393713]],[[-71.181348,-4.393765],[-71.182588,-4.394066]],[[-71.190163,-4.421962],[-71.19061,-4.422669],[-71.191184,-4.423109]],[[-71.191449,-4.423313],[-71.192981,-4.424487],[-71.195664,-4.424759],[-71.195995,-4.424585]],[[-71.196921,-4.424101],[-71.1992,-4.422909],[-71.200959,-4.420233],[-71.201458,-4.41614]],[[-71.203513,-4.409596],[-71.205893,-4.406337],[-71.206319,-4.405111]],[[-71.206624,-4.404233],[-71.20764,-4.401309],[-71.206865,-4.397359],[-71.205175,-4.395509]],[[-71.203129,-4.393269],[-71.20023,-4.390097],[-71.198666,-4.38723]],[[-71.198425,-4.386203],[-71.199098,-4.3833],[-71.200255,-4.380875]],[[-71.20109,-4.379892],[-71.202151,-4.379223]],[[-71.217341,-4.380707],[-71.217607,-4.381228]],[[-71.219481,-4.391769],[-71.218695,-4.397706],[-71.218678,-4.39809]],[[-71.219395,-4.405903],[-71.219515,-4.406311],[-71.220925,-4.407204]],[[-71.222178,-4.407997],[-71.222488,-4.408194],[-71.224707,-4.408388],[-71.226068,-4.407807]],[[-71.228031,-4.406496],[-71.228855,-4.405386],[-71.228856,-4.402956],[-71.22773,-4.399904],[-71.227407,-4.399183]],[[-71.225858,-4.392691],[-71.2259,-4.389957]],[[-71.226309,-4.389207],[-71.228715,-4.38582],[-71.230338,-4.384958]],[[-71.232568,-4.38405],[-71.233578,-4.3839]],[[-71.237646,-4.386713],[-71.238973,-4.388461],[-71.242451,-4.391041],[-71.246432,-4.391699],[-71.249786,-4.391379],[-71.253518,-4.389819],[-71.25916,-4.38676],[-71.262506,-4.385528]],[[-71.264784,-4.384922],[-71.267216,-4.384588]],[[-71.271733,-4.38544],[-71.272604,-4.385699],[-71.275514,-4.387098]],[[-71.279237,-4.390449],[-71.279497,-4.390735]],[[-71.28019,-4.399664],[-71.27935,-4.400416],[-71.277443,-4.400283],[-71.276271,-4.399417]],[[-71.272665,-4.396047],[-71.271063,-4.394307],[-71.269042,-4.393459]],[[-71.267898,-4.392979],[-71.267309,-4.392731],[-71.264466,-4.393233],[-71.264157,-4.393372]],[[-71.263527,-4.393658],[-71.261881,-4.394405],[-71.261256,-4.396315]],[[-71.2612,-4.396487],[-71.261127,-4.396712],[-71.261389,-4.397291]],[[-71.268415,-4.411945],[-71.266346,-4.41488],[-71.265153,-4.417033]],[[-71.280053,-4.441652],[-71.281356,-4.442466],[-71.282409,-4.442492]],[[-71.282868,-4.442503],[-71.286655,-4.442598],[-71.292665,-4.440121],[-71.296432,-4.436159],[-71.299154,-4.429917],[-71.302337,-4.422887],[-71.304312,-4.419718]],[[-71.304458,-4.419558],[-71.30873,-4.416079]],[[-71.31061,-4.415356],[-71.31091,-4.415286]],[[-71.316628,-4.415332],[-71.316904,-4.415418]],[[-71.320167,-4.418493],[-71.32036,-4.418777],[-71.32105,-4.419849]],[[-71.303222,-4.442605],[-71.301765,-4.445067],[-71.301601,-4.446865]],[[-71.301597,-4.446906],[-71.301435,-4.448677],[-71.302275,-4.452744],[-71.302628,-4.453399]],[[-71.307863,-4.462317],[-71.308142,-4.462729],[-71.308362,-4.462807]],[[-71.308689,-4.462923],[-71.310573,-4.463591],[-71.311658,-4.461629],[-71.311959,-4.458038],[-71.311702,-4.451635]],[[-71.312676,-4.447171],[-71.315387,-4.4437],[-71.321352,-4.441069],[-71.329266,-4.440855]],[[-71.333691,-4.441613],[-71.334944,-4.44207],[-71.337066,-4.442884],[-71.339823,-4.442259],[-71.341834,-4.440235],[-71.341531,-4.432912]],[[-71.342089,-4.429814],[-71.342362,-4.429427]],[[-71.344381,-4.427027],[-71.345468,-4.426653]],[[-71.35712,-4.433538],[-71.35818,-4.434514],[-71.360965,-4.434847]],[[-71.361743,-4.43494],[-71.363284,-4.435125],[-71.36812,-4.432178],[-71.375718,-4.426305],[-71.380534,-4.42475]],[[-71.381605,-4.424634],[-71.383141,-4.424807]],[[-71.386829,-4.425591],[-71.392084,-4.428309],[-71.395979,-4.43152],[-71.398032,-4.434958]],[[-71.400222,-4.443323],[-71.400403,-4.44409],[-71.402224,-4.44531],[-71.406355,-4.446722]],[[-71.407065,-4.447046],[-71.408634,-4.448192],[-71.409337,-4.449077]],[[-71.411541,-4.452795],[-71.413635,-4.457231],[-71.414563,-4.458612]],[[-71.418255,-4.464184],[-71.418854,-4.465097],[-71.419375,-4.465553]],[[-71.426824,-4.465628],[-71.427509,-4.464717]],[[-71.432008,-4.461405],[-71.433149,-4.460606],[-71.433451,-4.459502]],[[-71.433477,-4.459407],[-71.434277,-4.456485],[-71.432597,-4.448763],[-71.430674,-4.445978],[-71.430416,-4.445829]],[[-71.430107,-4.44565],[-71.426918,-4.443804],[-71.417157,-4.442769],[-71.412476,-4.440348],[-71.411585,-4.438829]],[[-71.41139,-4.438285],[-71.412545,-4.436591]],[[-71.415541,-4.436648],[-71.417322,-4.437499],[-71.418789,-4.437968]],[[-71.420412,-4.438486],[-71.420518,-4.43852],[-71.423158,-4.438492],[-71.425829,-4.436791],[-71.428668,-4.432337],[-71.431655,-4.429097],[-71.434534,-4.427987]],[[-71.434952,-4.427956],[-71.437238,-4.428693],[-71.438688,-4.429681],[-71.439387,-4.431671]],[[-71.439046,-4.433577],[-71.43866,-4.435089],[-71.434712,-4.440434],[-71.43458,-4.440797]],[[-71.434495,-4.447742],[-71.434632,-4.448126],[-71.435428,-4.448696]],[[-71.435844,-4.448993],[-71.437172,-4.449943],[-71.442677,-4.449811],[-71.445156,-4.449555]],[[-71.44659,-4.449408],[-71.448481,-4.449213],[-71.44888,-4.44898]],[[-71.450918,-4.447789],[-71.451514,-4.44744],[-71.451709,-4.446696]],[[-71.452103,-4.445194],[-71.452342,-4.444284],[-71.451492,-4.44173],[-71.450961,-4.440501]],[[-71.449946,-4.437365],[-71.449775,-4.435841]],[[-71.4499,-4.434316],[-71.45026,-4.433531]],[[-71.454022,-4.433249],[-71.455555,-4.435746],[-71.456405,-4.436545]],[[-71.458466,-4.438483],[-71.459427,-4.439386],[-71.461834,-4.440365],[-71.46366,-4.440102]],[[-71.46369,-4.440097],[-71.464292,-4.440011],[-71.468067,-4.437891],[-71.472601,-4.434899],[-71.476206,-4.433746],[-71.478141,-4.434275],[-71.479082,-4.43486]],[[-71.486271,-4.456868],[-71.487386,-4.456426],[-71.491952,-4.450863],[-71.494402,-4.447992],[-71.501449,-4.441017],[-71.504211,-4.438644],[-71.506429,-4.437973],[-71.508905,-4.438597],[-71.509099,-4.438865]],[[-71.507251,-4.453768],[-71.507593,-4.45593]],[[-71.504815,-4.461243],[-71.504606,-4.461393]],[[-71.493712,-4.485042],[-71.493765,-4.485288],[-71.495034,-4.486636],[-71.496901,-4.48712],[-71.498393,-4.486386],[-71.499807,-4.484338],[-71.501381,-4.481718],[-71.5034,-4.478527],[-71.505836,-4.476894],[-71.508195,-4.476096],[-71.512317,-4.475271],[-71.515913,-4.473918],[-71.516263,-4.473462]],[[-71.517934,-4.471278],[-71.518138,-4.471013],[-71.518128,-4.470846]],[[-71.518061,-4.469681],[-71.517998,-4.468589],[-71.516592,-4.465786],[-71.516639,-4.463718]],[[-71.523098,-4.464917],[-71.52539,-4.466028],[-71.526036,-4.465837]],[[-71.526681,-4.465647],[-71.528837,-4.465011],[-71.533011,-4.463443]],[[-71.535103,-4.463138],[-71.537347,-4.463788]],[[-71.537966,-4.464098],[-71.540069,-4.46627]],[[-71.540334,-4.466846],[-71.540354,-4.469173]],[[-71.540126,-4.469857],[-71.53918,-4.471712]],[[-71.535771,-4.477307],[-71.535538,-4.477664],[-71.535532,-4.478]],[[-71.535482,-4.480801],[-71.535472,-4.481385],[-71.535841,-4.481795]],[[-71.536501,-4.482527],[-71.537034,-4.483119],[-71.538837,-4.48331],[-71.540442,-4.481935],[-71.543723,-4.478683]],[[-71.543896,-4.478582],[-71.549157,-4.476845],[-71.553633,-4.477055],[-71.557909,-4.477951],[-71.558891,-4.478393]],[[-71.56013,-4.48003],[-71.560175,-4.480161]],[[-71.559605,-4.480696],[-71.558444,-4.481621]],[[-71.551696,-4.486181],[-71.551724,-4.486506],[-71.552421,-4.48737]],[[-71.55254,-4.487519],[-71.553217,-4.488359],[-71.556805,-4.489434]],[[-71.557164,-4.489593],[-71.560168,-4.49169]],[[-71.562005,-4.49492],[-71.563132,-4.497776],[-71.56372,-4.499228]],[[-71.565397,-4.503369],[-71.565463,-4.503533],[-71.567949,-4.506617],[-71.568132,-4.506788]],[[-71.570592,-4.509099],[-71.571757,-4.510193],[-71.578032,-4.515335],[-71.580966,-4.517238]],[[-71.592786,-4.526189],[-71.59297,-4.526329],[-71.593243,-4.526475]],[[-71.595433,-4.527644],[-71.596717,-4.52833],[-71.597953,-4.528534]],[[-71.605873,-4.529731],[-71.607602,-4.52997],[-71.613037,-4.52944],[-71.617004,-4.529032],[-71.620184,-4.527717],[-71.621579,-4.526788]],[[-71.621842,-4.526612],[-71.62477,-4.524661],[-71.625534,-4.523965]],[[-71.631269,-4.518455],[-71.633135,-4.516113],[-71.633626,-4.515011]],[[-71.633891,-4.514415],[-71.634124,-4.513892],[-71.63483,-4.510206],[-71.633749,-4.508617],[-71.62923,-4.507678]],[[-71.626831,-4.506925],[-71.624884,-4.505612]],[[-71.62327,-4.504147],[-71.62276,-4.503613]],[[-71.62114,-4.501475],[-71.619082,-4.495546],[-71.616612,-4.489922],[-71.615269,-4.487572]],[[-71.61334,-4.483274],[-71.611575,-4.475497],[-71.611673,-4.472442],[-71.613235,-4.470136]],[[-71.615105,-4.468502],[-71.616262,-4.468078]],[[-71.62483,-4.471759],[-71.626562,-4.473296]],[[-71.628096,-4.47867],[-71.627851,-4.479898]],[[-71.62685,-4.490489],[-71.627175,-4.490835],[-71.630166,-4.49185]],[[-71.641953,-4.500243],[-71.642257,-4.500519],[-71.643358,-4.50105]],[[-71.651588,-4.502715],[-71.652086,-4.502213],[-71.650284,-4.498332]],[[-71.649139,-4.491953],[-71.648978,-4.490845],[-71.647998,-4.484421],[-71.647748,-4.480291]],[[-71.648434,-4.478576],[-71.64959,-4.476355]],[[-71.650781,-4.474827],[-71.653111,-4.472736]],[[-71.657346,-4.471824],[-71.658344,-4.472056]],[[-71.660464,-4.502668],[-71.661882,-4.503587],[-71.664942,-4.50465],[-71.665984,-4.50485]],[[-71.670299,-4.505895],[-71.670525,-4.505959],[-71.672935,-4.50655],[-71.673107,-4.506407]],[[-71.673251,-4.506287],[-71.674159,-4.505534],[-71.674749,-4.503409]],[[-71.679265,-4.500583],[-71.682499,-4.499998],[-71.684918,-4.499042],[-71.686137,-4.498524]],[[-71.689063,-4.497954],[-71.690548,-4.498458],[-71.69297,-4.49928],[-71.695112,-4.501835],[-71.698035,-4.504903]],[[-71.704481,-4.509714],[-71.707399,-4.510944],[-71.710438,-4.510165],[-71.712139,-4.509342]],[[-71.712835,-4.509006],[-71.714581,-4.508161],[-71.715015,-4.507855]],[[-71.718283,-4.505296],[-71.720221,-4.502786],[-71.722701,-4.499912]],[[-71.723923,-4.498881],[-71.725364,-4.498454]],[[-71.72956,-4.498183],[-71.732157,-4.498514],[-71.735774,-4.498149],[-71.736275,-4.497809]],[[-71.737281,-4.497124],[-71.739695,-4.495483],[-71.74041,-4.492077],[-71.740323,-4.489421]],[[-71.740271,-4.486288],[-71.740615,-4.483523]],[[-71.741788,-4.47948],[-71.745559,-4.471699],[-71.749377,-4.468657],[-71.750694,-4.468309]],[[-71.753161,-4.468744],[-71.753225,-4.468792]],[[-71.754344,-4.470864],[-71.754411,-4.471325]],[[-71.750147,-4.492778],[-71.750151,-4.492804],[-71.750203,-4.492874]],[[-71.752792,-4.496329],[-71.753052,-4.496675],[-71.755415,-4.498561],[-71.761322,-4.50169],[-71.76832,-4.504484],[-71.769049,-4.504268]],[[-71.769404,-4.504163],[-71.77034,-4.503885],[-71.77057,-4.502997]],[[-71.770591,-4.502915],[-71.770782,-4.502175],[-71.771038,-4.500083],[-71.770198,-4.497926]],[[-71.769888,-4.496255],[-71.770352,-4.492348],[-71.773074,-4.48895],[-71.777913,-4.485531],[-71.780341,-4.48449]],[[-71.788621,-4.484786],[-71.78915,-4.485026]]]}},{"type":"Feature","properties":{"folders":"vw_snv_aqa","altitude":0.0,"CD_UF":"13","NM_UF":"Amazonas","SIGLA_UF":"AM","NM_REGIAO":"Norte","AREA_KM2":1559255.881,"extensao":10.6},"geometry":{"type":"MultiLineString","coordinates":[[[-68.589622,-9.027953],[-68.59545,-9.030038],[-68.599261,-9.031707],[-68.600826,-9.031742],[-68.602786,-9.031013],[-68.606102,-9.029023],[-68.611634,-9.026072],[-68.613786,-9.025518],[-68.617923,-9.026805],[-68.620151,-9.028122],[-68.621465,-9.028712],[-68.62264,-9.029565],[-68.622711,-9.030536],[-68.622321,-9.031452],[-68.620806,-9.032487],[-68.618402,-9.033618],[-68.616511,-9.034773],[-68.614363,-9.035812],[-68.612886,-9.036538],[-68.611796,-9.037706],[-68.610237,-9.038837],[-68.608849,-9.039868],[-68.6079,-9.040355],[-68.607662,-9.041472],[-68.607759,-9.042508],[-68.608527,-9.043859],[-68.609634,-9.045117],[-68.611976,-9.046324],[-68.613618,-9.046913],[-68.615407,-9.047908],[-68.616675,-9.048252],[-68.618018,-9.047757],[-68.619933,-9.046504],[-68.621684,-9.044965],[-68.624025,-9.043398],[-68.625474,-9.042851],[-68.62707,-9.042652],[-68.628722,-9.042879],[-68.630569,-9.044035],[-68.632498,-9.046],[-68.634097,-9.047896],[-68.635287,-9.049844],[-68.636285,-9.051479],[-68.637051,-9.052733],[-68.637659,-9.053728]]]}}]}