{"type":"FeatureCollection","name":"RODOVIAS FEDERAIS","features":[{"type":"Feature","properties":{"FID":"vw_snv_rod.fid-5c8cc48d_192b545ade1_-7dd8","id_snv":279425,"Codigo_BR":307,"Unidade_Fe":"AM","Sigla_Tipo":"B","Nome_Tipo_":"Eixo Principal","Codigo_SNV":"307BAM0055","Coincidenc":"307BAM0055","Local_Inic":"FIM DA PAVIMENTAÇÃO","Local_Fim":"ACESSO VILA DO GAMA","Quilometra":1.9,"Quilomet_1":2.6,"Extensao":0.7,"Superficie":"IMP","Obra":null,"Unidade_Lo":"Humaitá","Administra":"Federal","Estadual_C":null,"Superfic_1":null,"Versao_SNV":"202410A","dt_ini":"2024-10-17","dt_fim":"2029-10-30"},"geometry":{"type":"LineString","coordinates":[[-72.719318,-7.490465],[-72.720315,-7.486877],[-72.718704,-7.483469]]}},{"type":"Feature","properties":{"FID":"vw_snv_rod.fid-5c8cc48d_192b545ade1_-7dd7","id_snv":279426,"Codigo_BR":307,"Unidade_Fe":"AM","Sigla_Tipo":"B","Nome_Tipo_":"Eixo Principal","Codigo_SNV":"307BAM0070","Coincidenc":"307BAM0070","Local_Inic":"ACESSO VILA DO GAMA","Local_Fim":"RIO CURUÇÁ","Quilometra":2.6,"Quilomet_1":184.1,"Extensao":181.5,"Superficie":"PLA","Obra":null,"Unidade_Lo":null,"Administra":"Federal","Estadual_C":null,"Superfic_1":null,"Versao_SNV":"202410A","dt_ini":"2024-10-17","dt_fim":"2029-10-30"},"geometry":{"type":"LineString","coordinates":[[-72.718704,-7.483469],[-72.741502,-7.349782],[-72.791651,-7.208885],[-72.822697,-7.041719],[-72.832249,-6.962912],[-72.808368,-6.862612],[-72.727173,-6.609475],[-72.652417,-6.3788]]}},{"type":"Feature","properties":{"FID":"vw_snv_rod.fid-5c8cc48d_192b545ade1_-7dd6","id_snv":279427,"Codigo_BR":307,"Unidade_Fe":"AM","Sigla_Tipo":"B","Nome_Tipo_":"Eixo Principal","Codigo_SNV":"307BAM0110","Coincidenc":"307BAM0110","Local_Inic":"RIO CURUÇÁ","Local_Fim":"SANTA CRUZ","Quilometra":184.1,"Quilomet_1":254.1,"Extensao":70.0,"Superficie":"PLA","Obra":null,"Unidade_Lo":null,"Administra":"Federal","Estadual_C":null,"Superfic_1":null,"Versao_SNV":"202410A","dt_ini":"2024-10-17","dt_fim":"2029-10-30"},"geometry":{"type":"LineString","coordinates":[[-72.652417,-6.3788],[-72.516157,-5.958341]]}},{"type":"Feature","properties":{"FID":"vw_snv_rod.fid-5c8cc48d_192b545ade1_-7dd5","id_snv":279428,"Codigo_BR":307,"Unidade_Fe":"AM","Sigla_Tipo":"B","Nome_Tipo_":"Eixo Principal","Codigo_SNV":"307BAM0130","Coincidenc":"307BAM0130","Local_Inic":"SANTA CRUZ","Local_Fim":"ENTR BR-411 (P/ELVIRA)","Quilometra":254.1,"Quilomet_1":307.8,"Extensao":53.7,"Superficie":"PLA","Obra":null,"Unidade_Lo":null,"Administra":"Federal","Estadual_C":null,"Superfic_1":null,"Versao_SNV":"202410A","dt_ini":"2024-10-17","dt_fim":"2029-10-30"},"geometry":{"type":"LineString","coordinates":[[-72.516157,-5.958341],[-72.476424,-5.835736],[-72.413466,-5.635201]]}},{"type":"Feature","properties":{"FID":"vw_snv_rod.fid-5c8cc48d_192b545ade1_-7dd4","id_snv":279429,"Codigo_BR":307,"Unidade_Fe":"AM","Sigla_Tipo":"B","Nome_Tipo_":"Eixo Principal","Codigo_SNV":"307BAM0150","Coincidenc":"307BAM0150","Local_Inic":"ENTR BR-411 (P/ELVIRA)","Local_Fim":"ARGEMIRO","Quilometra":307.8,"Quilomet_1":377.8,"Extensao":70.0,"Superficie":"PLA","Obra":null,"Unidade_Lo":null,"Administra":"Federal","Estadual_C":null,"Superfic_1":null,"Versao_SNV":"202410A","dt_ini":"2024-10-17","dt_fim":"2029-10-30"},"geometry":{"type":"LineString","coordinates":[[-72.413466,-5.635201],[-72.411946,-5.63036],[-72.216123,-5.458418],[-71.965374,-5.217221],[-71.867857,-5.142133]]}},{"type":"Feature","properties":{"FID":"vw_snv_rod.fid-5c8cc48d_192b545ade1_-7dd3","id_snv":279430,"Codigo_BR":307,"Unidade_Fe":"AM","Sigla_Tipo":"B","Nome_Tipo_":"Eixo Principal","Codigo_SNV":"307BAM0170","Coincidenc":"307BAM0170","Local_Inic":"ARGEMIRO","Local_Fim":"ENTR BR-413 (P/CAXIAS)","Quilometra":377.8,"Quilomet_1":454.3,"Extensao":76.5,"Superficie":"PLA","Obra":null,"Unidade_Lo":null,"Administra":"Federal","Estadual_C":null,"Superfic_1":null,"Versao_SNV":"202410A","dt_ini":"2024-10-17","dt_fim":"2029-10-30"},"geometry":{"type":"LineString","coordinates":[[-71.867857,-5.142133],[-71.726565,-5.033339],[-71.475816,-4.866173],[-71.241784,-4.706171],[-71.205272,-4.685633]]}},{"type":"Feature","properties":{"FID":"vw_snv_rod.fid-5c8cc48d_192b545ade1_-7dd2","id_snv":279431,"Codigo_BR":307,"Unidade_Fe":"AM","Sigla_Tipo":"B","Nome_Tipo_":"Eixo Principal","Codigo_SNV":"307BAM0190","Coincidenc":"307BAM0190","Local_Inic":"ENTR BR-413 (P/CAXIAS)","Local_Fim":"PONTO I","Quilometra":454.3,"Quilomet_1":529.3,"Extensao":75.0,"Superficie":"PLA","Obra":null,"Unidade_Lo":null,"Administra":"Federal","Estadual_C":null,"Superfic_1":null,"Versao_SNV":"202410A","dt_ini":"2024-10-17","dt_fim":"2029-10-30"},"geometry":{"type":"LineString","coordinates":[[-71.205272,-4.685633],[-71.165365,-4.663186],[-70.761344,-4.541539]]}},{"type":"Feature","properties":{"FID":"vw_snv_rod.fid-5c8cc48d_192b545ade1_-7dd1","id_snv":279432,"Codigo_BR":307,"Unidade_Fe":"AM","Sigla_Tipo":"B","Nome_Tipo_":"Eixo Principal","Codigo_SNV":"307BAM0210","Coincidenc":"307BAM0210","Local_Inic":"PONTO I","Local_Fim":"ATALAIA DO NORTE","Quilometra":529.3,"Quilomet_1":625.3,"Extensao":96.0,"Superficie":"PLA","Obra":null,"Unidade_Lo":null,"Administra":"Federal","Estadual_C":null,"Superfic_1":null,"Versao_SNV":"202410A","dt_ini":"2024-10-17","dt_fim":"2029-10-30"},"geometry":{"type":"LineString","coordinates":[[-70.761344,-4.541539],[-70.188058,-4.368994]]}},{"type":"Feature","properties":{"FID":"vw_snv_rod.fid-5c8cc48d_192b545ade1_-7dd0","id_snv":279441,"Codigo_BR":307,"Unidade_Fe":"AM","Sigla_Tipo":"B","Nome_Tipo_":"Eixo Principal","Codigo_SNV":"307BAM0390","Coincidenc":"307BAM0390","Local_Inic":"RIO JAPURÁ","Local_Fim":"PONTO III","Quilometra":1087.3,"Quilomet_1":1157.3,"Extensao":70.0,"Superficie":"PLA","Obra":null,"Unidade_Lo":null,"Administra":"Federal","Estadual_C":null,"Superfic_1":null,"Versao_SNV":"202410A","dt_ini":"2024-10-17","dt_fim":"2029-10-30"},"geometry":{"type":"LineString","coordinates":[[-68.077989,-1.664349],[-67.973899,-1.483926],[-67.795136,-1.179031]]}},{"type":"Feature","properties":{"FID":"vw_snv_rod.fid-5c8cc48d_192b545ade1_-7dcf","id_snv":279442,"Codigo_BR":307,"Unidade_Fe":"AM","Sigla_Tipo":"B","Nome_Tipo_":"Eixo Principal","Codigo_SNV":"307BAM0410","Coincidenc":"307BAM0410","Local_Inic":"PONTO III","Local_Fim":"PRAIA DO MASSARICO","Quilometra":1157.3,"Quilomet_1":1222.3,"Extensao":65.0,"Superficie":"PLA","Obra":null,"Unidade_Lo":null,"Administra":"Federal","Estadual_C":null,"Superfic_1":null,"Versao_SNV":"202410A","dt_ini":"2024-10-17","dt_fim":"2029-10-30"},"geometry":{"type":"LineString","coordinates":[[-67.795136,-1.179031],[-67.658778,-0.945676],[-67.580487,-0.812581],[-67.523429,-0.734237]]}},{"type":"Feature","properties":{"FID":"vw_snv_rod.fid-5c8cc48d_192b545ade1_-7dce","id_snv":279443,"Codigo_BR":307,"Unidade_Fe":"AM","Sigla_Tipo":"B","Nome_Tipo_":"Eixo Principal","Codigo_SNV":"307BAM0430","Coincidenc":"307BAM0430","Local_Inic":"PRAIA DO MASSARICO","Local_Fim":"RIO CURICURIARI","Quilometra":1222.3,"Quilomet_1":1302.3,"Extensao":80.0,"Superficie":"PLA","Obra":null,"Unidade_Lo":null,"Administra":"Federal","Estadual_C":null,"Superfic_1":null,"Versao_SNV":"202410A","dt_ini":"2024-10-17","dt_fim":"2029-10-30"},"geometry":{"type":"LineString","coordinates":[[-67.523429,-0.734237],[-67.202733,-0.293904],[-67.166384,-0.244758],[-67.130791,-0.238643]]}},{"type":"Feature","properties":{"FID":"vw_snv_rod.fid-5c8cc48d_192b545ade1_-7dcd","id_snv":279444,"Codigo_BR":307,"Unidade_Fe":"AM","Sigla_Tipo":"B","Nome_Tipo_":"Eixo Principal","Codigo_SNV":"307BAM0450","Coincidenc":"307BAM0450","Local_Inic":"RIO CURICURIARI","Local_Fim":"INÍCIO TRAVESSIA RIO NEGRO","Quilometra":1302.3,"Quilomet_1":1327.8,"Extensao":25.5,"Superficie":"PLA","Obra":null,"Unidade_Lo":null,"Administra":"Federal","Estadual_C":null,"Superfic_1":null,"Versao_SNV":"202410A","dt_ini":"2024-10-17","dt_fim":"2029-10-30"},"geometry":{"type":"LineString","coordinates":[[-67.130791,-0.238643],[-66.975375,-0.211941],[-66.950223,-0.172311]]}},{"type":"Feature","properties":{"FID":"vw_snv_rod.fid-5c8cc48d_192b545ade1_-7dcc","id_snv":279445,"Codigo_BR":307,"Unidade_Fe":"AM","Sigla_Tipo":"B","Nome_Tipo_":"Eixo Principal","Codigo_SNV":"307BAM0460","Coincidenc":"307BAM0460","Local_Inic":"INÍCIO TRAVESSIA RIO NEGRO","Local_Fim":"FIM TRAVESSIA RIO NEGRO","Quilometra":1327.8,"Quilomet_1":1331.4,"Extensao":3.6,"Superficie":"PLA","Obra":null,"Unidade_Lo":null,"Administra":"Federal","Estadual_C":null,"Superfic_1":null,"Versao_SNV":"202410A","dt_ini":"2024-10-17","dt_fim":"2029-10-30"},"geometry":{"type":"LineString","coordinates":[[-66.950223,-0.172311],[-66.934742,-0.14792]]}},{"type":"Feature","properties":{"FID":"vw_snv_rod.fid-5c8cc48d_192b545ade1_-7dcb","id_snv":281296,"Codigo_BR":411,"Unidade_Fe":"AM","Sigla_Tipo":"B","Nome_Tipo_":"Eixo Principal","Codigo_SNV":"411BAM0010","Coincidenc":"411BAM0010","Local_Inic":"ENTR BR-307","Local_Fim":"FRONT BRASIL/PERU (ELVIRA)","Quilometra":0.0,"Quilomet_1":85.0,"Extensao":85.0,"Superficie":"PLA","Obra":null,"Unidade_Lo":null,"Administra":"Federal","Estadual_C":null,"Superfic_1":null,"Versao_SNV":"202410A","dt_ini":"2024-10-17","dt_fim":"2029-10-30"},"geometry":{"type":"LineString","coordinates":[[-72.413466,-5.635201],[-72.832213,-5.202468]]}},{"type":"Feature","properties":{"FID":"vw_snv_rod.fid-5c8cc48d_192b545ade1_-7dca","id_snv":279446,"Codigo_BR":307,"Unidade_Fe":"AM","Sigla_Tipo":"B","Nome_Tipo_":"Eixo Principal","Codigo_SNV":"307BAM0470","Coincidenc":"307BAM0470","Local_Inic":"FIM TRAVESSIA RIO NEGRO","Local_Fim":"ENTR. ESTRADA DO AEROPORTO","Quilometra":1331.4,"Quilomet_1":1340.1,"Extensao":8.7,"Superficie":"PLA","Obra":null,"Unidade_Lo":null,"Administra":"Federal","Estadual_C":null,"Superfic_1":null,"Versao_SNV":"202410A","dt_ini":"2024-10-17","dt_fim":"2029-10-30"},"geometry":{"type":"LineString","coordinates":[[-66.934742,-0.14792],[-66.938406,-0.147165],[-66.953321,-0.149823],[-66.955586,-0.148182],[-66.957228,-0.147825],[-66.957945,-0.147883],[-66.961559,-0.150395],[-66.964509,-0.149824],[-66.966484,-0.14999],[-66.972242,-0.153084],[-66.988101,-0.157505],[-66.989089,-0.15858],[-66.990231,-0.161602],[-66.990874,-0.162149],[-66.996247,-0.163695],[-66.99706,-0.163767],[-66.997822,-0.163315],[-67.000534,-0.160293],[-67.00082,-0.159294],[-67.00076,-0.155947]]}},{"type":"Feature","properties":{"FID":"vw_snv_rod.fid-5c8cc48d_192b545ade1_-7dc9","id_snv":281304,"Codigo_BR":413,"Unidade_Fe":"AM","Sigla_Tipo":"B","Nome_Tipo_":"Eixo Principal","Codigo_SNV":"413BAM0010","Coincidenc":"413BAM0010","Local_Inic":"ENTR BR-307","Local_Fim":"FRONT BRASIL/PERU (CAXIAS)","Quilometra":0.0,"Quilomet_1":40.0,"Extensao":40.0,"Superficie":"PLA","Obra":null,"Unidade_Lo":null,"Administra":"Federal","Estadual_C":null,"Superfic_1":null,"Versao_SNV":"202410A","dt_ini":"2024-10-17","dt_fim":"2029-10-30"},"geometry":{"type":"LineString","coordinates":[[-71.205272,-4.685633],[-71.273505,-4.55627],[-71.273505,-4.494098]]}},{"type":"Feature","properties":{"FID":"vw_snv_rod.fid-5c8cc48d_192b545ade1_-7dc8","id_snv":279447,"Codigo_BR":307,"Unidade_Fe":"AM","Sigla_Tipo":"B","Nome_Tipo_":"Eixo Principal","Codigo_SNV":"307BAM0475","Coincidenc":"307BAM0475","Local_Inic":"ENTR. ESTRADA DO AEROPORTO","Local_Fim":"ACESSO LESTE S. GABRIEL DA CACHOEIRA","Quilometra":1340.1,"Quilomet_1":1345.9,"Extensao":5.8,"Superficie":"PLA","Obra":null,"Unidade_Lo":null,"Administra":"Federal","Estadual_C":null,"Superfic_1":null,"Versao_SNV":"202410A","dt_ini":"2024-10-17","dt_fim":"2029-10-30"},"geometry":{"type":"LineString","coordinates":[[-67.00076,-0.155947],[-67.006722,-0.151381],[-67.013874,-0.148564],[-67.018402,-0.151272],[-67.019729,-0.151194],[-67.022698,-0.14931],[-67.023975,-0.144473],[-67.027084,-0.142506],[-67.030179,-0.142228],[-67.032578,-0.140915],[-67.040178,-0.131366]]}},{"type":"Feature","properties":{"FID":"vw_snv_rod.fid-5c8cc48d_192b545ade1_-7dc7","id_snv":279448,"Codigo_BR":307,"Unidade_Fe":"AM","Sigla_Tipo":"B","Nome_Tipo_":"Eixo Principal","Codigo_SNV":"307BAM0480","Coincidenc":"307BAM0480","Local_Inic":"ACESSO LESTE S. GABRIEL DA CACHOEIRA","Local_Fim":"IGARAPÉ NOBUO OBA","Quilometra":1345.9,"Quilomet_1":1373.0,"Extensao":27.1,"Superficie":"IMP","Obra":null,"Unidade_Lo":"Prainha","Administra":"Federal","Estadual_C":null,"Superfic_1":null,"Versao_SNV":"202410A","dt_ini":"2024-10-17","dt_fim":"2029-10-30"},"geometry":{"type":"LineString","coordinates":[[-67.040178,-0.131366],[-67.032528,-0.125762],[-67.027967,-0.120133],[-67.027491,-0.115054],[-67.025137,-0.11058],[-67.02397,-0.104165],[-67.02325,-0.103122],[-67.014495,-0.094734],[-67.010438,-0.085431],[-67.003246,-0.077872],[-67.001398,-0.073627],[-67.001605,-0.068667],[-67.001143,-0.067628],[-66.993861,-0.062753],[-66.975695,-0.059448],[-66.970078,-0.056746],[-66.965604,-0.051739],[-66.962219,-0.048537],[-66.942928,-0.042264],[-66.94239,-0.04184],[-66.936834,-0.030435],[-66.931636,-0.023624],[-66.929526,-0.013909],[-66.926553,-0.011604],[-66.921697,-0.008956],[-66.920948,-0.006594],[-66.912133,0.011786],[-66.911384,0.0126],[-66.907131,0.0155],[-66.904785,0.016022],[-66.894129,0.017863],[-66.88463,0.016421],[-66.877575,0.019707]]}},{"type":"Feature","properties":{"FID":"vw_snv_rod.fid-5c8cc48d_192b545ade1_-7dc6","id_snv":279449,"Codigo_BR":307,"Unidade_Fe":"AM","Sigla_Tipo":"B","Nome_Tipo_":"Eixo Principal","Codigo_SNV":"307BAM0485","Coincidenc":"307BAM0485","Local_Inic":"IGARAPÉ NOBUO OBA","Local_Fim":"INÍCIO PARQUE NACIONAL PICO DA NEBLINA","Quilometra":1373.0,"Quilomet_1":1391.0,"Extensao":18.0,"Superficie":"IMP","Obra":null,"Unidade_Lo":"Prainha","Administra":"Federal","Estadual_C":null,"Superfic_1":null,"Versao_SNV":"202410A","dt_ini":"2024-10-17","dt_fim":"2029-10-30"},"geometry":{"type":"LineString","coordinates":[[-66.877575,0.019707],[-66.874821,0.021248],[-66.872165,0.028784],[-66.862601,0.042263],[-66.859041,0.044731],[-66.844971,0.063183],[-66.841338,0.065774],[-66.830698,0.069843],[-66.829333,0.070703],[-66.823908,0.08162],[-66.818205,0.089049],[-66.812527,0.113225],[-66.802445,0.128484],[-66.800775,0.141079],[-66.800901,0.153205]]}},{"type":"Feature","properties":{"FID":"vw_snv_rod.fid-5c8cc48d_192b545ade1_-7dc5","id_snv":279450,"Codigo_BR":307,"Unidade_Fe":"AM","Sigla_Tipo":"B","Nome_Tipo_":"Eixo Principal","Codigo_SNV":"307BAM0490","Coincidenc":"307BAM0490","Local_Inic":"INÍCIO PARQUE NACIONAL PICO DA NEBLINA","Local_Fim":"IGARAPÉ MIUÁ (INÍCIO TI DO BALAIO)","Quilometra":1391.0,"Quilomet_1":1402.9,"Extensao":11.9,"Superficie":"IMP","Obra":null,"Unidade_Lo":"Prainha","Administra":"Federal","Estadual_C":null,"Superfic_1":null,"Versao_SNV":"202410A","dt_ini":"2024-10-17","dt_fim":"2029-10-30"},"geometry":{"type":"LineString","coordinates":[[-66.800901,0.153205],[-66.801085,0.164004],[-66.796351,0.178407],[-66.790494,0.187686],[-66.784172,0.194204],[-66.783251,0.196819],[-66.783585,0.217829],[-66.781125,0.224868],[-66.780807,0.228176],[-66.781475,0.231638],[-66.776719,0.237767],[-66.775838,0.238347],[-66.774709,0.238563],[-66.768917,0.237304],[-66.767369,0.237606],[-66.76341,0.239422],[-66.762616,0.239378],[-66.761882,0.238868]]}},{"type":"Feature","properties":{"FID":"vw_snv_rod.fid-5c8cc48d_192b545ade1_-7dc4","id_snv":279451,"Codigo_BR":307,"Unidade_Fe":"AM","Sigla_Tipo":"B","Nome_Tipo_":"Eixo Principal","Codigo_SNV":"307BAM0495","Coincidenc":"307BAM0495","Local_Inic":"IGARAPÉ MIUÁ (INÍCIO TI DO BALAIO)","Local_Fim":"ENTR BR-210/307 (IGARAPÉ PORANGÁ)","Quilometra":1402.9,"Quilomet_1":1416.3,"Extensao":13.4,"Superficie":"IMP","Obra":null,"Unidade_Lo":"Prainha","Administra":"Federal","Estadual_C":null,"Superfic_1":null,"Versao_SNV":"202410A","dt_ini":"2024-10-17","dt_fim":"2029-10-30"},"geometry":{"type":"LineString","coordinates":[[-66.761882,0.238868],[-66.760037,0.237109],[-66.75787,0.23585],[-66.751027,0.236355],[-66.749956,0.235557],[-66.748485,0.232775],[-66.741463,0.230624],[-66.739898,0.230848],[-66.730436,0.234412],[-66.728974,0.234551],[-66.724652,0.231593],[-66.722407,0.231923],[-66.720859,0.231663],[-66.715829,0.228322],[-66.714595,0.228058],[-66.702419,0.232151],[-66.689987,0.22374],[-66.68927,0.223764],[-66.688179,0.224563],[-66.686207,0.226713],[-66.684757,0.227658],[-66.671343,0.227911],[-66.663555,0.236868],[-66.662773,0.237406],[-66.656199,0.237742]]}},{"type":"Feature","properties":{"FID":"vw_snv_rod.fid-5c8cc48d_192b545ade1_-7dc3","id_snv":279452,"Codigo_BR":307,"Unidade_Fe":"AM","Sigla_Tipo":"B","Nome_Tipo_":"Eixo Principal","Codigo_SNV":"307BAM0500","Coincidenc":"307BAM0500","Local_Inic":"ENTR BR-210 (IGARAPÉ PORANGÁ)","Local_Fim":"IGARAPÉ IÁ MIRIM","Quilometra":1416.3,"Quilomet_1":1432.7,"Extensao":16.4,"Superficie":"IMP","Obra":null,"Unidade_Lo":"Prainha","Administra":"Federal","Estadual_C":null,"Superfic_1":null,"Versao_SNV":"202410A","dt_ini":"2024-10-17","dt_fim":"2029-10-30"},"geometry":{"type":"LineString","coordinates":[[-66.656199,0.237742],[-66.65706,0.242637],[-66.656734,0.244796],[-66.653618,0.249158],[-66.652461,0.250108],[-66.645969,0.251615],[-66.639373,0.257082],[-66.639225,0.258239],[-66.640461,0.261536],[-66.640537,0.263121],[-66.640537,0.264856],[-66.639405,0.270439],[-66.639179,0.281681],[-66.639405,0.285755],[-66.640471,0.287708],[-66.643825,0.290971],[-66.645964,0.294237],[-66.644988,0.30021],[-66.645365,0.303832],[-66.647751,0.307271],[-66.650131,0.309174],[-66.65144,0.311554],[-66.651627,0.313308],[-66.650043,0.319344],[-66.641065,0.328548],[-66.639405,0.32968],[-66.637066,0.330283],[-66.635931,0.331423],[-66.635397,0.332906],[-66.635708,0.339563],[-66.636614,0.343434],[-66.634284,0.347122],[-66.634595,0.353725],[-66.635501,0.354764],[-66.639551,0.356604],[-66.642853,0.356805]]}},{"type":"Feature","properties":{"FID":"vw_snv_rod.fid-5c8cc48d_192b545ade1_-7dc2","id_snv":279453,"Codigo_BR":307,"Unidade_Fe":"AM","Sigla_Tipo":"B","Nome_Tipo_":"Eixo Principal","Codigo_SNV":"307BAM0505","Coincidenc":"307BAM0505","Local_Inic":"IGARAPÉ IÁ MIRIM","Local_Fim":"IGARAPÉ RODRIGO CIBELE","Quilometra":1432.7,"Quilomet_1":1442.4,"Extensao":9.7,"Superficie":"IMP","Obra":null,"Unidade_Lo":"Prainha","Administra":"Federal","Estadual_C":null,"Superfic_1":null,"Versao_SNV":"202410A","dt_ini":"2024-10-17","dt_fim":"2029-10-30"},"geometry":{"type":"LineString","coordinates":[[-66.642853,0.356805],[-66.643913,0.356825],[-66.644923,0.357568],[-66.652698,0.36794],[-66.652595,0.370878],[-66.648781,0.375359],[-66.650072,0.388254],[-66.649062,0.388521],[-66.643706,0.394934],[-66.641668,0.398404],[-66.640537,0.40195],[-66.639483,0.403476],[-66.634278,0.404963],[-66.631559,0.407005],[-66.628924,0.410912],[-66.621637,0.415671],[-66.615451,0.422335]]}},{"type":"Feature","properties":{"FID":"vw_snv_rod.fid-5c8cc48d_192b545ade1_-7dc1","id_snv":279454,"Codigo_BR":307,"Unidade_Fe":"AM","Sigla_Tipo":"B","Nome_Tipo_":"Eixo Principal","Codigo_SNV":"307BAM0510","Coincidenc":"307BAM0510","Local_Inic":"IGARAPÉ RODRIGO CIBELE","Local_Fim":"IGARAPÉ BALAIO","Quilometra":1442.4,"Quilomet_1":1447.4,"Extensao":5.0,"Superficie":"IMP","Obra":null,"Unidade_Lo":"Prainha","Administra":"Federal","Estadual_C":null,"Superfic_1":null,"Versao_SNV":"202410A","dt_ini":"2024-10-17","dt_fim":"2029-10-30"},"geometry":{"type":"LineString","coordinates":[[-66.615451,0.422335],[-66.610277,0.428614],[-66.609852,0.431135],[-66.610521,0.432634],[-66.610575,0.434893],[-66.606705,0.450277],[-66.606705,0.45337],[-66.608096,0.460769],[-66.609334,0.464617]]}},{"type":"Feature","properties":{"FID":"vw_snv_rod.fid-5c8cc48d_192b545ade1_-7dc0","id_snv":279455,"Codigo_BR":307,"Unidade_Fe":"AM","Sigla_Tipo":"B","Nome_Tipo_":"Eixo Principal","Codigo_SNV":"307BAM0515","Coincidenc":"307BAM0515","Local_Inic":"IGARAPÉ BALAIO","Local_Fim":"ENTR ESTRADA MATURACÁ","Quilometra":1447.4,"Quilomet_1":1457.1,"Extensao":9.7,"Superficie":"IMP","Obra":null,"Unidade_Lo":"Prainha","Administra":"Federal","Estadual_C":null,"Superfic_1":null,"Versao_SNV":"202410A","dt_ini":"2024-10-17","dt_fim":"2029-10-30"},"geometry":{"type":"LineString","coordinates":[[-66.609334,0.464617],[-66.610984,0.469745],[-66.616699,0.484185],[-66.616104,0.487397],[-66.616131,0.491131],[-66.617889,0.497629],[-66.617532,0.499532],[-66.615001,0.504413],[-66.618893,0.519999],[-66.625503,0.538318],[-66.623124,0.543195],[-66.620307,0.546717]]}},{"type":"Feature","properties":{"FID":"vw_snv_rod.fid-5c8cc48d_192b545ade1_-7dbf","id_snv":279456,"Codigo_BR":307,"Unidade_Fe":"AM","Sigla_Tipo":"B","Nome_Tipo_":"Eixo Principal","Codigo_SNV":"307BAM0520","Coincidenc":"307BAM0520","Local_Inic":"ENTR ESTRADA MATURACÁ","Local_Fim":"IGARAPÉ JANINE JUSSARA","Quilometra":1457.1,"Quilomet_1":1462.1,"Extensao":5.0,"Superficie":"IMP","Obra":null,"Unidade_Lo":"Prainha","Administra":"Federal","Estadual_C":null,"Superfic_1":null,"Versao_SNV":"202410A","dt_ini":"2024-10-17","dt_fim":"2029-10-30"},"geometry":{"type":"LineString","coordinates":[[-66.620307,0.546717],[-66.617889,0.549739],[-66.607782,0.55876],[-66.605992,0.560804],[-66.60615,0.568552],[-66.606705,0.572582],[-66.604921,0.578769],[-66.603731,0.581505],[-66.602841,0.585146]]}},{"type":"Feature","properties":{"FID":"vw_snv_rod.fid-5c8cc48d_192b545ade1_-7dbe","id_snv":279457,"Codigo_BR":307,"Unidade_Fe":"AM","Sigla_Tipo":"B","Nome_Tipo_":"Eixo Principal","Codigo_SNV":"307BAM0525","Coincidenc":"307BAM0525","Local_Inic":"IGARAPÉ JANINE JUSSARA","Local_Fim":"IGARAPÉ TENENTE MELO (SERRA DO PADRE)","Quilometra":1462.1,"Quilomet_1":1470.0,"Extensao":7.9,"Superficie":"IMP","Obra":null,"Unidade_Lo":"Prainha","Administra":"Federal","Estadual_C":null,"Superfic_1":null,"Versao_SNV":"202410A","dt_ini":"2024-10-17","dt_fim":"2029-10-30"},"geometry":{"type":"LineString","coordinates":[[-66.602841,0.585146],[-66.602422,0.586859],[-66.60266,0.591261],[-66.606111,0.611486],[-66.606111,0.614104],[-66.605827,0.6168],[-66.604011,0.621203],[-66.596981,0.635479],[-66.595677,0.637247],[-66.596474,0.645394],[-66.597544,0.646584],[-66.598972,0.649082],[-66.598891,0.652837]]}},{"type":"Feature","properties":{"FID":"vw_snv_rod.fid-5c8cc48d_192b545ade1_-7dbd","id_snv":279458,"Codigo_BR":307,"Unidade_Fe":"AM","Sigla_Tipo":"B","Nome_Tipo_":"Eixo Principal","Codigo_SNV":"307BAM0530","Coincidenc":"307BAM0530","Local_Inic":"IGARAPÉ TENENTE MELO (SERRA DO PADRE)","Local_Fim":"IGARAPÉ MANOEL RIBEIRO","Quilometra":1470.0,"Quilomet_1":1471.4,"Extensao":1.4,"Superficie":"IMP","Obra":null,"Unidade_Lo":"Prainha","Administra":"Federal","Estadual_C":null,"Superfic_1":null,"Versao_SNV":"202410A","dt_ini":"2024-10-17","dt_fim":"2029-10-30"},"geometry":{"type":"LineString","coordinates":[[-66.598891,0.652837],[-66.59872,0.656741],[-66.597561,0.658552],[-66.595387,0.659857],[-66.5943,0.661741],[-66.593818,0.663548]]}},{"type":"Feature","properties":{"FID":"vw_snv_rod.fid-5c8cc48d_192b545ade1_-7dbc","id_snv":279459,"Codigo_BR":307,"Unidade_Fe":"AM","Sigla_Tipo":"B","Nome_Tipo_":"Eixo Principal","Codigo_SNV":"307BAM0535","Coincidenc":"307BAM0535","Local_Inic":"IGARAPÉ MANOEL RIBEIRO","Local_Fim":"IG DEMITI (FIM DA TERRA INDÍG DO BALAIO)","Quilometra":1471.4,"Quilomet_1":1480.0,"Extensao":8.6,"Superficie":"IMP","Obra":null,"Unidade_Lo":"Prainha","Administra":"Federal","Estadual_C":null,"Superfic_1":null,"Versao_SNV":"202410A","dt_ini":"2024-10-17","dt_fim":"2029-10-30"},"geometry":{"type":"LineString","coordinates":[[-66.593818,0.663548],[-66.59346,0.664892],[-66.593517,0.666989],[-66.59458,0.671529],[-66.596474,0.676327],[-66.59866,0.68101],[-66.61191,0.702468],[-66.620898,0.70954],[-66.631983,0.713193],[-66.633166,0.714654],[-66.633593,0.723565]]}},{"type":"Feature","properties":{"FID":"vw_snv_rod.fid-5c8cc48d_192b545ade1_-7dbb","id_snv":279460,"Codigo_BR":307,"Unidade_Fe":"AM","Sigla_Tipo":"B","Nome_Tipo_":"Eixo Principal","Codigo_SNV":"307BAM0540","Coincidenc":"307BAM0540","Local_Inic":"IG DEMITI (FIM DA TERRA INDÍG DO BALAIO)","Local_Fim":"IGARAPÉ FREIRE","Quilometra":1480.0,"Quilomet_1":1500.1,"Extensao":20.1,"Superficie":"IMP","Obra":null,"Unidade_Lo":"Prainha","Administra":"Federal","Estadual_C":null,"Superfic_1":null,"Versao_SNV":"202410A","dt_ini":"2024-10-17","dt_fim":"2029-10-30"},"geometry":{"type":"LineString","coordinates":[[-66.633593,0.723565],[-66.634143,0.726348],[-66.641331,0.733484],[-66.640406,0.745023],[-66.641211,0.747407],[-66.643184,0.749285],[-66.656767,0.758963],[-66.657731,0.759791],[-66.658459,0.761036],[-66.660748,0.776742],[-66.66454,0.782431],[-66.665632,0.789355],[-66.666073,0.790423],[-66.672556,0.804984],[-66.676981,0.812541],[-66.677325,0.819723],[-66.681491,0.828917],[-66.683129,0.83587],[-66.681147,0.841731],[-66.681894,0.843541],[-66.690846,0.85248],[-66.694596,0.855449],[-66.699132,0.857361],[-66.700084,0.858432],[-66.701689,0.867704],[-66.696766,0.8773]]}},{"type":"Feature","properties":{"FID":"vw_snv_rod.fid-5c8cc48d_192b545ade1_-7dba","id_snv":279461,"Codigo_BR":307,"Unidade_Fe":"AM","Sigla_Tipo":"B","Nome_Tipo_":"Eixo Principal","Codigo_SNV":"307BAM0550","Coincidenc":"307BAM0550","Local_Inic":"IGARAPÉ FREIRE","Local_Fim":"IGARAPÉ MABI","Quilometra":1500.1,"Quilomet_1":1511.9,"Extensao":11.8,"Superficie":"IMP","Obra":null,"Unidade_Lo":"Prainha","Administra":"Federal","Estadual_C":null,"Superfic_1":null,"Versao_SNV":"202410A","dt_ini":"2024-10-17","dt_fim":"2029-10-30"},"geometry":{"type":"LineString","coordinates":[[-66.696766,0.8773],[-66.689762,0.892529],[-66.688588,0.89655],[-66.688847,0.897585],[-66.693961,0.90629],[-66.693099,0.912381],[-66.692381,0.922897],[-66.694076,0.92666],[-66.697177,0.932084],[-66.702293,0.93482],[-66.704434,0.936486],[-66.709463,0.943252],[-66.709616,0.943904],[-66.712115,0.946284],[-66.714137,0.94902],[-66.714974,0.950593],[-66.715093,0.955351],[-66.715807,0.958088],[-66.719257,0.96475],[-66.720566,0.966654],[-66.72037,0.970307]]}},{"type":"Feature","properties":{"FID":"vw_snv_rod.fid-5c8cc48d_192b545ade1_-7db9","id_snv":279462,"Codigo_BR":307,"Unidade_Fe":"AM","Sigla_Tipo":"B","Nome_Tipo_":"Eixo Principal","Codigo_SNV":"307BAM0560","Coincidenc":"307BAM0560","Local_Inic":"IGARAPÉ MABI","Local_Fim":"IG BUSTAMENTE (FIM P NAC PICO DA NEBL)","Quilometra":1511.9,"Quilomet_1":1524.5,"Extensao":12.6,"Superficie":"IMP","Obra":null,"Unidade_Lo":"Prainha","Administra":"Federal","Estadual_C":null,"Superfic_1":null,"Versao_SNV":"202410A","dt_ini":"2024-10-17","dt_fim":"2029-10-30"},"geometry":{"type":"LineString","coordinates":[[-66.72037,0.970307],[-66.719794,0.974738],[-66.719794,0.977593],[-66.720508,0.979497],[-66.725148,0.982114],[-66.727766,0.988539],[-66.728242,0.991275],[-66.72985,0.99312],[-66.73449,0.999902],[-66.738178,1.011085],[-66.739011,1.012394],[-66.742104,1.011442],[-66.747934,1.010966],[-66.752693,1.014416],[-66.753672,1.017527],[-66.754267,1.023714],[-66.758431,1.033113],[-66.765819,1.048388],[-66.76915,1.054456],[-66.770972,1.06093]]}},{"type":"Feature","properties":{"FID":"vw_snv_rod.fid-5c8cc48d_192b545ade1_-7db8","id_snv":279463,"Codigo_BR":307,"Unidade_Fe":"AM","Sigla_Tipo":"B","Nome_Tipo_":"Eixo Principal","Codigo_SNV":"307BAM0565","Coincidenc":"307BAM0565","Local_Inic":"IG BUSTAMENTE (FIM P NAC PICO DA NEBL)","Local_Fim":"IGARAPÉ KM 1.522,8","Quilometra":1524.5,"Quilomet_1":1531.6,"Extensao":7.1,"Superficie":"IMP","Obra":null,"Unidade_Lo":"Prainha","Administra":"Federal","Estadual_C":null,"Superfic_1":null,"Versao_SNV":"202410A","dt_ini":"2024-10-17","dt_fim":"2029-10-30"},"geometry":{"type":"LineString","coordinates":[[-66.770972,1.06093],[-66.771535,1.06365],[-66.777126,1.073406],[-66.790526,1.109878],[-66.792905,1.112971],[-66.79683,1.11914]]}},{"type":"Feature","properties":{"FID":"vw_snv_rod.fid-5c8cc48d_192b545ade1_-7db7","id_snv":279464,"Codigo_BR":307,"Unidade_Fe":"AM","Sigla_Tipo":"B","Nome_Tipo_":"Eixo Principal","Codigo_SNV":"307BAM0570","Coincidenc":"307BAM0570","Local_Inic":"IGARAPÉ KM 1.522,8","Local_Fim":"FRONT BRASIL/VENEZUELA (IGARAPÉ BONTÉ (CUCUÍ))","Quilometra":1531.6,"Quilomet_1":1540.5,"Extensao":8.9,"Superficie":"IMP","Obra":null,"Unidade_Lo":"Prainha","Administra":"Federal","Estadual_C":null,"Superfic_1":null,"Versao_SNV":"202410A","dt_ini":"2024-10-17","dt_fim":"2029-10-30"},"geometry":{"type":"LineString","coordinates":[[-66.79683,1.11914],[-66.797564,1.120293],[-66.803275,1.125885],[-66.822072,1.141827],[-66.823262,1.143969],[-66.825047,1.152059],[-66.830002,1.178545],[-66.831787,1.180211],[-66.837022,1.183542]]}},{"type":"Feature","properties":{"FID":"vw_snv_rod.fid-5c8cc48d_192b545ade1_-7db6","id_snv":279411,"Codigo_BR":307,"Unidade_Fe":"AM","Sigla_Tipo":"A","Nome_Tipo_":"Acesso","Codigo_SNV":"307AAM1005","Coincidenc":"307AAM1005","Local_Inic":"ENTR. BR-307","Local_Fim":"ENTR. AV. PRES. CASTELO BRANCO","Quilometra":0.0,"Quilomet_1":5.7,"Extensao":5.7,"Superficie":"PAV","Obra":null,"Unidade_Lo":"Castanho","Administra":"Federal","Estadual_C":null,"Superfic_1":null,"Versao_SNV":"202410A","dt_ini":"2024-10-17","dt_fim":"2029-10-30"},"geometry":{"type":"LineString","coordinates":[[-67.040178,-0.131366],[-67.045327,-0.134868],[-67.050454,-0.135652],[-67.051347,-0.135317],[-67.057704,-0.130382],[-67.063363,-0.130634],[-67.066496,-0.131315],[-67.074574,-0.12547],[-67.075426,-0.125846],[-67.07835,-0.130566],[-67.082488,-0.132015],[-67.08358,-0.132802]]}},{"type":"Feature","properties":{"FID":"vw_snv_rod.fid-5c8cc48d_192b545ade1_-7db5","id_snv":279433,"Codigo_BR":307,"Unidade_Fe":"AM","Sigla_Tipo":"B","Nome_Tipo_":"Eixo Principal","Codigo_SNV":"307BAM0230","Coincidenc":"307BAM0230","Local_Inic":"ATALAIA DO NORTE","Local_Fim":"ENTR BR-230 (BENJAMIN CONSTANT)","Quilometra":625.3,"Quilomet_1":657.3,"Extensao":32.0,"Superficie":"PAV","Obra":null,"Unidade_Lo":"Prainha","Administra":"Federal","Estadual_C":null,"Superfic_1":null,"Versao_SNV":"202410A","dt_ini":"2024-10-17","dt_fim":"2029-10-30"},"geometry":{"type":"LineString","coordinates":[[-70.188058,-4.368994],[-70.185563,-4.370236],[-70.1837,-4.368442],[-70.182596,-4.368569],[-70.181906,-4.369052],[-70.181607,-4.370121],[-70.180721,-4.370777],[-70.180825,-4.371904],[-70.178824,-4.373123],[-70.176512,-4.37065],[-70.175926,-4.370512],[-70.175615,-4.371168],[-70.175914,-4.372341],[-70.175684,-4.373249],[-70.173511,-4.373905],[-70.171326,-4.37793],[-70.169279,-4.378873],[-70.169371,-4.38184],[-70.167404,-4.383565],[-70.168336,-4.388245],[-70.167933,-4.389993],[-70.166898,-4.39196],[-70.166956,-4.393535],[-70.166519,-4.395053],[-70.166737,-4.396721],[-70.165369,-4.397779],[-70.165495,-4.399803],[-70.164863,-4.400757],[-70.164242,-4.405748],[-70.163023,-4.407174],[-70.16185,-4.407703],[-70.161045,-4.409106],[-70.158837,-4.411291],[-70.157342,-4.416443],[-70.156146,-4.416949],[-70.152305,-4.417156],[-70.151109,-4.416535],[-70.149683,-4.415086],[-70.148303,-4.4155],[-70.14667,-4.41665],[-70.141633,-4.418145],[-70.14023,-4.419272],[-70.137631,-4.422262],[-70.136481,-4.424217],[-70.134664,-4.425367],[-70.132962,-4.427995],[-70.131513,-4.434642],[-70.129926,-4.436999],[-70.12605,-4.438092],[-70.123336,-4.438276],[-70.12099,-4.439518],[-70.119541,-4.439886],[-70.115447,-4.440254],[-70.113561,-4.440921],[-70.112342,-4.440898],[-70.111836,-4.441105],[-70.111031,-4.442255],[-70.110364,-4.442439],[-70.105166,-4.442025],[-70.09983,-4.439978],[-70.097116,-4.439495],[-70.093942,-4.437885],[-70.092953,-4.438368],[-70.091849,-4.438391],[-70.090515,-4.438069],[-70.085294,-4.437816],[-70.083615,-4.438483],[-70.080855,-4.438966],[-70.079843,-4.438874],[-70.079084,-4.438322],[-70.077819,-4.438483],[-70.075657,-4.438138],[-70.073449,-4.436896],[-70.072058,-4.43509],[-70.070143,-4.433883],[-70.069419,-4.433032],[-70.069557,-4.430979],[-70.068729,-4.429248],[-70.065003,-4.425574],[-70.061696,-4.423286],[-70.059068,-4.422538],[-70.058361,-4.421946],[-70.056912,-4.419813],[-70.056193,-4.417812],[-70.05444,-4.417541],[-70.052795,-4.416621],[-70.051191,-4.416731],[-70.050047,-4.416437],[-70.046677,-4.41408],[-70.043819,-4.411211],[-70.0416,-4.410894],[-70.037621,-4.408911],[-70.033993,-4.405708],[-70.031497,-4.405018],[-70.030658,-4.404351],[-70.029669,-4.403017],[-70.029358,-4.400096],[-70.028289,-4.397554],[-70.028473,-4.39522],[-70.030681,-4.390643]]}},{"type":"Feature","properties":{"FID":"vw_snv_rod.fid-5c8cc48d_192b545ade1_-7db4","id_snv":279434,"Codigo_BR":307,"Unidade_Fe":"AM","Sigla_Tipo":"B","Nome_Tipo_":"Eixo Principal","Codigo_SNV":"307BAM0250","Coincidenc":"307BAM0250","Local_Inic":"ENTR BR-230 (BENJAMIN CONSTANT)","Local_Fim":"BELÉM","Quilometra":657.3,"Quilomet_1":730.3,"Extensao":73.0,"Superficie":"PLA","Obra":null,"Unidade_Lo":null,"Administra":"Federal","Estadual_C":null,"Superfic_1":null,"Versao_SNV":"202410A","dt_ini":"2024-10-17","dt_fim":"2029-10-30"},"geometry":{"type":"LineString","coordinates":[[-70.030681,-4.390643],[-69.991848,-4.396349],[-69.564995,-4.054998]]}},{"type":"Feature","properties":{"FID":"vw_snv_rod.fid-5c8cc48d_192b545ade1_-7db3","id_snv":279435,"Codigo_BR":307,"Unidade_Fe":"AM","Sigla_Tipo":"B","Nome_Tipo_":"Eixo Principal","Codigo_SNV":"307BAM0270","Coincidenc":"307BAM0270","Local_Inic":"BELÉM","Local_Fim":"SANTA RITA DO WEIL","Quilometra":730.3,"Quilomet_1":790.3,"Extensao":60.0,"Superficie":"PLA","Obra":null,"Unidade_Lo":null,"Administra":"Federal","Estadual_C":null,"Superfic_1":null,"Versao_SNV":"202410A","dt_ini":"2024-10-17","dt_fim":"2029-10-30"},"geometry":{"type":"LineString","coordinates":[[-69.564995,-4.054998],[-69.522388,-4.020926],[-69.434589,-3.603122]]}},{"type":"Feature","properties":{"FID":"vw_snv_rod.fid-5c8cc48d_192b545ade1_-7db2","id_snv":279436,"Codigo_BR":307,"Unidade_Fe":"AM","Sigla_Tipo":"B","Nome_Tipo_":"Eixo Principal","Codigo_SNV":"307BAM0290","Coincidenc":"307BAM0290","Local_Inic":"SANTA RITA DO WEIL","Local_Fim":"ENTR AM-378","Quilometra":790.3,"Quilomet_1":840.3,"Extensao":50.0,"Superficie":"PLA","Obra":null,"Unidade_Lo":null,"Administra":"Federal","Estadual_C":null,"Superfic_1":null,"Versao_SNV":"202410A","dt_ini":"2024-10-17","dt_fim":"2029-10-30"},"geometry":{"type":"LineString","coordinates":[[-69.434589,-3.603122],[-69.427065,-3.56732],[-69.167456,-3.311245]]}},{"type":"Feature","properties":{"FID":"vw_snv_rod.fid-5c8cc48d_192b545ade1_-7db1","id_snv":279437,"Codigo_BR":307,"Unidade_Fe":"AM","Sigla_Tipo":"B","Nome_Tipo_":"Eixo Principal","Codigo_SNV":"307BAM0310","Coincidenc":"307BAM0310","Local_Inic":"ENTR AM-378","Local_Fim":"UNIÃO","Quilometra":840.3,"Quilomet_1":907.3,"Extensao":67.0,"Superficie":"PLA","Obra":null,"Unidade_Lo":null,"Administra":"Federal","Estadual_C":null,"Superfic_1":null,"Versao_SNV":"202410A","dt_ini":"2024-10-17","dt_fim":"2029-10-30"},"geometry":{"type":"LineString","coordinates":[[-69.167456,-3.311245],[-69.138476,-3.282661],[-68.899689,-3.006685],[-68.813777,-2.906454]]}},{"type":"Feature","properties":{"FID":"vw_snv_rod.fid-5c8cc48d_192b545ade1_-7db0","id_snv":279438,"Codigo_BR":307,"Unidade_Fe":"AM","Sigla_Tipo":"B","Nome_Tipo_":"Eixo Principal","Codigo_SNV":"307BAM0330","Coincidenc":"307BAM0330","Local_Inic":"UNIÃO","Local_Fim":"ENTR AM-374","Quilometra":907.3,"Quilomet_1":967.3,"Extensao":60.0,"Superficie":"PLA","Obra":null,"Unidade_Lo":null,"Administra":"Federal","Estadual_C":null,"Superfic_1":null,"Versao_SNV":"202410A","dt_ini":"2024-10-17","dt_fim":"2029-10-30"},"geometry":{"type":"LineString","coordinates":[[-68.813777,-2.906454],[-68.782253,-2.869676],[-68.696133,-2.724838],[-68.563654,-2.495862]]}},{"type":"Feature","properties":{"FID":"vw_snv_rod.fid-5c8cc48d_192b545ade1_-7daf","id_snv":279439,"Codigo_BR":307,"Unidade_Fe":"AM","Sigla_Tipo":"B","Nome_Tipo_":"Eixo Principal","Codigo_SNV":"307BAM0350","Coincidenc":"307BAM0350","Local_Inic":"ENTR AM-374","Local_Fim":"PONTO II","Quilometra":967.3,"Quilomet_1":1027.3,"Extensao":60.0,"Superficie":"PLA","Obra":null,"Unidade_Lo":null,"Administra":"Federal","Estadual_C":null,"Superfic_1":null,"Versao_SNV":"202410A","dt_ini":"2024-10-17","dt_fim":"2029-10-30"},"geometry":{"type":"LineString","coordinates":[[-68.563654,-2.495862],[-68.537593,-2.450819],[-68.473003,-2.343169],[-68.319811,-2.0807]]}},{"type":"Feature","properties":{"FID":"vw_snv_rod.fid-5c8cc48d_192b545ade1_-7dae","id_snv":279440,"Codigo_BR":307,"Unidade_Fe":"AM","Sigla_Tipo":"B","Nome_Tipo_":"Eixo Principal","Codigo_SNV":"307BAM0370","Coincidenc":"307BAM0370","Local_Inic":"PONTO II","Local_Fim":"RIO JAPURÁ","Quilometra":1027.3,"Quilomet_1":1087.3,"Extensao":60.0,"Superficie":"PLA","Obra":null,"Unidade_Lo":null,"Administra":"Federal","Estadual_C":null,"Superfic_1":null,"Versao_SNV":"202410A","dt_ini":"2024-10-17","dt_fim":"2029-10-30"},"geometry":{"type":"LineString","coordinates":[[-68.319811,-2.0807],[-68.179412,-1.84015],[-68.077989,-1.664349]]}},{"type":"Feature","properties":{"FID":"vw_snv_rod.fid-5c8cc48d_192b545ade1_-7dad","id_snv":279652,"Codigo_BR":317,"Unidade_Fe":"AM","Sigla_Tipo":"B","Nome_Tipo_":"Eixo Principal","Codigo_SNV":"317BAM0090","Coincidenc":"317BAM0090","Local_Inic":"RIO TUMIÃ","Local_Fim":"ENTR AM-175","Quilometra":280.0,"Quilomet_1":340.0,"Extensao":60.0,"Superficie":"PLA","Obra":null,"Unidade_Lo":null,"Administra":"Federal","Estadual_C":null,"Superfic_1":null,"Versao_SNV":"202410A","dt_ini":"2024-10-17","dt_fim":"2029-10-30"},"geometry":{"type":"LineString","coordinates":[[-66.535344,-8.211419],[-66.651704,-8.28536],[-66.896486,-8.452661]]}},{"type":"Feature","properties":{"FID":"vw_snv_rod.fid-5c8cc48d_192b545ade1_-7dac","id_snv":279653,"Codigo_BR":317,"Unidade_Fe":"AM","Sigla_Tipo":"B","Nome_Tipo_":"Eixo Principal","Codigo_SNV":"317BAM0110","Coincidenc":"317BAM0110","Local_Inic":"ENTR AM-175","Local_Fim":"INÍCIO DUPLICAÇÃO (BOCA DO ACRE)","Quilometra":340.0,"Quilomet_1":415.3,"Extensao":75.3,"Superficie":"PLA","Obra":null,"Unidade_Lo":null,"Administra":"Federal","Estadual_C":null,"Superfic_1":null,"Versao_SNV":"202410A","dt_ini":"2024-10-17","dt_fim":"2029-10-30"},"geometry":{"type":"LineString","coordinates":[[-66.896486,-8.452661],[-67.007553,-8.528573],[-67.280431,-8.721543],[-67.338904,-8.770676]]}},{"type":"Feature","properties":{"FID":"vw_snv_rod.fid-5c8cc48d_192b545ade1_-7dab","id_snv":279654,"Codigo_BR":317,"Unidade_Fe":"AM","Sigla_Tipo":"B","Nome_Tipo_":"Eixo Principal","Codigo_SNV":"317BAM0120","Coincidenc":"317BAM0120","Local_Inic":"INÍCIO DUPLICAÇÃO (BOCA DO ACRE)","Local_Fim":"FIM DUPLICAÇÃO (BOCA DO ACRE)","Quilometra":415.3,"Quilomet_1":417.0,"Extensao":1.7,"Superficie":"DUP","Obra":null,"Unidade_Lo":"Humaitá","Administra":"Federal","Estadual_C":null,"Superfic_1":null,"Versao_SNV":"202410A","dt_ini":"2024-10-17","dt_fim":"2029-10-30"},"geometry":{"type":"LineString","coordinates":[[-67.338904,-8.770676],[-67.337814,-8.771421],[-67.335829,-8.774259],[-67.328141,-8.780803]]}},{"type":"Feature","properties":{"FID":"vw_snv_rod.fid-5c8cc48d_192b545ade1_-7daa","id_snv":279655,"Codigo_BR":317,"Unidade_Fe":"AM","Sigla_Tipo":"B","Nome_Tipo_":"Eixo Principal","Codigo_SNV":"317BAM0122","Coincidenc":"317BAM0122","Local_Inic":"FIM DUPLICAÇÃO (BOCA DO ACRE)","Local_Fim":"INÍCIO ÁREA INDÍGENA BOCA DO ACRE (LD)","Quilometra":417.0,"Quilomet_1":452.0,"Extensao":35.0,"Superficie":"PAV","Obra":null,"Unidade_Lo":"Humaitá","Administra":"Federal","Estadual_C":null,"Superfic_1":null,"Versao_SNV":"202410A","dt_ini":"2024-10-17","dt_fim":"2029-10-30"},"geometry":{"type":"LineString","coordinates":[[-67.328141,-8.780803],[-67.325009,-8.783481],[-67.319355,-8.786873],[-67.315023,-8.787606],[-67.309443,-8.792879],[-67.308923,-8.81587],[-67.303899,-8.825327],[-67.305113,-8.833674],[-67.302889,-8.836809],[-67.294661,-8.850659],[-67.293985,-8.858214],[-67.288636,-8.865175],[-67.286493,-8.870149],[-67.284319,-8.873562],[-67.277135,-8.89222],[-67.276225,-8.893067],[-67.268469,-8.896778],[-67.263476,-8.898071],[-67.255125,-8.906283],[-67.254059,-8.907824],[-67.252592,-8.912124],[-67.252511,-8.91764],[-67.252119,-8.920745],[-67.24817,-8.92734],[-67.247587,-8.930277],[-67.247724,-8.941403],[-67.248226,-8.94265],[-67.250665,-8.945626],[-67.250314,-8.950176],[-67.248591,-8.952321],[-67.239984,-8.95722],[-67.226147,-8.962875],[-67.219529,-8.969168],[-67.218801,-8.970193],[-67.218602,-8.982775],[-67.21553,-8.9881],[-67.211359,-8.991817],[-67.210694,-8.992895],[-67.2104,-9.006313],[-67.208528,-9.011387],[-67.207593,-9.015807],[-67.207824,-9.01674],[-67.209632,-9.019095],[-67.21225,-9.024431],[-67.212332,-9.025677],[-67.21158,-9.02976],[-67.212625,-9.033026],[-67.215481,-9.037863],[-67.219073,-9.038928]]}},{"type":"Feature","properties":{"FID":"vw_snv_rod.fid-5c8cc48d_192b545ade1_-7da9","id_snv":279663,"Codigo_BR":319,"Unidade_Fe":"AM","Sigla_Tipo":"B","Nome_Tipo_":"Eixo Principal","Codigo_SNV":"319BAM0020","Coincidenc":"174BAM0510;319BAM0020","Local_Inic":"ENTR BR-174(A) (POLÍCIA RODOVIÁRIA FEDERAL (MANAUS))","Local_Fim":"INÍCIO TRAVESSIA RIO AMAZONAS","Quilometra":0.0,"Quilomet_1":1.0,"Extensao":1.0,"Superficie":"PAV","Obra":null,"Unidade_Lo":"Castanho","Administra":"Federal","Estadual_C":null,"Superfic_1":null,"Versao_SNV":"202410A","dt_ini":"2024-10-17","dt_fim":"2029-10-30"},"geometry":{"type":"LineString","coordinates":[[-59.947466,-3.129615],[-59.939919,-3.134505]]}},{"type":"Feature","properties":{"FID":"vw_snv_rod.fid-5c8cc48d_192b545ade1_-7da8","id_snv":279664,"Codigo_BR":319,"Unidade_Fe":"AM","Sigla_Tipo":"B","Nome_Tipo_":"Eixo Principal","Codigo_SNV":"319BAM0030","Coincidenc":"174BAM0490;319BAM0030","Local_Inic":"INÍCIO TRAVESSIA RIO AMAZONAS","Local_Fim":"FIM TRAVESSIA RIO AMAZONAS (CAREIRO)","Quilometra":1.0,"Quilomet_1":13.0,"Extensao":12.0,"Superficie":"TRV","Obra":null,"Unidade_Lo":null,"Administra":"Federal","Estadual_C":null,"Superfic_1":null,"Versao_SNV":"202410A","dt_ini":"2024-10-17","dt_fim":"2029-10-30"},"geometry":{"type":"LineString","coordinates":[[-59.939919,-3.134505],[-59.925389,-3.139131],[-59.904035,-3.128866],[-59.895278,-3.140065],[-59.887837,-3.182687],[-59.868712,-3.190245]]}},{"type":"Feature","properties":{"FID":"vw_snv_rod.fid-5c8cc48d_192b545ade1_-7da7","id_snv":279667,"Codigo_BR":319,"Unidade_Fe":"AM","Sigla_Tipo":"B","Nome_Tipo_":"Eixo Principal","Codigo_SNV":"319BAM0050","Coincidenc":"174BAM0475;319BAM0050","Local_Inic":"RIO CURUÇÁ","Local_Fim":"RIO AUTAZ MIRIM","Quilometra":23.3,"Quilomet_1":24.6,"Extensao":1.3,"Superficie":"PAV","Obra":null,"Unidade_Lo":"Castanho","Administra":"Federal","Estadual_C":null,"Superfic_1":null,"Versao_SNV":"202410A","dt_ini":"2024-10-17","dt_fim":"2029-10-30"},"geometry":{"type":"LineString","coordinates":[[-59.854502,-3.275072],[-59.856846,-3.278233],[-59.861564,-3.281142],[-59.863639,-3.283817]]}},{"type":"Feature","properties":{"FID":"vw_snv_rod.fid-5c8cc48d_192b545ade1_-7da6","id_snv":279668,"Codigo_BR":319,"Unidade_Fe":"AM","Sigla_Tipo":"B","Nome_Tipo_":"Eixo Principal","Codigo_SNV":"319BAM0055","Coincidenc":"174BAM0470;319BAM0055","Local_Inic":"RIO AUTAZ MIRIM","Local_Fim":"ENTR AM-254","Quilometra":24.6,"Quilomet_1":39.4,"Extensao":14.8,"Superficie":"PAV","Obra":null,"Unidade_Lo":"Castanho","Administra":"Federal","Estadual_C":null,"Superfic_1":null,"Versao_SNV":"202410A","dt_ini":"2024-10-17","dt_fim":"2029-10-30"},"geometry":{"type":"LineString","coordinates":[[-59.863639,-3.283817],[-59.86561,-3.286256],[-59.877044,-3.295297],[-59.878104,-3.296762],[-59.878648,-3.298468],[-59.877863,-3.312088],[-59.878506,-3.320258],[-59.878007,-3.328038],[-59.879245,-3.374638],[-59.87954,-3.376795],[-59.880636,-3.378864],[-59.889413,-3.38941],[-59.902095,-3.403379]]}},{"type":"Feature","properties":{"FID":"vw_snv_rod.fid-5c8cc48d_192b545ade1_-7da5","id_snv":279669,"Codigo_BR":319,"Unidade_Fe":"AM","Sigla_Tipo":"B","Nome_Tipo_":"Eixo Principal","Codigo_SNV":"319BAM0060","Coincidenc":"174BAM0465;319BAM0060","Local_Inic":"ENTR AM-254","Local_Fim":"RIO ARAÇÁ","Quilometra":39.4,"Quilomet_1":52.6,"Extensao":13.2,"Superficie":"PAV","Obra":null,"Unidade_Lo":"Castanho","Administra":"Federal","Estadual_C":null,"Superfic_1":null,"Versao_SNV":"202410A","dt_ini":"2024-10-17","dt_fim":"2029-10-30"},"geometry":{"type":"LineString","coordinates":[[-59.902095,-3.403379],[-59.912897,-3.415369],[-59.914712,-3.416709],[-59.965722,-3.429259],[-59.968367,-3.430187],[-59.980992,-3.435997],[-59.997102,-3.440175],[-59.998441,-3.44091],[-59.999423,-3.441885],[-60.004113,-3.449422]]}},{"type":"Feature","properties":{"FID":"vw_snv_rod.fid-5c8cc48d_192b545ade1_-7da4","id_snv":279670,"Codigo_BR":319,"Unidade_Fe":"AM","Sigla_Tipo":"B","Nome_Tipo_":"Eixo Principal","Codigo_SNV":"319BAM0070","Coincidenc":"174BAM0450;319BAM0070","Local_Inic":"RIO ARAÇÁ","Local_Fim":"ENTR AM-354","Quilometra":52.6,"Quilomet_1":103.5,"Extensao":50.9,"Superficie":"PAV","Obra":null,"Unidade_Lo":"Castanho","Administra":"Federal","Estadual_C":null,"Superfic_1":null,"Versao_SNV":"202410A","dt_ini":"2024-10-17","dt_fim":"2029-10-30"},"geometry":{"type":"LineString","coordinates":[[-60.004113,-3.449422],[-60.006163,-3.45262],[-60.00799,-3.453768],[-60.037347,-3.457382],[-60.040939,-3.458177],[-60.097556,-3.480062],[-60.107328,-3.484124],[-60.152332,-3.531058],[-60.212162,-3.594926],[-60.249478,-3.628576],[-60.256599,-3.639551],[-60.274391,-3.691893],[-60.275085,-3.695384],[-60.277627,-3.723533],[-60.278856,-3.728426],[-60.280895,-3.732439],[-60.300857,-3.765098]]}},{"type":"Feature","properties":{"FID":"vw_snv_rod.fid-5c8cc48d_192b545ade1_-7da3","id_snv":279671,"Codigo_BR":319,"Unidade_Fe":"AM","Sigla_Tipo":"B","Nome_Tipo_":"Eixo Principal","Codigo_SNV":"319BAM0075","Coincidenc":"174BAM0445;319BAM0075","Local_Inic":"ENTR AM-354","Local_Fim":"RIO CASTANHO","Quilometra":103.5,"Quilomet_1":114.2,"Extensao":10.7,"Superficie":"PAV","Obra":null,"Unidade_Lo":"Castanho","Administra":"Federal","Estadual_C":null,"Superfic_1":null,"Versao_SNV":"202410A","dt_ini":"2024-10-17","dt_fim":"2029-10-30"},"geometry":{"type":"LineString","coordinates":[[-60.300857,-3.765098],[-60.304444,-3.770997],[-60.308765,-3.779293],[-60.309492,-3.782176],[-60.310672,-3.792442],[-60.311168,-3.79397],[-60.312189,-3.795388],[-60.313723,-3.796504],[-60.339827,-3.809534],[-60.356582,-3.822409],[-60.363321,-3.825973],[-60.364339,-3.826791]]}},{"type":"Feature","properties":{"FID":"vw_snv_rod.fid-5c8cc48d_192b545ade1_-7da2","id_snv":279672,"Codigo_BR":319,"Unidade_Fe":"AM","Sigla_Tipo":"B","Nome_Tipo_":"Eixo Principal","Codigo_SNV":"319BAM0085","Coincidenc":"174BAM0430;319BAM0085","Local_Inic":"RIO CASTANHO","Local_Fim":"RIO TUPÃNA","Quilometra":114.2,"Quilomet_1":178.5,"Extensao":64.3,"Superficie":"PAV","Obra":null,"Unidade_Lo":"Castanho","Administra":"Federal","Estadual_C":null,"Superfic_1":null,"Versao_SNV":"202410A","dt_ini":"2024-10-17","dt_fim":"2029-10-30"},"geometry":{"type":"LineString","coordinates":[[-60.364339,-3.826791],[-60.3716,-3.832639],[-60.376201,-3.842456],[-60.396114,-3.865159],[-60.426684,-3.890901],[-60.429582,-3.89223],[-60.436652,-3.892249],[-60.439444,-3.893432],[-60.449698,-3.902838],[-60.455618,-3.912728],[-60.457417,-3.914641],[-60.800711,-4.170411],[-60.803125,-4.173234],[-60.806854,-4.180845]]}},{"type":"Feature","properties":{"FID":"vw_snv_rod.fid-5c8cc48d_192b545ade1_-7da1","id_snv":279673,"Codigo_BR":319,"Unidade_Fe":"AM","Sigla_Tipo":"B","Nome_Tipo_":"Eixo Principal","Codigo_SNV":"319BAM0095","Coincidenc":"174BAM0425;319BAM0095","Local_Inic":"RIO TUPÃNA","Local_Fim":"FIM DA PAVIMENTAÇÃO","Quilometra":178.5,"Quilomet_1":198.9,"Extensao":20.4,"Superficie":"PAV","Obra":null,"Unidade_Lo":"Castanho","Administra":"Federal","Estadual_C":null,"Superfic_1":null,"Versao_SNV":"202410A","dt_ini":"2024-10-17","dt_fim":"2029-10-30"},"geometry":{"type":"LineString","coordinates":[[-60.806854,-4.180845],[-60.816352,-4.203283],[-60.825717,-4.232019],[-60.84781,-4.278136],[-60.849763,-4.281537],[-60.851906,-4.284041],[-60.855416,-4.287236],[-60.928308,-4.351905]]}},{"type":"Feature","properties":{"FID":"vw_snv_rod.fid-5c8cc48d_192b545ade1_-7da0","id_snv":279674,"Codigo_BR":319,"Unidade_Fe":"AM","Sigla_Tipo":"B","Nome_Tipo_":"Eixo Principal","Codigo_SNV":"319BAM0100","Coincidenc":"174BAM0420;319BAM0100","Local_Inic":"FIM DA PAVIMENTAÇÃO","Local_Fim":"IGARAPÉ ATIÍ","Quilometra":198.9,"Quilomet_1":237.8,"Extensao":38.9,"Superficie":"IMP","Obra":"EOP","Unidade_Lo":"Castanho","Administra":"Federal","Estadual_C":null,"Superfic_1":null,"Versao_SNV":"202410A","dt_ini":"2024-10-17","dt_fim":"2029-10-30"},"geometry":{"type":"LineString","coordinates":[[-60.928308,-4.351905],[-61.009925,-4.424388],[-61.168166,-4.545219],[-61.180459,-4.557952]]}},{"type":"Feature","properties":{"FID":"vw_snv_rod.fid-5c8cc48d_192b545ade1_-7d9f","id_snv":279675,"Codigo_BR":319,"Unidade_Fe":"AM","Sigla_Tipo":"B","Nome_Tipo_":"Eixo Principal","Codigo_SNV":"319BAM0105","Coincidenc":"174BAM0415;319BAM0105","Local_Inic":"IGARAPÉ ATIÍ","Local_Fim":"ENTR AM-360 (INÍCIO DA IMPLANTAÇÃO)","Quilometra":237.8,"Quilomet_1":250.7,"Extensao":12.9,"Superficie":"IMP","Obra":"EOP","Unidade_Lo":"Castanho","Administra":"Federal","Estadual_C":null,"Superfic_1":null,"Versao_SNV":"202410A","dt_ini":"2024-10-17","dt_fim":"2029-10-30"},"geometry":{"type":"LineString","coordinates":[[-61.180459,-4.557952],[-61.246656,-4.625663],[-61.249195,-4.629154],[-61.26898,-4.659689]]}},{"type":"Feature","properties":{"FID":"vw_snv_rod.fid-5c8cc48d_192b545ade1_-7d9e","id_snv":279676,"Codigo_BR":319,"Unidade_Fe":"AM","Sigla_Tipo":"B","Nome_Tipo_":"Eixo Principal","Codigo_SNV":"319BAM0110","Coincidenc":"174BAM0410;319BAM0110","Local_Inic":"ENTR AM-360 (INÍCIO DA IMPLANTAÇÃO)","Local_Fim":"INÍCIO TRAVESSIA RIO IGAPÓ AÇU","Quilometra":250.7,"Quilomet_1":260.7,"Extensao":10.0,"Superficie":"IMP","Obra":null,"Unidade_Lo":"Castanho","Administra":"Federal","Estadual_C":null,"Superfic_1":null,"Versao_SNV":"202410A","dt_ini":"2024-10-17","dt_fim":"2029-10-30"},"geometry":{"type":"LineString","coordinates":[[-61.26898,-4.659689],[-61.27332,-4.666865],[-61.292148,-4.711048]]}},{"type":"Feature","properties":{"FID":"vw_snv_rod.fid-5c8cc48d_192b545ade1_-7d9d","id_snv":279677,"Codigo_BR":319,"Unidade_Fe":"AM","Sigla_Tipo":"B","Nome_Tipo_":"Eixo Principal","Codigo_SNV":"319BAM0115","Coincidenc":"174BAM0405;319BAM0115","Local_Inic":"INÍCIO TRAVESSIA RIO IGAPÓ AÇU","Local_Fim":"FIM TRAVESSIA RIO IGAPÓ AÇU","Quilometra":260.7,"Quilomet_1":261.1,"Extensao":0.4,"Superficie":"TRV","Obra":null,"Unidade_Lo":null,"Administra":"Federal","Estadual_C":null,"Superfic_1":null,"Versao_SNV":"202410A","dt_ini":"2024-10-17","dt_fim":"2029-10-30"},"geometry":{"type":"LineString","coordinates":[[-61.292148,-4.711048],[-61.293054,-4.712917]]}},{"type":"Feature","properties":{"FID":"vw_snv_rod.fid-5c8cc48d_192b545ade1_-7d9c","id_snv":279678,"Codigo_BR":319,"Unidade_Fe":"AM","Sigla_Tipo":"B","Nome_Tipo_":"Eixo Principal","Codigo_SNV":"319BAM0120","Coincidenc":"174BAM0400;319BAM0120","Local_Inic":"FIM TRAVESSIA RIO IGAPÓ AÇU","Local_Fim":"IGARAPÉ JACARETINGA","Quilometra":261.1,"Quilomet_1":289.6,"Extensao":28.5,"Superficie":"IMP","Obra":null,"Unidade_Lo":"Castanho","Administra":"Federal","Estadual_C":null,"Superfic_1":null,"Versao_SNV":"202410A","dt_ini":"2024-10-17","dt_fim":"2029-10-30"},"geometry":{"type":"LineString","coordinates":[[-61.293054,-4.712917],[-61.308622,-4.749807],[-61.310711,-4.752981],[-61.320266,-4.765167],[-61.365799,-4.805617],[-61.420178,-4.855078],[-61.423254,-4.859152],[-61.441,-4.888258],[-61.44438,-4.892257],[-61.448686,-4.895295],[-61.466899,-4.904207]]}},{"type":"Feature","properties":{"FID":"vw_snv_rod.fid-5c8cc48d_192b545ade1_-7d9b","id_snv":279679,"Codigo_BR":319,"Unidade_Fe":"AM","Sigla_Tipo":"B","Nome_Tipo_":"Eixo Principal","Codigo_SNV":"319BAM0125","Coincidenc":"174BAM0390;319BAM0125","Local_Inic":"IGARAPÉ JACARETINGA","Local_Fim":"ENTR BR-174(B)/AM-364","Quilometra":289.6,"Quilomet_1":346.2,"Extensao":56.6,"Superficie":"IMP","Obra":null,"Unidade_Lo":"Castanho","Administra":"Federal","Estadual_C":null,"Superfic_1":null,"Versao_SNV":"202410A","dt_ini":"2024-10-17","dt_fim":"2029-10-30"},"geometry":{"type":"LineString","coordinates":[[-61.466899,-4.904207],[-61.492962,-4.917742],[-61.558843,-4.967764],[-61.708191,-5.104299],[-61.778897,-5.163733],[-61.780916,-5.165288],[-61.836274,-5.200137]]}},{"type":"Feature","properties":{"FID":"vw_snv_rod.fid-5c8cc48d_192b545ade1_-7d8c","id_snv":279648,"Codigo_BR":317,"Unidade_Fe":"AM","Sigla_Tipo":"B","Nome_Tipo_":"Eixo Principal","Codigo_SNV":"317BAM0010","Coincidenc":"317BAM0010","Local_Inic":"ENTR BR-230 (LÁBREA)","Local_Fim":"PARANÁ","Quilometra":0.0,"Quilomet_1":35.0,"Extensao":35.0,"Superficie":"PLA","Obra":null,"Unidade_Lo":null,"Administra":"Federal","Estadual_C":null,"Superfic_1":null,"Versao_SNV":"202410A","dt_ini":"2024-10-17","dt_fim":"2029-10-30"},"geometry":{"type":"LineString","coordinates":[[-64.793708,-7.266396],[-64.874856,-7.419313],[-64.947751,-7.452902]]}},{"type":"Feature","properties":{"FID":"vw_snv_rod.fid-5c8cc48d_192b545ade1_-7d8b","id_snv":279649,"Codigo_BR":317,"Unidade_Fe":"AM","Sigla_Tipo":"B","Nome_Tipo_":"Eixo Principal","Codigo_SNV":"317BAM0030","Coincidenc":"317BAM0030","Local_Inic":"PARANÁ","Local_Fim":"BOM JESUS","Quilometra":35.0,"Quilomet_1":130.0,"Extensao":95.0,"Superficie":"PLA","Obra":null,"Unidade_Lo":null,"Administra":"Federal","Estadual_C":null,"Superfic_1":null,"Versao_SNV":"202410A","dt_ini":"2024-10-17","dt_fim":"2029-10-30"},"geometry":{"type":"LineString","coordinates":[[-64.947751,-7.452902],[-65.480678,-7.69846],[-65.580124,-7.715849]]}},{"type":"Feature","properties":{"FID":"vw_snv_rod.fid-5c8cc48d_192b545ade1_-7d8a","id_snv":279650,"Codigo_BR":317,"Unidade_Fe":"AM","Sigla_Tipo":"B","Nome_Tipo_":"Eixo Principal","Codigo_SNV":"317BAM0050","Coincidenc":"317BAM0050","Local_Inic":"BOM JESUS","Local_Fim":"CACAU","Quilometra":130.0,"Quilomet_1":190.0,"Extensao":60.0,"Superficie":"PLA","Obra":null,"Unidade_Lo":null,"Administra":"Federal","Estadual_C":null,"Superfic_1":null,"Versao_SNV":"202410A","dt_ini":"2024-10-17","dt_fim":"2029-10-30"},"geometry":{"type":"LineString","coordinates":[[-65.580124,-7.715849],[-65.759245,-7.749788],[-65.912719,-7.826956],[-65.981422,-7.868464]]}},{"type":"Feature","properties":{"FID":"vw_snv_rod.fid-5c8cc48d_192b545ade1_-7d89","id_snv":279651,"Codigo_BR":317,"Unidade_Fe":"AM","Sigla_Tipo":"B","Nome_Tipo_":"Eixo Principal","Codigo_SNV":"317BAM0070","Coincidenc":"317BAM0070","Local_Inic":"CACAU","Local_Fim":"RIO TUMIÃ","Quilometra":190.0,"Quilomet_1":280.0,"Extensao":90.0,"Superficie":"PLA","Obra":null,"Unidade_Lo":null,"Administra":"Federal","Estadual_C":null,"Superfic_1":null,"Versao_SNV":"202410A","dt_ini":"2024-10-17","dt_fim":"2029-10-30"},"geometry":{"type":"LineString","coordinates":[[-65.981422,-7.868464],[-66.272845,-8.044532],[-66.535344,-8.211419]]}},{"type":"Feature","properties":{"FID":"vw_snv_rod.fid-5c8cc48d_192b545ade1_-7d88","id_snv":279656,"Codigo_BR":317,"Unidade_Fe":"AM","Sigla_Tipo":"B","Nome_Tipo_":"Eixo Principal","Codigo_SNV":"317BAM0125","Coincidenc":"317BAM0125","Local_Inic":"INÍCIO ÁREA INDÍGENA BOCA DO ACRE (LD)","Local_Fim":"INÍCIO ÁREA INDÍGENA BOCA DO ACRE (LE)","Quilometra":452.0,"Quilomet_1":455.3,"Extensao":3.3,"Superficie":"IMP","Obra":"EOP","Unidade_Lo":"Humaitá","Administra":"Federal","Estadual_C":null,"Superfic_1":null,"Versao_SNV":"202410A","dt_ini":"2024-10-17","dt_fim":"2029-10-30"},"geometry":{"type":"LineString","coordinates":[[-67.219073,-9.038928],[-67.220959,-9.039587],[-67.223381,-9.041164],[-67.225489,-9.045996],[-67.227229,-9.047874],[-67.229091,-9.049118],[-67.230407,-9.050656],[-67.23762,-9.055084],[-67.238336,-9.056238],[-67.239058,-9.059372]]}},{"type":"Feature","properties":{"FID":"vw_snv_rod.fid-5c8cc48d_192b545ade1_-7d87","id_snv":279657,"Codigo_BR":317,"Unidade_Fe":"AM","Sigla_Tipo":"B","Nome_Tipo_":"Eixo Principal","Codigo_SNV":"317BAM0130","Coincidenc":"317BAM0130","Local_Inic":"INÍCIO ÁREA INDÍGENA BOCA DO ACRE (LE)","Local_Fim":"FINAL ÁREA INDÍGENA BOCA DO ACRE (LD)","Quilometra":455.3,"Quilomet_1":467.8,"Extensao":12.5,"Superficie":"IMP","Obra":"EOP","Unidade_Lo":"Humaitá","Administra":"Federal","Estadual_C":null,"Superfic_1":null,"Versao_SNV":"202410A","dt_ini":"2024-10-17","dt_fim":"2029-10-30"},"geometry":{"type":"LineString","coordinates":[[-67.239058,-9.059372],[-67.240176,-9.064645],[-67.250311,-9.092295],[-67.250001,-9.094861],[-67.248059,-9.100575],[-67.248164,-9.101568],[-67.249485,-9.104747],[-67.256753,-9.113504],[-67.260703,-9.115075],[-67.265461,-9.117584],[-67.274971,-9.121032],[-67.276686,-9.121965],[-67.285921,-9.133115],[-67.286393,-9.134373],[-67.288046,-9.143808],[-67.292469,-9.149896]]}},{"type":"Feature","properties":{"FID":"vw_snv_rod.fid-5c8cc48d_192b545ade1_-7d86","id_snv":279658,"Codigo_BR":317,"Unidade_Fe":"AM","Sigla_Tipo":"B","Nome_Tipo_":"Eixo Principal","Codigo_SNV":"317BAM0135","Coincidenc":"317BAM0135","Local_Inic":"FINAL ÁREA INDÍGENA BOCA DO ACRE (LD)","Local_Fim":"FINAL ÁREA INDÍGENA BOCA DO ACRE (LE)","Quilometra":467.8,"Quilomet_1":468.5,"Extensao":0.7,"Superficie":"IMP","Obra":"EOP","Unidade_Lo":"Humaitá","Administra":"Federal","Estadual_C":null,"Superfic_1":null,"Versao_SNV":"202410A","dt_ini":"2024-10-17","dt_fim":"2029-10-30"},"geometry":{"type":"LineString","coordinates":[[-67.292469,-9.149896],[-67.293608,-9.156182]]}},{"type":"Feature","properties":{"FID":"vw_snv_rod.fid-5c8cc48d_192b545ade1_-7d85","id_snv":279659,"Codigo_BR":317,"Unidade_Fe":"AM","Sigla_Tipo":"B","Nome_Tipo_":"Eixo Principal","Codigo_SNV":"317BAM0140","Coincidenc":"317BAM0140","Local_Inic":"FINAL ÁREA INDÍGENA BOCA DO ACRE (LE)","Local_Fim":"INÍCIO ÁREA INDÍGENA APURINÃ","Quilometra":468.5,"Quilomet_1":478.3,"Extensao":9.8,"Superficie":"PAV","Obra":null,"Unidade_Lo":"Humaitá","Administra":"Federal","Estadual_C":null,"Superfic_1":null,"Versao_SNV":"202410A","dt_ini":"2024-10-17","dt_fim":"2029-10-30"},"geometry":{"type":"LineString","coordinates":[[-67.293608,-9.156182],[-67.29509,-9.164415],[-67.29263,-9.171208],[-67.289603,-9.178436],[-67.2822,-9.184938],[-67.281445,-9.186628],[-67.281492,-9.196933],[-67.291195,-9.214488],[-67.292197,-9.220392],[-67.291679,-9.222376],[-67.285791,-9.229686],[-67.285431,-9.236078]]}},{"type":"Feature","properties":{"FID":"vw_snv_rod.fid-5c8cc48d_192b545ade1_-7d84","id_snv":279660,"Codigo_BR":317,"Unidade_Fe":"AM","Sigla_Tipo":"B","Nome_Tipo_":"Eixo Principal","Codigo_SNV":"317BAM0150","Coincidenc":"317BAM0150","Local_Inic":"INÍCIO ÁREA INDÍGENA APURINÃ","Local_Fim":"FINAL ÁREA INDÍGENA APURINÃ","Quilometra":478.3,"Quilomet_1":496.2,"Extensao":17.9,"Superficie":"IMP","Obra":"EOP","Unidade_Lo":"Humaitá","Administra":"Federal","Estadual_C":null,"Superfic_1":null,"Versao_SNV":"202410A","dt_ini":"2024-10-17","dt_fim":"2029-10-30"},"geometry":{"type":"LineString","coordinates":[[-67.285431,-9.236078],[-67.286222,-9.242563],[-67.285143,-9.249527],[-67.285713,-9.250767],[-67.293113,-9.259975],[-67.298662,-9.272427],[-67.297494,-9.277913],[-67.295388,-9.284085],[-67.295512,-9.285706],[-67.299518,-9.29286],[-67.305698,-9.296919],[-67.308453,-9.303799],[-67.3151,-9.309568],[-67.315433,-9.310565],[-67.314864,-9.311847],[-67.313773,-9.313178],[-67.305986,-9.318541],[-67.304275,-9.320153],[-67.302645,-9.322914],[-67.299978,-9.324044],[-67.298539,-9.32538],[-67.297797,-9.326558],[-67.296297,-9.330559],[-67.295343,-9.331708],[-67.292489,-9.332274],[-67.281893,-9.332536],[-67.278361,-9.333837],[-67.27706,-9.334942],[-67.276384,-9.336009],[-67.276194,-9.337166],[-67.277592,-9.342076],[-67.276268,-9.345656],[-67.273003,-9.357893],[-67.273098,-9.359202],[-67.273968,-9.360272]]}},{"type":"Feature","properties":{"FID":"vw_snv_rod.fid-5c8cc48d_192b545ade1_-7d83","id_snv":279661,"Codigo_BR":317,"Unidade_Fe":"AM","Sigla_Tipo":"B","Nome_Tipo_":"Eixo Principal","Codigo_SNV":"317BAM0155","Coincidenc":"317BAM0155","Local_Inic":"FINAL ÁREA INDÍGENA APURINÃ","Local_Fim":"FIM DAS OBRAS DE PAVIMENTAÇÃO","Quilometra":496.2,"Quilomet_1":515.3,"Extensao":19.1,"Superficie":"PAV","Obra":null,"Unidade_Lo":"Humaitá","Administra":"Federal","Estadual_C":null,"Superfic_1":null,"Versao_SNV":"202410A","dt_ini":"2024-10-17","dt_fim":"2029-10-30"},"geometry":{"type":"LineString","coordinates":[[-67.273968,-9.360272],[-67.275357,-9.361379],[-67.276505,-9.361767],[-67.284964,-9.361592],[-67.286105,-9.362272],[-67.286725,-9.363422],[-67.287161,-9.36631],[-67.286971,-9.36772],[-67.286197,-9.368903],[-67.282777,-9.371779],[-67.28192,-9.372937],[-67.281581,-9.374161],[-67.28157,-9.379397],[-67.281291,-9.380938],[-67.275809,-9.391001],[-67.275615,-9.392072],[-67.276065,-9.393083],[-67.28251,-9.400683],[-67.283114,-9.401976],[-67.283342,-9.423655],[-67.283616,-9.42521],[-67.294371,-9.440369],[-67.295124,-9.442665],[-67.295116,-9.450484],[-67.286732,-9.469004],[-67.285686,-9.483167],[-67.285729,-9.492173],[-67.281617,-9.508421],[-67.281803,-9.510244],[-67.282441,-9.511168]]}},{"type":"Feature","properties":{"FID":"vw_snv_rod.fid-5c8cc48d_192b545ade1_-7d82","id_snv":279662,"Codigo_BR":317,"Unidade_Fe":"AM","Sigla_Tipo":"B","Nome_Tipo_":"Eixo Principal","Codigo_SNV":"317BAM0160","Coincidenc":"317BAM0160","Local_Inic":"FIM DAS OBRAS DE PAVIMENTAÇÃO","Local_Fim":"DIV AM/AC","Quilometra":515.3,"Quilomet_1":526.0,"Extensao":10.7,"Superficie":"IMP","Obra":null,"Unidade_Lo":"Humaitá","Administra":"Federal","Estadual_C":null,"Superfic_1":null,"Versao_SNV":"202410A","dt_ini":"2024-10-17","dt_fim":"2029-10-30"},"geometry":{"type":"LineString","coordinates":[[-67.282441,-9.511168],[-67.291588,-9.521558],[-67.292865,-9.523685],[-67.294381,-9.528026],[-67.304088,-9.562528],[-67.315385,-9.57578],[-67.327273,-9.595688]]}},{"type":"Feature","properties":{"FID":"vw_snv_rod.fid-5c8cc48d_192b545ade1_-7d81","id_snv":279680,"Codigo_BR":319,"Unidade_Fe":"AM","Sigla_Tipo":"B","Nome_Tipo_":"Eixo Principal","Codigo_SNV":"319BAM0130","Coincidenc":"319BAM0130","Local_Inic":"ENTR BR-174(B)/AM-364","Local_Fim":"IGARAPÉ NOVO","Quilometra":346.2,"Quilomet_1":367.2,"Extensao":21.0,"Superficie":"IMP","Obra":null,"Unidade_Lo":"Castanho","Administra":"Federal","Estadual_C":null,"Superfic_1":null,"Versao_SNV":"202410A","dt_ini":"2024-10-17","dt_fim":"2029-10-30"},"geometry":{"type":"LineString","coordinates":[[-61.836274,-5.200137],[-61.860436,-5.215342],[-61.863103,-5.217413],[-61.93655,-5.289281],[-61.942198,-5.294471],[-61.94705,-5.297041],[-62.000196,-5.317394]]}},{"type":"Feature","properties":{"FID":"vw_snv_rod.fid-5c8cc48d_192b545ade1_-7d80","id_snv":279665,"Codigo_BR":319,"Unidade_Fe":"AM","Sigla_Tipo":"B","Nome_Tipo_":"Eixo Principal","Codigo_SNV":"319BAM0040","Coincidenc":"174BAM0485;319BAM0040","Local_Inic":"FIM TRAVESSIA RIO AMAZONAS (CAREIRO)","Local_Fim":"RIO CAPITARI","Quilometra":13.0,"Quilomet_1":16.0,"Extensao":3.0,"Superficie":"PAV","Obra":null,"Unidade_Lo":"Castanho","Administra":"Federal","Estadual_C":null,"Superfic_1":null,"Versao_SNV":"202410A","dt_ini":"2024-10-17","dt_fim":"2029-10-30"},"geometry":{"type":"LineString","coordinates":[[-59.868712,-3.190245],[-59.86913,-3.197505],[-59.8706,-3.208067],[-59.869028,-3.214616]]}},{"type":"Feature","properties":{"FID":"vw_snv_rod.fid-5c8cc48d_192b545ade1_-7d7f","id_snv":279681,"Codigo_BR":319,"Unidade_Fe":"AM","Sigla_Tipo":"B","Nome_Tipo_":"Eixo Principal","Codigo_SNV":"319BAM0135","Coincidenc":"319BAM0135","Local_Inic":"IGARAPÉ NOVO","Local_Fim":"IGARAPÉ JUTAÍ","Quilometra":367.2,"Quilomet_1":386.2,"Extensao":19.0,"Superficie":"IMP","Obra":null,"Unidade_Lo":"Castanho","Administra":"Federal","Estadual_C":null,"Superfic_1":null,"Versao_SNV":"202410A","dt_ini":"2024-10-17","dt_fim":"2029-10-30"},"geometry":{"type":"LineString","coordinates":[[-62.000196,-5.317394],[-62.009114,-5.321011],[-62.012128,-5.323135],[-62.01473,-5.325808],[-62.079564,-5.413689],[-62.081659,-5.416927],[-62.101068,-5.456134],[-62.10163,-5.457958]]}},{"type":"Feature","properties":{"FID":"vw_snv_rod.fid-5c8cc48d_192b545ade1_-7d7e","id_snv":279682,"Codigo_BR":319,"Unidade_Fe":"AM","Sigla_Tipo":"B","Nome_Tipo_":"Eixo Principal","Codigo_SNV":"319BAM0140","Coincidenc":"319BAM0140","Local_Inic":"IGARAPÉ JUTAÍ","Local_Fim":"IGARAPÉ CAETANO","Quilometra":386.2,"Quilomet_1":433.1,"Extensao":46.9,"Superficie":"IMP","Obra":null,"Unidade_Lo":"Castanho","Administra":"Federal","Estadual_C":null,"Superfic_1":null,"Versao_SNV":"202410A","dt_ini":"2024-10-17","dt_fim":"2029-10-30"},"geometry":{"type":"LineString","coordinates":[[-62.10163,-5.457958],[-62.102651,-5.459385],[-62.107383,-5.469082],[-62.1168,-5.491651],[-62.129988,-5.514084],[-62.136084,-5.521266],[-62.136304,-5.521887],[-62.136717,-5.521994],[-62.144324,-5.530616],[-62.159246,-5.549039],[-62.285585,-5.75001],[-62.327706,-5.811971],[-62.33216,-5.817323]]}},{"type":"Feature","properties":{"FID":"vw_snv_rod.fid-5c8cc48d_192b545ade1_-7d7d","id_snv":279683,"Codigo_BR":319,"Unidade_Fe":"AM","Sigla_Tipo":"B","Nome_Tipo_":"Eixo Principal","Codigo_SNV":"319BAM0145","Coincidenc":"319BAM0145","Local_Inic":"IGARAPÉ CAETANO","Local_Fim":"IGARAPÉ VELOSO","Quilometra":433.1,"Quilomet_1":434.9,"Extensao":1.8,"Superficie":"IMP","Obra":null,"Unidade_Lo":"Castanho","Administra":"Federal","Estadual_C":null,"Superfic_1":null,"Versao_SNV":"202410A","dt_ini":"2024-10-17","dt_fim":"2029-10-30"},"geometry":{"type":"LineString","coordinates":[[-62.33216,-5.817323],[-62.338835,-5.824125],[-62.343505,-5.829432]]}},{"type":"Feature","properties":{"FID":"vw_snv_rod.fid-5c8cc48d_192b545ade1_-7d7c","id_snv":279684,"Codigo_BR":319,"Unidade_Fe":"AM","Sigla_Tipo":"B","Nome_Tipo_":"Eixo Principal","Codigo_SNV":"319BAM0150","Coincidenc":"319BAM0150","Local_Inic":"IGARAPÉ VELOSO","Local_Fim":"ENTR AM-366","Quilometra":434.9,"Quilomet_1":469.6,"Extensao":34.7,"Superficie":"IMP","Obra":null,"Unidade_Lo":"Castanho","Administra":"Federal","Estadual_C":null,"Superfic_1":null,"Versao_SNV":"202410A","dt_ini":"2024-10-17","dt_fim":"2029-10-30"},"geometry":{"type":"LineString","coordinates":[[-62.343505,-5.829432],[-62.344926,-5.830642],[-62.372944,-5.860567],[-62.439181,-5.931851],[-62.486747,-5.967196],[-62.490162,-5.970364],[-62.491777,-5.972513],[-62.50613,-5.995283],[-62.542993,-6.05559]]}},{"type":"Feature","properties":{"FID":"vw_snv_rod.fid-5c8cc48d_192b545ade1_-7d7b","id_snv":279685,"Codigo_BR":319,"Unidade_Fe":"AM","Sigla_Tipo":"B","Nome_Tipo_":"Eixo Principal","Codigo_SNV":"319BAM0155","Coincidenc":"319BAM0155","Local_Inic":"ENTR AM-366","Local_Fim":"IGARAPÉ PIQUIÁ","Quilometra":469.6,"Quilomet_1":513.8,"Extensao":44.2,"Superficie":"IMP","Obra":null,"Unidade_Lo":"Castanho","Administra":"Federal","Estadual_C":null,"Superfic_1":null,"Versao_SNV":"202410A","dt_ini":"2024-10-17","dt_fim":"2029-10-30"},"geometry":{"type":"LineString","coordinates":[[-62.542993,-6.05559],[-62.568222,-6.095911],[-62.650765,-6.194213],[-62.698034,-6.238006],[-62.737344,-6.271668],[-62.7419,-6.275938],[-62.744185,-6.279197],[-62.790308,-6.353939],[-62.793472,-6.357325],[-62.808208,-6.370859]]}},{"type":"Feature","properties":{"FID":"vw_snv_rod.fid-5c8cc48d_192b545ade1_-7d7a","id_snv":279686,"Codigo_BR":319,"Unidade_Fe":"AM","Sigla_Tipo":"B","Nome_Tipo_":"Eixo Principal","Codigo_SNV":"319BAM0160","Coincidenc":"319BAM0160","Local_Inic":"IGARAPÉ PIQUIÁ","Local_Fim":"IGARAPÉ PURUZINHO","Quilometra":513.8,"Quilomet_1":522.7,"Extensao":8.9,"Superficie":"IMP","Obra":null,"Unidade_Lo":"Humaitá","Administra":"Federal","Estadual_C":null,"Superfic_1":null,"Versao_SNV":"202410A","dt_ini":"2024-10-17","dt_fim":"2029-10-30"},"geometry":{"type":"LineString","coordinates":[[-62.808208,-6.370859],[-62.84601,-6.405981],[-62.863722,-6.429839]]}},{"type":"Feature","properties":{"FID":"vw_snv_rod.fid-5c8cc48d_192b545ade1_-7d79","id_snv":279687,"Codigo_BR":319,"Unidade_Fe":"AM","Sigla_Tipo":"B","Nome_Tipo_":"Eixo Principal","Codigo_SNV":"319BAM0165","Coincidenc":"319BAM0165","Local_Inic":"IGARAPÉ PURUZINHO","Local_Fim":"IGARAPÉ ACARÁ","Quilometra":522.7,"Quilomet_1":554.2,"Extensao":31.5,"Superficie":"IMP","Obra":null,"Unidade_Lo":"Humaitá","Administra":"Federal","Estadual_C":null,"Superfic_1":null,"Versao_SNV":"202410A","dt_ini":"2024-10-17","dt_fim":"2029-10-30"},"geometry":{"type":"LineString","coordinates":[[-62.863722,-6.429839],[-62.881,-6.453959],[-62.892741,-6.482633],[-62.894679,-6.486314],[-62.89679,-6.488977],[-62.926588,-6.520779],[-62.941017,-6.543854],[-62.942703,-6.547378],[-62.943645,-6.550923],[-62.968737,-6.682391],[-62.96964,-6.686511],[-62.970905,-6.689651]]}},{"type":"Feature","properties":{"FID":"vw_snv_rod.fid-5c8cc48d_192b545ade1_-7d78","id_snv":279688,"Codigo_BR":319,"Unidade_Fe":"AM","Sigla_Tipo":"B","Nome_Tipo_":"Eixo Principal","Codigo_SNV":"319BAM0170","Coincidenc":"319BAM0170","Local_Inic":"IGARAPÉ ACARÁ","Local_Fim":"IGARAPÉ NAZARÉ","Quilometra":554.2,"Quilomet_1":571.8,"Extensao":17.6,"Superficie":"IMP","Obra":null,"Unidade_Lo":"Humaitá","Administra":"Federal","Estadual_C":null,"Superfic_1":null,"Versao_SNV":"202410A","dt_ini":"2024-10-17","dt_fim":"2029-10-30"},"geometry":{"type":"LineString","coordinates":[[-62.970905,-6.689651],[-63.010349,-6.783732],[-63.040422,-6.830135]]}},{"type":"Feature","properties":{"FID":"vw_snv_rod.fid-5c8cc48d_192b545ade1_-7d77","id_snv":279666,"Codigo_BR":319,"Unidade_Fe":"AM","Sigla_Tipo":"B","Nome_Tipo_":"Eixo Principal","Codigo_SNV":"319BAM0045","Coincidenc":"174BAM0480;319BAM0045","Local_Inic":"RIO CAPITARI","Local_Fim":"RIO CURUÇÁ","Quilometra":16.0,"Quilomet_1":23.3,"Extensao":7.3,"Superficie":"PAV","Obra":null,"Unidade_Lo":"Castanho","Administra":"Federal","Estadual_C":null,"Superfic_1":null,"Versao_SNV":"202410A","dt_ini":"2024-10-17","dt_fim":"2029-10-30"},"geometry":{"type":"LineString","coordinates":[[-59.869028,-3.214616],[-59.865668,-3.227354],[-59.865815,-3.229274],[-59.86743,-3.235055],[-59.8673,-3.238174],[-59.866219,-3.240645],[-59.856952,-3.253461],[-59.856098,-3.255155],[-59.853036,-3.269812],[-59.853325,-3.272761],[-59.854502,-3.275072]]}},{"type":"Feature","properties":{"FID":"vw_snv_rod.fid-5c8cc48d_192b545ade1_-7d76","id_snv":279689,"Codigo_BR":319,"Unidade_Fe":"AM","Sigla_Tipo":"B","Nome_Tipo_":"Eixo Principal","Codigo_SNV":"319BAM0175","Coincidenc":"319BAM0175","Local_Inic":"IGARAPÉ NAZARÉ","Local_Fim":"IGARAPÉ SANTO ANTÔNIO","Quilometra":571.8,"Quilomet_1":575.7,"Extensao":3.9,"Superficie":"IMP","Obra":null,"Unidade_Lo":"Humaitá","Administra":"Federal","Estadual_C":null,"Superfic_1":null,"Versao_SNV":"202410A","dt_ini":"2024-10-17","dt_fim":"2029-10-30"},"geometry":{"type":"LineString","coordinates":[[-63.040422,-6.830135],[-63.056167,-6.854185],[-63.057298,-6.856214],[-63.058605,-6.859834]]}},{"type":"Feature","properties":{"FID":"vw_snv_rod.fid-5c8cc48d_192b545ade1_-7d75","id_snv":279690,"Codigo_BR":319,"Unidade_Fe":"AM","Sigla_Tipo":"B","Nome_Tipo_":"Eixo Principal","Codigo_SNV":"319BAM0180","Coincidenc":"319BAM0180","Local_Inic":"IGARAPÉ SANTO ANTÔNIO","Local_Fim":"IGARAPÉ REALIDADE","Quilometra":575.7,"Quilomet_1":590.1,"Extensao":14.4,"Superficie":"IMP","Obra":null,"Unidade_Lo":"Humaitá","Administra":"Federal","Estadual_C":null,"Superfic_1":null,"Versao_SNV":"202410A","dt_ini":"2024-10-17","dt_fim":"2029-10-30"},"geometry":{"type":"LineString","coordinates":[[-63.058605,-6.859834],[-63.098754,-6.986019]]}},{"type":"Feature","properties":{"FID":"vw_snv_rod.fid-5c8cc48d_192b545ade1_-7d74","id_snv":279691,"Codigo_BR":319,"Unidade_Fe":"AM","Sigla_Tipo":"B","Nome_Tipo_":"Eixo Principal","Codigo_SNV":"319BAM0185","Coincidenc":"319BAM0185","Local_Inic":"IGARAPÉ REALIDADE","Local_Fim":"IGARAPÉ FORTALEZA","Quilometra":590.1,"Quilomet_1":601.0,"Extensao":10.9,"Superficie":"PAV","Obra":null,"Unidade_Lo":"Humaitá","Administra":"Federal","Estadual_C":null,"Superfic_1":null,"Versao_SNV":"202410A","dt_ini":"2024-10-17","dt_fim":"2029-10-30"},"geometry":{"type":"LineString","coordinates":[[-63.098754,-6.986019],[-63.099365,-6.989399],[-63.105583,-7.043762],[-63.110026,-7.084629]]}},{"type":"Feature","properties":{"FID":"vw_snv_rod.fid-5c8cc48d_192b545ade1_-7d73","id_snv":279692,"Codigo_BR":319,"Unidade_Fe":"AM","Sigla_Tipo":"B","Nome_Tipo_":"Eixo Principal","Codigo_SNV":"319BAM0190","Coincidenc":"319BAM0190","Local_Inic":"IGARAPÉ FORTALEZA","Local_Fim":"ENTR BR-230(A)","Quilometra":601.0,"Quilomet_1":656.4,"Extensao":55.4,"Superficie":"PAV","Obra":null,"Unidade_Lo":"Humaitá","Administra":"Federal","Estadual_C":null,"Superfic_1":null,"Versao_SNV":"202410A","dt_ini":"2024-10-17","dt_fim":"2029-10-30"},"geometry":{"type":"LineString","coordinates":[[-63.110026,-7.084629],[-63.118501,-7.157419],[-63.119483,-7.161809],[-63.211608,-7.406513],[-63.258768,-7.533316],[-63.269562,-7.562836],[-63.269333,-7.563906]]}},{"type":"Feature","properties":{"FID":"vw_snv_rod.fid-5c8cc48d_192b545ade1_-7d69","id_snv":279693,"Codigo_BR":319,"Unidade_Fe":"AM","Sigla_Tipo":"B","Nome_Tipo_":"Eixo Principal","Codigo_SNV":"319BAM0195","Coincidenc":"230BAM2055;319BAM0195","Local_Inic":"ENTR BR-230(A)","Local_Fim":"IGARAPÉ DO RETIRO","Quilometra":656.4,"Quilomet_1":667.5,"Extensao":11.1,"Superficie":"PAV","Obra":null,"Unidade_Lo":"Humaitá","Administra":"Federal","Estadual_C":null,"Superfic_1":null,"Versao_SNV":"202410A","dt_ini":"2024-10-17","dt_fim":"2029-10-30"},"geometry":{"type":"LineString","coordinates":[[-63.269333,-7.563906],[-63.235194,-7.584345],[-63.224648,-7.590458],[-63.222991,-7.591134],[-63.220409,-7.591489],[-63.184463,-7.592867],[-63.174998,-7.593809]]}},{"type":"Feature","properties":{"FID":"vw_snv_rod.fid-5c8cc48d_192b545ade1_-7d68","id_snv":279694,"Codigo_BR":319,"Unidade_Fe":"AM","Sigla_Tipo":"B","Nome_Tipo_":"Eixo Principal","Codigo_SNV":"319BAM0200","Coincidenc":"230BAM2050;319BAM0200","Local_Inic":"IGARAPÉ DO RETIRO","Local_Fim":"IGARAPÉ BOM FUTURO","Quilometra":667.5,"Quilomet_1":674.8,"Extensao":7.3,"Superficie":"PAV","Obra":null,"Unidade_Lo":"Humaitá","Administra":"Federal","Estadual_C":null,"Superfic_1":null,"Versao_SNV":"202410A","dt_ini":"2024-10-17","dt_fim":"2029-10-30"},"geometry":{"type":"LineString","coordinates":[[-63.174998,-7.593809],[-63.172643,-7.59376],[-63.120107,-7.576698],[-63.114161,-7.575389],[-63.111404,-7.573611]]}},{"type":"Feature","properties":{"FID":"vw_snv_rod.fid-5c8cc48d_192b545ade1_-7d67","id_snv":279695,"Codigo_BR":319,"Unidade_Fe":"AM","Sigla_Tipo":"B","Nome_Tipo_":"Eixo Principal","Codigo_SNV":"319BAM0205","Coincidenc":"230BAM2045;319BAM0205","Local_Inic":"IGARAPÉ BOM FUTURO","Local_Fim":"ENTR BR-230(B) (P/HUMAITÁ)","Quilometra":674.8,"Quilomet_1":679.3,"Extensao":4.5,"Superficie":"PAV","Obra":null,"Unidade_Lo":"Humaitá","Administra":"Federal","Estadual_C":null,"Superfic_1":null,"Versao_SNV":"202410A","dt_ini":"2024-10-17","dt_fim":"2029-10-30"},"geometry":{"type":"LineString","coordinates":[[-63.111404,-7.573611],[-63.078472,-7.550612],[-63.077898,-7.550502],[-63.077514,-7.550884]]}},{"type":"Feature","properties":{"FID":"vw_snv_rod.fid-5c8cc48d_192b545ade1_-7d66","id_snv":279696,"Codigo_BR":319,"Unidade_Fe":"AM","Sigla_Tipo":"B","Nome_Tipo_":"Eixo Principal","Codigo_SNV":"319BAM0210","Coincidenc":"319BAM0210","Local_Inic":"ENTR BR-230(B) (P/HUMAITÁ)","Local_Fim":"IGARAPÉ BEÉN","Quilometra":679.3,"Quilomet_1":706.7,"Extensao":27.4,"Superficie":"PAV","Obra":null,"Unidade_Lo":"Humaitá","Administra":"Federal","Estadual_C":null,"Superfic_1":null,"Versao_SNV":"202410A","dt_ini":"2024-10-17","dt_fim":"2029-10-30"},"geometry":{"type":"LineString","coordinates":[[-63.077514,-7.550884],[-63.079961,-7.62062],[-63.081869,-7.687454],[-63.082204,-7.690166],[-63.100055,-7.721823],[-63.139172,-7.750992],[-63.140218,-7.752376],[-63.148663,-7.768381]]}},{"type":"Feature","properties":{"FID":"vw_snv_rod.fid-5c8cc48d_192b545ade1_-7d65","id_snv":279697,"Codigo_BR":319,"Unidade_Fe":"AM","Sigla_Tipo":"B","Nome_Tipo_":"Eixo Principal","Codigo_SNV":"319BAM0215","Coincidenc":"319BAM0215","Local_Inic":"IGARAPÉ BEÉN","Local_Fim":"IGARAPÉ SÃO JOÃO","Quilometra":706.7,"Quilomet_1":734.3,"Extensao":27.6,"Superficie":"PAV","Obra":null,"Unidade_Lo":"Humaitá","Administra":"Federal","Estadual_C":null,"Superfic_1":null,"Versao_SNV":"202410A","dt_ini":"2024-10-17","dt_fim":"2029-10-30"},"geometry":{"type":"LineString","coordinates":[[-63.148663,-7.768381],[-63.160791,-7.791426],[-63.162124,-7.793173],[-63.191282,-7.816179],[-63.224955,-7.843913],[-63.250772,-7.863789],[-63.30379,-7.906228],[-63.335006,-7.93177]]}},{"type":"Feature","properties":{"FID":"vw_snv_rod.fid-5c8cc48d_192b545ade1_-7d64","id_snv":279698,"Codigo_BR":319,"Unidade_Fe":"AM","Sigla_Tipo":"B","Nome_Tipo_":"Eixo Principal","Codigo_SNV":"319BAM0220","Coincidenc":"319BAM0220","Local_Inic":"IGARAPÉ SÃO JOÃO","Local_Fim":"DIV AM/RO","Quilometra":734.3,"Quilomet_1":741.0,"Extensao":6.7,"Superficie":"PAV","Obra":null,"Unidade_Lo":"Humaitá","Administra":"Federal","Estadual_C":null,"Superfic_1":null,"Versao_SNV":"202410A","dt_ini":"2024-10-17","dt_fim":"2029-10-30"},"geometry":{"type":"LineString","coordinates":[[-63.335006,-7.93177],[-63.361893,-7.953751]]}},{"type":"Feature","properties":{"FID":"vw_snv_rod.fid-5c8cc48d_192b545ade1_-7d63","id_snv":279424,"Codigo_BR":307,"Unidade_Fe":"AM","Sigla_Tipo":"B","Nome_Tipo_":"Eixo Principal","Codigo_SNV":"307BAM0050","Coincidenc":"307BAM0050","Local_Inic":"ENTR BR-307/364 (DIV AC/AM) (CRUZEIRO DO SUL)","Local_Fim":"FIM DA PAVIMENTAÇÃO","Quilometra":0.0,"Quilomet_1":1.9,"Extensao":1.9,"Superficie":"PAV","Obra":null,"Unidade_Lo":"Humaitá","Administra":"Federal","Estadual_C":null,"Superfic_1":null,"Versao_SNV":"202410A","dt_ini":"2024-10-17","dt_fim":"2029-10-30"},"geometry":{"type":"LineString","coordinates":[[-72.713151,-7.50546],[-72.715097,-7.498572],[-72.716879,-7.496592],[-72.719318,-7.490465]]}},{"type":"Feature","properties":{"FID":"vw_snv_rod.fid-5c8cc48d_192b545ade1_-7d62","id_snv":277575,"Codigo_BR":174,"Unidade_Fe":"AM","Sigla_Tipo":"B","Nome_Tipo_":"Eixo Principal","Codigo_SNV":"174BAM0380","Coincidenc":"174BAM0380","Local_Inic":"PONTE S/ RIO MATUPIRI","Local_Fim":"ENTR BR-319(A)/AM-364(B)","Quilometra":503.7,"Quilomet_1":512.0,"Extensao":8.3,"Superficie":"PLA","Obra":null,"Unidade_Lo":null,"Administra":"Estadual","Estadual_C":"Alienado","Superfic_1":"IMP","Versao_SNV":"202410A","dt_ini":"2024-10-17","dt_fim":"2029-10-30"},"geometry":{"type":"LineString","coordinates":[[-61.780188,-5.252208],[-61.782707,-5.2494],[-61.790052,-5.246896],[-61.801114,-5.237486],[-61.836274,-5.200137]]}},{"type":"Feature","properties":{"FID":"vw_snv_rod.fid-5c8cc48d_192b545ade1_-7d61","id_snv":277576,"Codigo_BR":174,"Unidade_Fe":"AM","Sigla_Tipo":"B","Nome_Tipo_":"Eixo Principal","Codigo_SNV":"174BAM0390","Coincidenc":"174BAM0390;319BAM0125","Local_Inic":"ENTR BR-319(A)/AM-364(B)","Local_Fim":"IGARAPÉ JACARETINGA","Quilometra":512.0,"Quilomet_1":568.6,"Extensao":56.6,"Superficie":"IMP","Obra":null,"Unidade_Lo":"Castanho","Administra":"Federal","Estadual_C":null,"Superfic_1":null,"Versao_SNV":"202410A","dt_ini":"2024-10-17","dt_fim":"2029-10-30"},"geometry":{"type":"LineString","coordinates":[[-61.836274,-5.200137],[-61.780916,-5.165288],[-61.778897,-5.163733],[-61.708191,-5.104299],[-61.558843,-4.967764],[-61.492962,-4.917742],[-61.466899,-4.904207]]}},{"type":"Feature","properties":{"FID":"vw_snv_rod.fid-5c8cc48d_192b545ade1_-7d60","id_snv":277577,"Codigo_BR":174,"Unidade_Fe":"AM","Sigla_Tipo":"B","Nome_Tipo_":"Eixo Principal","Codigo_SNV":"174BAM0400","Coincidenc":"174BAM0400;319BAM0120","Local_Inic":"IGARAPÉ JACARETINGA","Local_Fim":"INÍCIO TRAVESSIA RIO IGAPÓ AÇU","Quilometra":568.6,"Quilomet_1":597.1,"Extensao":28.5,"Superficie":"IMP","Obra":null,"Unidade_Lo":"Castanho","Administra":"Federal","Estadual_C":null,"Superfic_1":null,"Versao_SNV":"202410A","dt_ini":"2024-10-17","dt_fim":"2029-10-30"},"geometry":{"type":"LineString","coordinates":[[-61.466899,-4.904207],[-61.448686,-4.895295],[-61.44438,-4.892257],[-61.441,-4.888258],[-61.423254,-4.859152],[-61.420178,-4.855078],[-61.365799,-4.805617],[-61.320266,-4.765167],[-61.310711,-4.752981],[-61.308622,-4.749807],[-61.293054,-4.712917]]}},{"type":"Feature","properties":{"FID":"vw_snv_rod.fid-5c8cc48d_192b545ade1_-7d5f","id_snv":277578,"Codigo_BR":174,"Unidade_Fe":"AM","Sigla_Tipo":"B","Nome_Tipo_":"Eixo Principal","Codigo_SNV":"174BAM0405","Coincidenc":"174BAM0405;319BAM0115","Local_Inic":"INÍCIO TRAVESSIA RIO IGAPÓ AÇU","Local_Fim":"FIM TRAVESSIA RIO IGAPÓ AÇU","Quilometra":597.1,"Quilomet_1":597.5,"Extensao":0.4,"Superficie":"TRV","Obra":null,"Unidade_Lo":null,"Administra":"Federal","Estadual_C":null,"Superfic_1":null,"Versao_SNV":"202410A","dt_ini":"2024-10-17","dt_fim":"2029-10-30"},"geometry":{"type":"LineString","coordinates":[[-61.293054,-4.712917],[-61.292148,-4.711048]]}},{"type":"Feature","properties":{"FID":"vw_snv_rod.fid-5c8cc48d_192b545ade1_-7d5e","id_snv":277579,"Codigo_BR":174,"Unidade_Fe":"AM","Sigla_Tipo":"B","Nome_Tipo_":"Eixo Principal","Codigo_SNV":"174BAM0410","Coincidenc":"174BAM0410;319BAM0110","Local_Inic":"FIM TRAVESSIA RIO IGAPÓ AÇU","Local_Fim":"ENTR AM-360 (FIM DA IMPLANTAÇÃO)","Quilometra":597.5,"Quilomet_1":607.5,"Extensao":10.0,"Superficie":"IMP","Obra":null,"Unidade_Lo":"Castanho","Administra":"Federal","Estadual_C":null,"Superfic_1":null,"Versao_SNV":"202410A","dt_ini":"2024-10-17","dt_fim":"2029-10-30"},"geometry":{"type":"LineString","coordinates":[[-61.292148,-4.711048],[-61.27332,-4.666865],[-61.26898,-4.659689]]}},{"type":"Feature","properties":{"FID":"vw_snv_rod.fid-5c8cc48d_192b545ade1_-7d5d","id_snv":277580,"Codigo_BR":174,"Unidade_Fe":"AM","Sigla_Tipo":"B","Nome_Tipo_":"Eixo Principal","Codigo_SNV":"174BAM0415","Coincidenc":"174BAM0415;319BAM0105","Local_Inic":"ENTR AM-360 (FIM DA IMPLANTAÇÃO)","Local_Fim":"IGARAPÉ ATIÍ","Quilometra":607.5,"Quilomet_1":620.4,"Extensao":12.9,"Superficie":"IMP","Obra":"EOP","Unidade_Lo":"Castanho","Administra":"Federal","Estadual_C":null,"Superfic_1":null,"Versao_SNV":"202410A","dt_ini":"2024-10-17","dt_fim":"2029-10-30"},"geometry":{"type":"LineString","coordinates":[[-61.26898,-4.659689],[-61.249195,-4.629154],[-61.246656,-4.625663],[-61.180459,-4.557952]]}},{"type":"Feature","properties":{"FID":"vw_snv_rod.fid-5c8cc48d_192b545ade1_-7d5c","id_snv":277581,"Codigo_BR":174,"Unidade_Fe":"AM","Sigla_Tipo":"B","Nome_Tipo_":"Eixo Principal","Codigo_SNV":"174BAM0420","Coincidenc":"174BAM0420;319BAM0100","Local_Inic":"IGARAPÉ ATIÍ","Local_Fim":"INÍCIO PAVIMENTAÇÃO","Quilometra":620.4,"Quilomet_1":659.3,"Extensao":38.9,"Superficie":"IMP","Obra":"EOP","Unidade_Lo":"Castanho","Administra":"Federal","Estadual_C":null,"Superfic_1":null,"Versao_SNV":"202410A","dt_ini":"2024-10-17","dt_fim":"2029-10-30"},"geometry":{"type":"LineString","coordinates":[[-61.180459,-4.557952],[-61.168166,-4.545219],[-61.009925,-4.424388],[-60.928308,-4.351905]]}},{"type":"Feature","properties":{"FID":"vw_snv_rod.fid-5c8cc48d_192b545ade1_-7d5b","id_snv":277582,"Codigo_BR":174,"Unidade_Fe":"AM","Sigla_Tipo":"B","Nome_Tipo_":"Eixo Principal","Codigo_SNV":"174BAM0425","Coincidenc":"174BAM0425;319BAM0095","Local_Inic":"INÍCIO PAVIMENTAÇÃO","Local_Fim":"RIO TUPÃNA","Quilometra":659.3,"Quilomet_1":679.7,"Extensao":20.4,"Superficie":"PAV","Obra":null,"Unidade_Lo":"Castanho","Administra":"Federal","Estadual_C":null,"Superfic_1":null,"Versao_SNV":"202410A","dt_ini":"2024-10-17","dt_fim":"2029-10-30"},"geometry":{"type":"LineString","coordinates":[[-60.928308,-4.351905],[-60.855416,-4.287236],[-60.851906,-4.284041],[-60.849763,-4.281537],[-60.84781,-4.278136],[-60.825717,-4.232019],[-60.816352,-4.203283],[-60.806854,-4.180845]]}},{"type":"Feature","properties":{"FID":"vw_snv_rod.fid-5c8cc48d_192b545ade1_-7d5a","id_snv":277583,"Codigo_BR":174,"Unidade_Fe":"AM","Sigla_Tipo":"B","Nome_Tipo_":"Eixo Principal","Codigo_SNV":"174BAM0430","Coincidenc":"174BAM0430;319BAM0085","Local_Inic":"RIO TUPÃNA","Local_Fim":"RIO CASTANHO","Quilometra":679.7,"Quilomet_1":744.0,"Extensao":64.3,"Superficie":"PAV","Obra":null,"Unidade_Lo":"Castanho","Administra":"Federal","Estadual_C":null,"Superfic_1":null,"Versao_SNV":"202410A","dt_ini":"2024-10-17","dt_fim":"2029-10-30"},"geometry":{"type":"LineString","coordinates":[[-60.806854,-4.180845],[-60.803125,-4.173234],[-60.800711,-4.170411],[-60.457417,-3.914641],[-60.455618,-3.912728],[-60.449698,-3.902838],[-60.439444,-3.893432],[-60.436652,-3.892249],[-60.429582,-3.89223],[-60.426684,-3.890901],[-60.396114,-3.865159],[-60.376201,-3.842456],[-60.3716,-3.832639],[-60.364339,-3.826791]]}},{"type":"Feature","properties":{"FID":"vw_snv_rod.fid-5c8cc48d_192b545ade1_-7d59","id_snv":277584,"Codigo_BR":174,"Unidade_Fe":"AM","Sigla_Tipo":"B","Nome_Tipo_":"Eixo Principal","Codigo_SNV":"174BAM0445","Coincidenc":"174BAM0445;319BAM0075","Local_Inic":"RIO CASTANHO","Local_Fim":"ENTR AM-354","Quilometra":744.0,"Quilomet_1":754.7,"Extensao":10.7,"Superficie":"PAV","Obra":null,"Unidade_Lo":"Castanho","Administra":"Federal","Estadual_C":null,"Superfic_1":null,"Versao_SNV":"202410A","dt_ini":"2024-10-17","dt_fim":"2029-10-30"},"geometry":{"type":"LineString","coordinates":[[-60.364339,-3.826791],[-60.363321,-3.825973],[-60.356582,-3.822409],[-60.339827,-3.809534],[-60.313723,-3.796504],[-60.312189,-3.795388],[-60.311168,-3.79397],[-60.310672,-3.792442],[-60.309492,-3.782176],[-60.308765,-3.779293],[-60.304444,-3.770997],[-60.300857,-3.765098]]}},{"type":"Feature","properties":{"FID":"vw_snv_rod.fid-5c8cc48d_192b545ade1_-7d58","id_snv":277585,"Codigo_BR":174,"Unidade_Fe":"AM","Sigla_Tipo":"B","Nome_Tipo_":"Eixo Principal","Codigo_SNV":"174BAM0450","Coincidenc":"174BAM0450;319BAM0070","Local_Inic":"ENTR AM-354","Local_Fim":"RIO ARAÇÁ","Quilometra":754.7,"Quilomet_1":805.6,"Extensao":50.9,"Superficie":"PAV","Obra":null,"Unidade_Lo":"Castanho","Administra":"Federal","Estadual_C":null,"Superfic_1":null,"Versao_SNV":"202410A","dt_ini":"2024-10-17","dt_fim":"2029-10-30"},"geometry":{"type":"LineString","coordinates":[[-60.300857,-3.765098],[-60.280895,-3.732439],[-60.278856,-3.728426],[-60.277627,-3.723533],[-60.275085,-3.695384],[-60.274391,-3.691893],[-60.256599,-3.639551],[-60.249478,-3.628576],[-60.212162,-3.594926],[-60.152332,-3.531058],[-60.107328,-3.484124],[-60.097556,-3.480062],[-60.040939,-3.458177],[-60.037347,-3.457382],[-60.00799,-3.453768],[-60.006163,-3.45262],[-60.004113,-3.449422]]}},{"type":"Feature","properties":{"FID":"vw_snv_rod.fid-5c8cc48d_192b545ade1_-7d57","id_snv":277586,"Codigo_BR":174,"Unidade_Fe":"AM","Sigla_Tipo":"B","Nome_Tipo_":"Eixo Principal","Codigo_SNV":"174BAM0465","Coincidenc":"174BAM0465;319BAM0060","Local_Inic":"RIO ARAÇÁ","Local_Fim":"ENTR AM-254","Quilometra":805.6,"Quilomet_1":818.8,"Extensao":13.2,"Superficie":"PAV","Obra":null,"Unidade_Lo":"Castanho","Administra":"Federal","Estadual_C":null,"Superfic_1":null,"Versao_SNV":"202410A","dt_ini":"2024-10-17","dt_fim":"2029-10-30"},"geometry":{"type":"LineString","coordinates":[[-60.004113,-3.449422],[-59.999423,-3.441885],[-59.998441,-3.44091],[-59.997102,-3.440175],[-59.980992,-3.435997],[-59.968367,-3.430187],[-59.965722,-3.429259],[-59.914712,-3.416709],[-59.912897,-3.415369],[-59.902095,-3.403379]]}},{"type":"Feature","properties":{"FID":"vw_snv_rod.fid-5c8cc48d_192b545ade1_-7d56","id_snv":277587,"Codigo_BR":174,"Unidade_Fe":"AM","Sigla_Tipo":"B","Nome_Tipo_":"Eixo Principal","Codigo_SNV":"174BAM0470","Coincidenc":"174BAM0470;319BAM0055","Local_Inic":"ENTR AM-254","Local_Fim":"RIO AUTAZ MIRIM","Quilometra":818.8,"Quilomet_1":833.6,"Extensao":14.8,"Superficie":"PAV","Obra":null,"Unidade_Lo":"Castanho","Administra":"Federal","Estadual_C":null,"Superfic_1":null,"Versao_SNV":"202410A","dt_ini":"2024-10-17","dt_fim":"2029-10-30"},"geometry":{"type":"LineString","coordinates":[[-59.902095,-3.403379],[-59.889413,-3.38941],[-59.880636,-3.378864],[-59.87954,-3.376795],[-59.879245,-3.374638],[-59.878007,-3.328038],[-59.878506,-3.320258],[-59.877863,-3.312088],[-59.878648,-3.298468],[-59.878104,-3.296762],[-59.877044,-3.295297],[-59.86561,-3.286256],[-59.863639,-3.283817]]}},{"type":"Feature","properties":{"FID":"vw_snv_rod.fid-5c8cc48d_192b545ade1_-7d55","id_snv":278053,"Codigo_BR":230,"Unidade_Fe":"AM","Sigla_Tipo":"B","Nome_Tipo_":"Eixo Principal","Codigo_SNV":"230BAM2125","Coincidenc":"230BAM2125","Local_Inic":"RIO PUNAINÃ","Local_Fim":"RIO SANTO ANTÔNIO","Quilometra":780.2,"Quilomet_1":785.0,"Extensao":4.8,"Superficie":"IMP","Obra":null,"Unidade_Lo":"Humaitá","Administra":"Federal","Estadual_C":null,"Superfic_1":null,"Versao_SNV":"202410A","dt_ini":"2024-10-17","dt_fim":"2029-10-30"},"geometry":{"type":"LineString","coordinates":[[-64.476141,-7.462691],[-64.503527,-7.470025],[-64.516726,-7.466468]]}},{"type":"Feature","properties":{"FID":"vw_snv_rod.fid-5c8cc48d_192b545ade1_-7d54","id_snv":278054,"Codigo_BR":230,"Unidade_Fe":"AM","Sigla_Tipo":"B","Nome_Tipo_":"Eixo Principal","Codigo_SNV":"230BAM2130","Coincidenc":"230BAM2130","Local_Inic":"RIO SANTO ANTÔNIO","Local_Fim":"RIO UMARÍ","Quilometra":785.0,"Quilomet_1":790.0,"Extensao":5.0,"Superficie":"IMP","Obra":null,"Unidade_Lo":"Humaitá","Administra":"Federal","Estadual_C":null,"Superfic_1":null,"Versao_SNV":"202410A","dt_ini":"2024-10-17","dt_fim":"2029-10-30"},"geometry":{"type":"LineString","coordinates":[[-64.516726,-7.466468],[-64.53384,-7.461856],[-64.55988,-7.461191]]}},{"type":"Feature","properties":{"FID":"vw_snv_rod.fid-5c8cc48d_192b545ade1_-7d53","id_snv":278055,"Codigo_BR":230,"Unidade_Fe":"AM","Sigla_Tipo":"B","Nome_Tipo_":"Eixo Principal","Codigo_SNV":"230BAM2150","Coincidenc":"230BAM2150","Local_Inic":"RIO UMARÍ","Local_Fim":"RIO PACIÁ (FIM FLONA BALATA T.)","Quilometra":790.0,"Quilomet_1":797.5,"Extensao":7.5,"Superficie":"IMP","Obra":null,"Unidade_Lo":"Humaitá","Administra":"Federal","Estadual_C":null,"Superfic_1":null,"Versao_SNV":"202410A","dt_ini":"2024-10-17","dt_fim":"2029-10-30"},"geometry":{"type":"LineString","coordinates":[[-64.55988,-7.461191],[-64.579275,-7.460695],[-64.613946,-7.465232],[-64.624114,-7.460326]]}},{"type":"Feature","properties":{"FID":"vw_snv_rod.fid-5c8cc48d_192b545ade1_-7d52","id_snv":278056,"Codigo_BR":230,"Unidade_Fe":"AM","Sigla_Tipo":"B","Nome_Tipo_":"Eixo Principal","Codigo_SNV":"230BAM2165","Coincidenc":"230BAM2165","Local_Inic":"RIO PACIÁ (FIM FLONA BALATA T.)","Local_Fim":"IGARAPÉ BOA ÁGUA","Quilometra":797.5,"Quilomet_1":807.3,"Extensao":9.8,"Superficie":"IMP","Obra":null,"Unidade_Lo":"Humaitá","Administra":"Federal","Estadual_C":null,"Superfic_1":null,"Versao_SNV":"202410A","dt_ini":"2024-10-17","dt_fim":"2029-10-30"},"geometry":{"type":"LineString","coordinates":[[-64.624114,-7.460326],[-64.639977,-7.452673],[-64.663151,-7.45428],[-64.702043,-7.431742]]}},{"type":"Feature","properties":{"FID":"vw_snv_rod.fid-5c8cc48d_192b545ade1_-7d51","id_snv":278057,"Codigo_BR":230,"Unidade_Fe":"AM","Sigla_Tipo":"B","Nome_Tipo_":"Eixo Principal","Codigo_SNV":"230BAM2170","Coincidenc":"230BAM2170","Local_Inic":"IGARAPÉ BOA ÁGUA","Local_Fim":"INÍCIO PAVIMENTAÇÃO","Quilometra":807.3,"Quilomet_1":815.4,"Extensao":8.1,"Superficie":"IMP","Obra":null,"Unidade_Lo":"Humaitá","Administra":"Federal","Estadual_C":null,"Superfic_1":null,"Versao_SNV":"202410A","dt_ini":"2024-10-17","dt_fim":"2029-10-30"},"geometry":{"type":"LineString","coordinates":[[-64.702043,-7.431742],[-64.728144,-7.416513],[-64.7342,-7.411897],[-64.735405,-7.406936],[-64.737211,-7.379023]]}},{"type":"Feature","properties":{"FID":"vw_snv_rod.fid-5c8cc48d_192b545ade1_-7d50","id_snv":278058,"Codigo_BR":230,"Unidade_Fe":"AM","Sigla_Tipo":"B","Nome_Tipo_":"Eixo Principal","Codigo_SNV":"230BAM2175","Coincidenc":"230BAM2175","Local_Inic":"INÍCIO PAVIMENTAÇÃO","Local_Fim":"ENTR BR-317 (LÁBREA)","Quilometra":815.4,"Quilomet_1":831.4,"Extensao":16.0,"Superficie":"PAV","Obra":null,"Unidade_Lo":"Humaitá","Administra":"Federal","Estadual_C":null,"Superfic_1":null,"Versao_SNV":"202410A","dt_ini":"2024-10-17","dt_fim":"2029-10-30"},"geometry":{"type":"LineString","coordinates":[[-64.737211,-7.379023],[-64.739268,-7.347646],[-64.739961,-7.345334],[-64.770541,-7.288188],[-64.793708,-7.266396]]}},{"type":"Feature","properties":{"FID":"vw_snv_rod.fid-5c8cc48d_192b545ade1_-7d4f","id_snv":278059,"Codigo_BR":230,"Unidade_Fe":"AM","Sigla_Tipo":"B","Nome_Tipo_":"Eixo Principal","Codigo_SNV":"230BAM2180","Coincidenc":"230BAM2180","Local_Inic":"ENTR BR-317 (LÁBREA)","Local_Fim":"FIM DA PAVIMENTAÇÃO","Quilometra":831.4,"Quilomet_1":832.3,"Extensao":0.9,"Superficie":"PAV","Obra":null,"Unidade_Lo":"Humaitá","Administra":"Federal","Estadual_C":null,"Superfic_1":null,"Versao_SNV":"202410A","dt_ini":"2024-10-17","dt_fim":"2029-10-30"},"geometry":{"type":"LineString","coordinates":[[-64.793708,-7.266396],[-64.799717,-7.2609]]}},{"type":"Feature","properties":{"FID":"vw_snv_rod.fid-5c8cc48d_192b545ade1_-7d4e","id_snv":278060,"Codigo_BR":230,"Unidade_Fe":"AM","Sigla_Tipo":"B","Nome_Tipo_":"Eixo Principal","Codigo_SNV":"230BAM2182","Coincidenc":"230BAM2182","Local_Inic":"FIM DA PAVIMENTAÇÃO","Local_Fim":"RIO PINHUÃ","Quilometra":832.3,"Quilomet_1":832.9,"Extensao":0.6,"Superficie":"PLA","Obra":null,"Unidade_Lo":null,"Administra":"Federal","Estadual_C":null,"Superfic_1":null,"Versao_SNV":"202410A","dt_ini":"2024-10-17","dt_fim":"2029-10-30"},"geometry":{"type":"LineString","coordinates":[[-64.799717,-7.2609],[-64.802806,-7.256773]]}},{"type":"Feature","properties":{"FID":"vw_snv_rod.fid-5c8cc48d_192b545ade1_-7d4d","id_snv":278061,"Codigo_BR":230,"Unidade_Fe":"AM","Sigla_Tipo":"B","Nome_Tipo_":"Eixo Principal","Codigo_SNV":"230BAM2185","Coincidenc":"230BAM2185","Local_Inic":"RIO PINHUÃ","Local_Fim":"BOA VISTA","Quilometra":832.9,"Quilomet_1":1006.4,"Extensao":173.5,"Superficie":"PLA","Obra":null,"Unidade_Lo":null,"Administra":"Federal","Estadual_C":null,"Superfic_1":null,"Versao_SNV":"202410A","dt_ini":"2024-10-17","dt_fim":"2029-10-30"},"geometry":{"type":"LineString","coordinates":[[-64.802806,-7.256773],[-65.289841,-6.924097],[-65.945231,-6.451474],[-66.047419,-6.400705]]}},{"type":"Feature","properties":{"FID":"vw_snv_rod.fid-5c8cc48d_192b545ade1_-7d4c","id_snv":278062,"Codigo_BR":230,"Unidade_Fe":"AM","Sigla_Tipo":"B","Nome_Tipo_":"Eixo Principal","Codigo_SNV":"230BAM2190","Coincidenc":"230BAM2190","Local_Inic":"BOA VISTA","Local_Fim":"RIO BRANCO","Quilometra":1006.4,"Quilomet_1":1096.4,"Extensao":90.0,"Superficie":"PLA","Obra":null,"Unidade_Lo":null,"Administra":"Federal","Estadual_C":null,"Superfic_1":null,"Versao_SNV":"202410A","dt_ini":"2024-10-17","dt_fim":"2029-10-30"},"geometry":{"type":"LineString","coordinates":[[-66.047419,-6.400705],[-66.322863,-6.263908],[-66.748701,-6.049544]]}},{"type":"Feature","properties":{"FID":"vw_snv_rod.fid-5c8cc48d_192b545ade1_-7d4b","id_snv":278063,"Codigo_BR":230,"Unidade_Fe":"AM","Sigla_Tipo":"B","Nome_Tipo_":"Eixo Principal","Codigo_SNV":"230BAM2195","Coincidenc":"230BAM2195","Local_Inic":"RIO BRANCO","Local_Fim":"RIO TAPAUÁ","Quilometra":1096.4,"Quilomet_1":1146.4,"Extensao":50.0,"Superficie":"PLA","Obra":null,"Unidade_Lo":null,"Administra":"Federal","Estadual_C":null,"Superfic_1":null,"Versao_SNV":"202410A","dt_ini":"2024-10-17","dt_fim":"2029-10-30"},"geometry":{"type":"LineString","coordinates":[[-66.748701,-6.049544],[-67.13789,-5.853629]]}},{"type":"Feature","properties":{"FID":"vw_snv_rod.fid-5c8cc48d_192b545ade1_-7d4a","id_snv":278064,"Codigo_BR":230,"Unidade_Fe":"AM","Sigla_Tipo":"B","Nome_Tipo_":"Eixo Principal","Codigo_SNV":"230BAM2200","Coincidenc":"230BAM2200","Local_Inic":"RIO TAPAUÁ","Local_Fim":"ENTR AM-333","Quilometra":1146.4,"Quilomet_1":1216.4,"Extensao":70.0,"Superficie":"PLA","Obra":null,"Unidade_Lo":null,"Administra":"Federal","Estadual_C":null,"Superfic_1":null,"Versao_SNV":"202410A","dt_ini":"2024-10-17","dt_fim":"2029-10-30"},"geometry":{"type":"LineString","coordinates":[[-67.13789,-5.853629],[-67.682754,-5.579348]]}},{"type":"Feature","properties":{"FID":"vw_snv_rod.fid-5c8cc48d_192b545ade1_-7d49","id_snv":278065,"Codigo_BR":230,"Unidade_Fe":"AM","Sigla_Tipo":"B","Nome_Tipo_":"Eixo Principal","Codigo_SNV":"230BAM2205","Coincidenc":"230BAM2205","Local_Inic":"ENTR AM-333","Local_Fim":"RIO MUTUM","Quilometra":1216.4,"Quilomet_1":1273.4,"Extensao":57.0,"Superficie":"PLA","Obra":null,"Unidade_Lo":null,"Administra":"Federal","Estadual_C":null,"Superfic_1":null,"Versao_SNV":"202410A","dt_ini":"2024-10-17","dt_fim":"2029-10-30"},"geometry":{"type":"LineString","coordinates":[[-67.682754,-5.579348],[-68.126429,-5.356005]]}},{"type":"Feature","properties":{"FID":"vw_snv_rod.fid-5c8cc48d_192b545ade1_-7d48","id_snv":278066,"Codigo_BR":230,"Unidade_Fe":"AM","Sigla_Tipo":"B","Nome_Tipo_":"Eixo Principal","Codigo_SNV":"230BAM2210","Coincidenc":"230BAM2210","Local_Inic":"RIO MUTUM","Local_Fim":"RIO JUTAÍ","Quilometra":1273.4,"Quilomet_1":1348.4,"Extensao":75.0,"Superficie":"PLA","Obra":null,"Unidade_Lo":null,"Administra":"Federal","Estadual_C":null,"Superfic_1":null,"Versao_SNV":"202410A","dt_ini":"2024-10-17","dt_fim":"2029-10-30"},"geometry":{"type":"LineString","coordinates":[[-68.126429,-5.356005],[-68.533638,-5.151019],[-68.710512,-5.062731]]}},{"type":"Feature","properties":{"FID":"vw_snv_rod.fid-5c8cc48d_192b545ade1_-7d47","id_snv":278067,"Codigo_BR":230,"Unidade_Fe":"AM","Sigla_Tipo":"B","Nome_Tipo_":"Eixo Principal","Codigo_SNV":"230BAM2230","Coincidenc":"230BAM2230","Local_Inic":"RIO JUTAÍ","Local_Fim":"IGARAPÉ BOA VISTA","Quilometra":1348.4,"Quilomet_1":1428.4,"Extensao":80.0,"Superficie":"PLA","Obra":null,"Unidade_Lo":null,"Administra":"Federal","Estadual_C":null,"Superfic_1":null,"Versao_SNV":"202410A","dt_ini":"2024-10-17","dt_fim":"2029-10-30"},"geometry":{"type":"LineString","coordinates":[[-68.710512,-5.062731],[-69.334271,-4.751377]]}},{"type":"Feature","properties":{"FID":"vw_snv_rod.fid-5c8cc48d_192b545ade1_-7d46","id_snv":278068,"Codigo_BR":230,"Unidade_Fe":"AM","Sigla_Tipo":"B","Nome_Tipo_":"Eixo Principal","Codigo_SNV":"230BAM2250","Coincidenc":"230BAM2250","Local_Inic":"IGARAPÉ BOA VISTA","Local_Fim":"ENTR BR-307 (BENJAMIN CONSTANT)","Quilometra":1428.4,"Quilomet_1":1518.4,"Extensao":90.0,"Superficie":"PLA","Obra":null,"Unidade_Lo":null,"Administra":"Federal","Estadual_C":null,"Superfic_1":null,"Versao_SNV":"202410A","dt_ini":"2024-10-17","dt_fim":"2029-10-30"},"geometry":{"type":"LineString","coordinates":[[-69.334271,-4.751377],[-70.030681,-4.390643]]}},{"type":"Feature","properties":{"FID":"vw_snv_rod.fid-5c8cc48d_192b545ade1_-7d45","id_snv":277597,"Codigo_BR":174,"Unidade_Fe":"AM","Sigla_Tipo":"B","Nome_Tipo_":"Eixo Principal","Codigo_SNV":"174BAM0540","Coincidenc":"174BAM0540","Local_Inic":"INICIO PISTA DUPLA","Local_Fim":"ENTR AM-010","Quilometra":874.3,"Quilomet_1":883.5,"Extensao":9.2,"Superficie":"PLA","Obra":null,"Unidade_Lo":null,"Administra":"Federal","Estadual_C":null,"Superfic_1":null,"Versao_SNV":"202410A","dt_ini":"2024-10-17","dt_fim":"2029-10-30"},"geometry":{"type":"LineString","coordinates":[[-59.94002,-3.008031],[-59.961169,-3.01105],[-59.964248,-3.012819],[-59.966987,-3.012244],[-59.969923,-3.010923],[-59.975608,-3.005308],[-59.97688,-3.004839],[-59.979428,-3.004911],[-59.981556,-3.003768],[-59.981566,-2.998651],[-59.980554,-2.99744],[-59.980015,-2.996142],[-59.980321,-2.992941],[-59.981332,-2.991989],[-59.985178,-2.991552],[-59.987981,-2.987477],[-59.98973,-2.986369],[-60.008107,-2.985712],[-60.017132,-2.980439]]}},{"type":"Feature","properties":{"FID":"vw_snv_rod.fid-5c8cc48d_192b545ade1_-7d44","id_snv":277598,"Codigo_BR":174,"Unidade_Fe":"AM","Sigla_Tipo":"B","Nome_Tipo_":"Eixo Principal","Codigo_SNV":"174BAM0545","Coincidenc":"174BAM0545","Local_Inic":"ENTR AM-010","Local_Fim":"ENTR AM-010","Quilometra":883.5,"Quilomet_1":884.5,"Extensao":1.0,"Superficie":"PLA","Obra":null,"Unidade_Lo":null,"Administra":"Estadual","Estadual_C":"AM-010","Superfic_1":"DUP","Versao_SNV":"202410A","dt_ini":"2024-10-17","dt_fim":"2029-10-30"},"geometry":{"type":"LineString","coordinates":[[-60.017132,-2.980439],[-60.015944,-2.97729],[-60.015624,-2.972118]]}},{"type":"Feature","properties":{"FID":"vw_snv_rod.fid-5c8cc48d_192b545ade1_-7d43","id_snv":277599,"Codigo_BR":174,"Unidade_Fe":"AM","Sigla_Tipo":"B","Nome_Tipo_":"Eixo Principal","Codigo_SNV":"174BAM0550","Coincidenc":"174BAM0550","Local_Inic":"ENTR AM-010","Local_Fim":"IGARAPÉ TARUMÃ AÇÚ","Quilometra":884.5,"Quilomet_1":914.5,"Extensao":30.0,"Superficie":"PAV","Obra":null,"Unidade_Lo":"Prainha","Administra":"Federal","Estadual_C":null,"Superfic_1":null,"Versao_SNV":"202410A","dt_ini":"2024-10-17","dt_fim":"2029-10-30"},"geometry":{"type":"LineString","coordinates":[[-60.015624,-2.972118],[-60.01657,-2.970526],[-60.02116,-2.965705],[-60.030624,-2.961106],[-60.031876,-2.960058],[-60.032776,-2.958594],[-60.033193,-2.956678],[-60.033825,-2.938872],[-60.035085,-2.928256],[-60.03558,-2.926718],[-60.038055,-2.922526],[-60.038481,-2.921101],[-60.03891,-2.911853],[-60.035503,-2.901758],[-60.035073,-2.892923],[-60.035256,-2.874904],[-60.034748,-2.865691],[-60.035086,-2.864069],[-60.037365,-2.858055],[-60.037521,-2.856648],[-60.037001,-2.854915],[-60.032879,-2.846877],[-60.032469,-2.844453],[-60.037069,-2.806437],[-60.036593,-2.790696],[-60.036464,-2.77034],[-60.037265,-2.7594],[-60.037834,-2.757768],[-60.041751,-2.752862],[-60.042341,-2.751479],[-60.045977,-2.728994],[-60.048419,-2.709914]]}},{"type":"Feature","properties":{"FID":"vw_snv_rod.fid-5c8cc48d_192b545ade1_-7d42","id_snv":277600,"Codigo_BR":174,"Unidade_Fe":"AM","Sigla_Tipo":"B","Nome_Tipo_":"Eixo Principal","Codigo_SNV":"174BAM0555","Coincidenc":"174BAM0555","Local_Inic":"IGARAPÉ TARUMÃ AÇÚ","Local_Fim":"IGARAPÉ CABEÇA BRANCA","Quilometra":914.5,"Quilomet_1":929.3,"Extensao":14.8,"Superficie":"PAV","Obra":null,"Unidade_Lo":"Prainha","Administra":"Federal","Estadual_C":null,"Superfic_1":null,"Versao_SNV":"202410A","dt_ini":"2024-10-17","dt_fim":"2029-10-30"},"geometry":{"type":"LineString","coordinates":[[-60.048419,-2.709914],[-60.049517,-2.70143],[-60.049424,-2.697356],[-60.047423,-2.684862],[-60.046903,-2.678931],[-60.045576,-2.670406],[-60.040137,-2.64264],[-60.040072,-2.625565],[-60.039084,-2.609345],[-60.034905,-2.593376],[-60.032991,-2.587109],[-60.03218,-2.585557]]}},{"type":"Feature","properties":{"FID":"vw_snv_rod.fid-5c8cc48d_192b545ade1_-7d41","id_snv":277601,"Codigo_BR":174,"Unidade_Fe":"AM","Sigla_Tipo":"B","Nome_Tipo_":"Eixo Principal","Codigo_SNV":"174BAM0560","Coincidenc":"174BAM0560","Local_Inic":"IGARAPÉ CABEÇA BRANCA","Local_Fim":"RIO PRETO","Quilometra":929.3,"Quilomet_1":966.9,"Extensao":37.6,"Superficie":"PAV","Obra":null,"Unidade_Lo":"Prainha","Administra":"Federal","Estadual_C":null,"Superfic_1":null,"Versao_SNV":"202410A","dt_ini":"2024-10-17","dt_fim":"2029-10-30"},"geometry":{"type":"LineString","coordinates":[[-60.03218,-2.585557],[-60.027202,-2.577053],[-60.026217,-2.570882],[-60.026246,-2.568634],[-60.02752,-2.564058],[-60.03441,-2.551664],[-60.035167,-2.549674],[-60.037024,-2.54011],[-60.036439,-2.530658],[-60.037554,-2.518743],[-60.036102,-2.503036],[-60.035067,-2.497031],[-60.025011,-2.450841],[-60.024866,-2.448837],[-60.040859,-2.376197],[-60.041978,-2.362973],[-60.045326,-2.345742],[-60.047539,-2.329196],[-60.03949,-2.262945],[-60.038836,-2.260837],[-60.03597,-2.255913]]}},{"type":"Feature","properties":{"FID":"vw_snv_rod.fid-5c8cc48d_192b545ade1_-7d40","id_snv":277602,"Codigo_BR":174,"Unidade_Fe":"AM","Sigla_Tipo":"B","Nome_Tipo_":"Eixo Principal","Codigo_SNV":"174BAM0570","Coincidenc":"174BAM0570","Local_Inic":"RIO PRETO","Local_Fim":"RIO URUBÚ","Quilometra":966.9,"Quilomet_1":983.5,"Extensao":16.6,"Superficie":"PAV","Obra":null,"Unidade_Lo":"Prainha","Administra":"Federal","Estadual_C":null,"Superfic_1":null,"Versao_SNV":"202410A","dt_ini":"2024-10-17","dt_fim":"2029-10-30"},"geometry":{"type":"LineString","coordinates":[[-60.03597,-2.255913],[-60.02822,-2.242212],[-59.996884,-2.13312],[-59.99497,-2.122109],[-59.99433,-2.120648],[-59.991437,-2.116343],[-59.991363,-2.114143]]}},{"type":"Feature","properties":{"FID":"vw_snv_rod.fid-5c8cc48d_192b545ade1_-7d3f","id_snv":277563,"Codigo_BR":174,"Unidade_Fe":"AM","Sigla_Tipo":"B","Nome_Tipo_":"Eixo Principal","Codigo_SNV":"174BAM0230","Coincidenc":"174BAM0230","Local_Inic":"DIV MT/AM","Local_Fim":"DEZ DIAS","Quilometra":0.0,"Quilomet_1":55.0,"Extensao":55.0,"Superficie":"PLA","Obra":null,"Unidade_Lo":null,"Administra":"Federal","Estadual_C":null,"Superfic_1":null,"Versao_SNV":"202410A","dt_ini":"2024-10-17","dt_fim":"2029-10-30"},"geometry":{"type":"LineString","coordinates":[[-60.207357,-8.798181],[-60.567097,-8.439612]]}},{"type":"Feature","properties":{"FID":"vw_snv_rod.fid-5c8cc48d_192b545ade1_-7d3e","id_snv":277564,"Codigo_BR":174,"Unidade_Fe":"AM","Sigla_Tipo":"B","Nome_Tipo_":"Eixo Principal","Codigo_SNV":"174BAM0250","Coincidenc":"174BAM0250","Local_Inic":"DEZ DIAS","Local_Fim":"SANTO ANTÔNIO","Quilometra":55.0,"Quilomet_1":130.0,"Extensao":75.0,"Superficie":"PLA","Obra":null,"Unidade_Lo":null,"Administra":"Federal","Estadual_C":null,"Superfic_1":null,"Versao_SNV":"202410A","dt_ini":"2024-10-17","dt_fim":"2029-10-30"},"geometry":{"type":"LineString","coordinates":[[-60.567097,-8.439612],[-60.260155,-7.825727]]}},{"type":"Feature","properties":{"FID":"vw_snv_rod.fid-5c8cc48d_192b545ade1_-7d3d","id_snv":277565,"Codigo_BR":174,"Unidade_Fe":"AM","Sigla_Tipo":"B","Nome_Tipo_":"Eixo Principal","Codigo_SNV":"174BAM0270","Coincidenc":"174BAM0270","Local_Inic":"SANTO ANTÔNIO","Local_Fim":"ARUANÃ","Quilometra":130.0,"Quilomet_1":180.0,"Extensao":50.0,"Superficie":"PLA","Obra":null,"Unidade_Lo":null,"Administra":"Federal","Estadual_C":null,"Superfic_1":null,"Versao_SNV":"202410A","dt_ini":"2024-10-17","dt_fim":"2029-10-30"},"geometry":{"type":"LineString","coordinates":[[-60.260155,-7.825727],[-60.671796,-7.605907]]}},{"type":"Feature","properties":{"FID":"vw_snv_rod.fid-5c8cc48d_192b545ade1_-7d3c","id_snv":277566,"Codigo_BR":174,"Unidade_Fe":"AM","Sigla_Tipo":"B","Nome_Tipo_":"Eixo Principal","Codigo_SNV":"174BAM0290","Coincidenc":"174BAM0290","Local_Inic":"ARUANÃ","Local_Fim":"ENTR BR-230","Quilometra":180.0,"Quilomet_1":195.0,"Extensao":15.0,"Superficie":"PLA","Obra":null,"Unidade_Lo":null,"Administra":"Federal","Estadual_C":null,"Superfic_1":null,"Versao_SNV":"202410A","dt_ini":"2024-10-17","dt_fim":"2029-10-30"},"geometry":{"type":"LineString","coordinates":[[-60.671796,-7.605907],[-60.600062,-7.506326],[-60.599634,-7.505384]]}},{"type":"Feature","properties":{"FID":"vw_snv_rod.fid-5c8cc48d_192b545ade1_-7d3b","id_snv":277567,"Codigo_BR":174,"Unidade_Fe":"AM","Sigla_Tipo":"B","Nome_Tipo_":"Eixo Principal","Codigo_SNV":"174BAM0300","Coincidenc":"174BAM0300","Local_Inic":"ENTR BR-230","Local_Fim":"PRAINHA","Quilometra":195.0,"Quilomet_1":227.0,"Extensao":32.0,"Superficie":"IMP","Obra":null,"Unidade_Lo":"Humaitá","Administra":"Federal","Estadual_C":null,"Superfic_1":null,"Versao_SNV":"202410A","dt_ini":"2024-10-17","dt_fim":"2029-10-30"},"geometry":{"type":"LineString","coordinates":[[-60.599634,-7.505384],[-60.606441,-7.482575],[-60.611705,-7.455087],[-60.612442,-7.452658],[-60.611609,-7.450262],[-60.605063,-7.421369],[-60.613363,-7.380207],[-60.613198,-7.33904],[-60.619231,-7.300428],[-60.620465,-7.283623],[-60.625638,-7.263899],[-60.634612,-7.245396],[-60.648091,-7.232125]]}},{"type":"Feature","properties":{"FID":"vw_snv_rod.fid-5c8cc48d_192b545ade1_-7d3a","id_snv":277568,"Codigo_BR":174,"Unidade_Fe":"AM","Sigla_Tipo":"B","Nome_Tipo_":"Eixo Principal","Codigo_SNV":"174BAM0310","Coincidenc":"174BAM0310","Local_Inic":"PRAINHA","Local_Fim":"CAPITARÍ","Quilometra":227.0,"Quilomet_1":300.0,"Extensao":73.0,"Superficie":"PLA","Obra":null,"Unidade_Lo":null,"Administra":"Federal","Estadual_C":null,"Superfic_1":null,"Versao_SNV":"202410A","dt_ini":"2024-10-17","dt_fim":"2029-10-30"},"geometry":{"type":"LineString","coordinates":[[-60.648091,-7.232125],[-60.642234,-7.22578],[-60.558909,-6.525873]]}},{"type":"Feature","properties":{"FID":"vw_snv_rod.fid-5c8cc48d_192b545ade1_-7d39","id_snv":277569,"Codigo_BR":174,"Unidade_Fe":"AM","Sigla_Tipo":"B","Nome_Tipo_":"Eixo Principal","Codigo_SNV":"174BAM0330","Coincidenc":"174BAM0330","Local_Inic":"CAPITARÍ","Local_Fim":"RIO ARUÁ","Quilometra":300.0,"Quilomet_1":340.0,"Extensao":40.0,"Superficie":"PLA","Obra":null,"Unidade_Lo":null,"Administra":"Federal","Estadual_C":null,"Superfic_1":null,"Versao_SNV":"202410A","dt_ini":"2024-10-17","dt_fim":"2029-10-30"},"geometry":{"type":"LineString","coordinates":[[-60.558909,-6.525873],[-60.820106,-6.273102]]}},{"type":"Feature","properties":{"FID":"vw_snv_rod.fid-5c8cc48d_192b545ade1_-7d38","id_snv":277570,"Codigo_BR":174,"Unidade_Fe":"AM","Sigla_Tipo":"B","Nome_Tipo_":"Eixo Principal","Codigo_SNV":"174BAM0350","Coincidenc":"174BAM0350","Local_Inic":"RIO ARUÁ","Local_Fim":"ENTR AM-364(A) (MANICORÉ - INÍCIO TRAV RIO MADEIRA)","Quilometra":340.0,"Quilomet_1":412.0,"Extensao":72.0,"Superficie":"PLA","Obra":null,"Unidade_Lo":null,"Administra":"Federal","Estadual_C":null,"Superfic_1":null,"Versao_SNV":"202410A","dt_ini":"2024-10-17","dt_fim":"2029-10-30"},"geometry":{"type":"LineString","coordinates":[[-60.820106,-6.273102],[-60.83447,-6.259201],[-61.261078,-5.835483],[-61.290903,-5.821363]]}},{"type":"Feature","properties":{"FID":"vw_snv_rod.fid-5c8cc48d_192b545ade1_-7d37","id_snv":277571,"Codigo_BR":174,"Unidade_Fe":"AM","Sigla_Tipo":"B","Nome_Tipo_":"Eixo Principal","Codigo_SNV":"174BAM0355","Coincidenc":"174BAM0355","Local_Inic":"ENTR AM-364(A) (MANICORÉ - INÍCIO TRAV RIO MADEIRA)","Local_Fim":"FIM TRAV RIO MADEIRA","Quilometra":412.0,"Quilomet_1":428.0,"Extensao":16.0,"Superficie":"TRV","Obra":null,"Unidade_Lo":null,"Administra":"Federal","Estadual_C":null,"Superfic_1":null,"Versao_SNV":"202410A","dt_ini":"2024-10-17","dt_fim":"2029-10-30"},"geometry":{"type":"LineString","coordinates":[[-61.290903,-5.821363],[-61.310286,-5.822035],[-61.328181,-5.84494],[-61.347654,-5.841186],[-61.375909,-5.802044],[-61.400953,-5.795256],[-61.429822,-5.799498]]}},{"type":"Feature","properties":{"FID":"vw_snv_rod.fid-5c8cc48d_192b545ade1_-7d36","id_snv":277572,"Codigo_BR":174,"Unidade_Fe":"AM","Sigla_Tipo":"B","Nome_Tipo_":"Eixo Principal","Codigo_SNV":"174BAM0370","Coincidenc":"174BAM0370","Local_Inic":"FIM TRAV RIO MADEIRA","Local_Fim":"PONTE S/ IGARAPÉ JATUARANA","Quilometra":428.0,"Quilomet_1":436.5,"Extensao":8.5,"Superficie":"PLA","Obra":null,"Unidade_Lo":null,"Administra":"Estadual","Estadual_C":"Alienado","Superfic_1":"IMP","Versao_SNV":"202410A","dt_ini":"2024-10-17","dt_fim":"2029-10-30"},"geometry":{"type":"LineString","coordinates":[[-61.429822,-5.799498],[-61.445228,-5.793492],[-61.44596,-5.792143],[-61.457457,-5.738773],[-61.457087,-5.736721],[-61.456075,-5.734531]]}},{"type":"Feature","properties":{"FID":"vw_snv_rod.fid-5c8cc48d_192b545ade1_-7d35","id_snv":277573,"Codigo_BR":174,"Unidade_Fe":"AM","Sigla_Tipo":"B","Nome_Tipo_":"Eixo Principal","Codigo_SNV":"174BAM0372","Coincidenc":"174BAM0372","Local_Inic":"PONTE S/ IGARAPÉ JATUARANA","Local_Fim":"PONTE S/ RIO AMAPÁ","Quilometra":436.5,"Quilomet_1":472.3,"Extensao":35.8,"Superficie":"PLA","Obra":null,"Unidade_Lo":null,"Administra":"Estadual","Estadual_C":"Alienado","Superfic_1":"IMP","Versao_SNV":"202410A","dt_ini":"2024-10-17","dt_fim":"2029-10-30"},"geometry":{"type":"LineString","coordinates":[[-61.456075,-5.734531],[-61.453405,-5.728223],[-61.452781,-5.628207],[-61.463406,-5.615995],[-61.583755,-5.483324],[-61.583774,-5.480353],[-61.583365,-5.478568]]}},{"type":"Feature","properties":{"FID":"vw_snv_rod.fid-5c8cc48d_192b545ade1_-7d34","id_snv":277574,"Codigo_BR":174,"Unidade_Fe":"AM","Sigla_Tipo":"B","Nome_Tipo_":"Eixo Principal","Codigo_SNV":"174BAM0375","Coincidenc":"174BAM0375","Local_Inic":"PONTE S/ RIO AMAPÁ","Local_Fim":"PONTE S/ RIO MATUPIRI","Quilometra":472.3,"Quilomet_1":503.7,"Extensao":31.4,"Superficie":"PLA","Obra":null,"Unidade_Lo":null,"Administra":"Estadual","Estadual_C":"Alienado","Superfic_1":"IMP","Versao_SNV":"202410A","dt_ini":"2024-10-17","dt_fim":"2029-10-30"},"geometry":{"type":"LineString","coordinates":[[-61.583365,-5.478568],[-61.581671,-5.469801],[-61.584699,-5.463606],[-61.63762,-5.409306],[-61.717393,-5.322212],[-61.780188,-5.252208]]}},{"type":"Feature","properties":{"FID":"vw_snv_rod.fid-5c8cc48d_192b545ade1_-7d33","id_snv":277588,"Codigo_BR":174,"Unidade_Fe":"AM","Sigla_Tipo":"B","Nome_Tipo_":"Eixo Principal","Codigo_SNV":"174BAM0475","Coincidenc":"174BAM0475;319BAM0050","Local_Inic":"RIO AUTAZ MIRIM","Local_Fim":"RIO CURUÇÁ","Quilometra":833.6,"Quilomet_1":834.9,"Extensao":1.3,"Superficie":"PAV","Obra":null,"Unidade_Lo":"Castanho","Administra":"Federal","Estadual_C":null,"Superfic_1":null,"Versao_SNV":"202410A","dt_ini":"2024-10-17","dt_fim":"2029-10-30"},"geometry":{"type":"LineString","coordinates":[[-59.863639,-3.283817],[-59.861564,-3.281142],[-59.856846,-3.278233],[-59.854502,-3.275072]]}},{"type":"Feature","properties":{"FID":"vw_snv_rod.fid-5c8cc48d_192b545ade1_-7d32","id_snv":277590,"Codigo_BR":174,"Unidade_Fe":"AM","Sigla_Tipo":"B","Nome_Tipo_":"Eixo Principal","Codigo_SNV":"174BAM0485","Coincidenc":"174BAM0485;319BAM0040","Local_Inic":"RIO CAPITARI","Local_Fim":"INÍCIO TRAVESSIA RIO AMAZONAS (CAREIRO)","Quilometra":842.2,"Quilomet_1":845.2,"Extensao":3.0,"Superficie":"PAV","Obra":null,"Unidade_Lo":"Castanho","Administra":"Federal","Estadual_C":null,"Superfic_1":null,"Versao_SNV":"202410A","dt_ini":"2024-10-17","dt_fim":"2029-10-30"},"geometry":{"type":"LineString","coordinates":[[-59.869028,-3.214616],[-59.8706,-3.208067],[-59.86913,-3.197505],[-59.868712,-3.190245]]}},{"type":"Feature","properties":{"FID":"vw_snv_rod.fid-5c8cc48d_192b545ade1_-7d31","id_snv":277591,"Codigo_BR":174,"Unidade_Fe":"AM","Sigla_Tipo":"B","Nome_Tipo_":"Eixo Principal","Codigo_SNV":"174BAM0490","Coincidenc":"174BAM0490;319BAM0030","Local_Inic":"INÍCIO TRAVESSIA RIO AMAZONAS (CAREIRO)","Local_Fim":"FIM TRAVESSIA RIO AMAZONAS","Quilometra":845.2,"Quilomet_1":857.2,"Extensao":12.0,"Superficie":"TRV","Obra":null,"Unidade_Lo":null,"Administra":"Federal","Estadual_C":null,"Superfic_1":null,"Versao_SNV":"202410A","dt_ini":"2024-10-17","dt_fim":"2029-10-30"},"geometry":{"type":"LineString","coordinates":[[-59.868712,-3.190245],[-59.887837,-3.182687],[-59.895278,-3.140065],[-59.904035,-3.128866],[-59.925389,-3.139131],[-59.939919,-3.134505]]}},{"type":"Feature","properties":{"FID":"vw_snv_rod.fid-5c8cc48d_192b545ade1_-7d30","id_snv":277592,"Codigo_BR":174,"Unidade_Fe":"AM","Sigla_Tipo":"B","Nome_Tipo_":"Eixo Principal","Codigo_SNV":"174BAM0510","Coincidenc":"174BAM0510;319BAM0020","Local_Inic":"FIM TRAVESSIA RIO AMAZONAS","Local_Fim":"ENTR BR-319(B) (POLÍCIA RODOVIÁRIA FEDERAL (MANAUS))","Quilometra":857.2,"Quilomet_1":858.2,"Extensao":1.0,"Superficie":"PAV","Obra":null,"Unidade_Lo":"Castanho","Administra":"Federal","Estadual_C":null,"Superfic_1":null,"Versao_SNV":"202410A","dt_ini":"2024-10-17","dt_fim":"2029-10-30"},"geometry":{"type":"LineString","coordinates":[[-59.939919,-3.134505],[-59.947466,-3.129615]]}},{"type":"Feature","properties":{"FID":"vw_snv_rod.fid-5c8cc48d_192b545ade1_-7d2f","id_snv":277593,"Codigo_BR":174,"Unidade_Fe":"AM","Sigla_Tipo":"B","Nome_Tipo_":"Eixo Principal","Codigo_SNV":"174BAM0515","Coincidenc":"174BAM0515","Local_Inic":"ENTR BR-319(B) (POLÍCIA RODOVIÁRIA FEDERAL (MANAUS))","Local_Fim":"AV. GUARUBA","Quilometra":858.2,"Quilomet_1":859.2,"Extensao":1.0,"Superficie":"PLA","Obra":null,"Unidade_Lo":null,"Administra":"Municipal","Estadual_C":"Municipal","Superfic_1":"DUP","Versao_SNV":"202410A","dt_ini":"2024-10-17","dt_fim":"2029-10-30"},"geometry":{"type":"LineString","coordinates":[[-59.947466,-3.129615],[-59.951236,-3.127723],[-59.956444,-3.128159]]}},{"type":"Feature","properties":{"FID":"vw_snv_rod.fid-5c8cc48d_192b545ade1_-7d2e","id_snv":277594,"Codigo_BR":174,"Unidade_Fe":"AM","Sigla_Tipo":"B","Nome_Tipo_":"Eixo Principal","Codigo_SNV":"174BAM0520","Coincidenc":"174BAM0520","Local_Inic":"AV. GUARUBA","Local_Fim":"ENTR AM-020","Quilometra":859.2,"Quilomet_1":865.8,"Extensao":6.6,"Superficie":"PLA","Obra":null,"Unidade_Lo":null,"Administra":"Municipal","Estadual_C":"Municipal","Superfic_1":"DUP","Versao_SNV":"202410A","dt_ini":"2024-10-17","dt_fim":"2029-10-30"},"geometry":{"type":"LineString","coordinates":[[-59.956444,-3.128159],[-59.95281,-3.121056],[-59.951719,-3.115377],[-59.946126,-3.113697],[-59.944973,-3.112035],[-59.949225,-3.08797],[-59.955858,-3.079765],[-59.955908,-3.0757]]}},{"type":"Feature","properties":{"FID":"vw_snv_rod.fid-5c8cc48d_192b545ade1_-7d2d","id_snv":277595,"Codigo_BR":174,"Unidade_Fe":"AM","Sigla_Tipo":"B","Nome_Tipo_":"Eixo Principal","Codigo_SNV":"174BAM0530","Coincidenc":"174BAM0530","Local_Inic":"ENTR AM-020","Local_Fim":"FIM PISTA DUPLA","Quilometra":865.8,"Quilomet_1":872.1,"Extensao":6.3,"Superficie":"PLA","Obra":null,"Unidade_Lo":null,"Administra":"Municipal","Estadual_C":"Municipal","Superfic_1":"DUP","Versao_SNV":"202410A","dt_ini":"2024-10-17","dt_fim":"2029-10-30"},"geometry":{"type":"LineString","coordinates":[[-59.955908,-3.0757],[-59.955677,-3.073973],[-59.945265,-3.051339],[-59.940287,-3.037033],[-59.933789,-3.024958]]}},{"type":"Feature","properties":{"FID":"vw_snv_rod.fid-5c8cc48d_192b545ade1_-7d2c","id_snv":277596,"Codigo_BR":174,"Unidade_Fe":"AM","Sigla_Tipo":"B","Nome_Tipo_":"Eixo Principal","Codigo_SNV":"174BAM0535","Coincidenc":"174BAM0535","Local_Inic":"FIM PISTA DUPLA","Local_Fim":"INICIO PISTA DUPLA","Quilometra":872.1,"Quilomet_1":874.3,"Extensao":2.2,"Superficie":"PLA","Obra":null,"Unidade_Lo":null,"Administra":"Municipal","Estadual_C":"Municipal","Superfic_1":"EOD","Versao_SNV":"202410A","dt_ini":"2024-10-17","dt_fim":"2029-10-30"},"geometry":{"type":"LineString","coordinates":[[-59.933789,-3.024958],[-59.938059,-3.019512],[-59.94002,-3.008031]]}},{"type":"Feature","properties":{"FID":"vw_snv_rod.fid-5c8cc48d_192b545ade1_-7d2b","id_snv":277589,"Codigo_BR":174,"Unidade_Fe":"AM","Sigla_Tipo":"B","Nome_Tipo_":"Eixo Principal","Codigo_SNV":"174BAM0480","Coincidenc":"174BAM0480;319BAM0045","Local_Inic":"RIO CURUÇÁ","Local_Fim":"RIO CAPITARI","Quilometra":834.9,"Quilomet_1":842.2,"Extensao":7.3,"Superficie":"PAV","Obra":null,"Unidade_Lo":"Castanho","Administra":"Federal","Estadual_C":null,"Superfic_1":null,"Versao_SNV":"202410A","dt_ini":"2024-10-17","dt_fim":"2029-10-30"},"geometry":{"type":"LineString","coordinates":[[-59.854502,-3.275072],[-59.853325,-3.272761],[-59.853036,-3.269812],[-59.856098,-3.255155],[-59.856952,-3.253461],[-59.866219,-3.240645],[-59.8673,-3.238174],[-59.86743,-3.235055],[-59.865815,-3.229274],[-59.865668,-3.227354],[-59.869028,-3.214616]]}},{"type":"Feature","properties":{"FID":"vw_snv_rod.fid-5c8cc48d_192b545ade1_-7d2a","id_snv":277603,"Codigo_BR":174,"Unidade_Fe":"AM","Sigla_Tipo":"B","Nome_Tipo_":"Eixo Principal","Codigo_SNV":"174BAM0575","Coincidenc":"174BAM0575","Local_Inic":"RIO URUBÚ","Local_Fim":"ENTR AM-240 (USINA HIDROELÉTRICA BALBINA)","Quilometra":983.5,"Quilomet_1":987.6,"Extensao":4.1,"Superficie":"PAV","Obra":null,"Unidade_Lo":"Prainha","Administra":"Federal","Estadual_C":null,"Superfic_1":null,"Versao_SNV":"202410A","dt_ini":"2024-10-17","dt_fim":"2029-10-30"},"geometry":{"type":"LineString","coordinates":[[-59.991363,-2.114143],[-59.995152,-2.101887],[-60.0075,-2.081032]]}},{"type":"Feature","properties":{"FID":"vw_snv_rod.fid-5c8cc48d_192b545ade1_-7d29","id_snv":277611,"Codigo_BR":174,"Unidade_Fe":"AM","Sigla_Tipo":"B","Nome_Tipo_":"Eixo Principal","Codigo_SNV":"174BAM0612","Coincidenc":"174BAM0612","Local_Inic":"IGARAPÉ CORUJA","Local_Fim":"IGARAPÉ PICANÇO","Quilometra":1056.5,"Quilomet_1":1058.1,"Extensao":1.6,"Superficie":"PAV","Obra":null,"Unidade_Lo":"Prainha","Administra":"Federal","Estadual_C":null,"Superfic_1":null,"Versao_SNV":"202410A","dt_ini":"2024-10-17","dt_fim":"2029-10-30"},"geometry":{"type":"LineString","coordinates":[[-60.238256,-1.534869],[-60.244058,-1.523338]]}},{"type":"Feature","properties":{"FID":"vw_snv_rod.fid-5c8cc48d_192b545ade1_-7d28","id_snv":277604,"Codigo_BR":174,"Unidade_Fe":"AM","Sigla_Tipo":"B","Nome_Tipo_":"Eixo Principal","Codigo_SNV":"174BAM0580","Coincidenc":"174BAM0580","Local_Inic":"ENTR AM-240 (USINA HIDROELÉTRICA BALBINA)","Local_Fim":"INÍCIO DUPLICAÇÃO (PRESIDENTE FIGUEIREDO)","Quilometra":987.6,"Quilomet_1":990.8,"Extensao":3.2,"Superficie":"PAV","Obra":null,"Unidade_Lo":"Prainha","Administra":"Federal","Estadual_C":null,"Superfic_1":null,"Versao_SNV":"202410A","dt_ini":"2024-10-17","dt_fim":"2029-10-30"},"geometry":{"type":"LineString","coordinates":[[-60.0075,-2.081032],[-60.022429,-2.055813]]}},{"type":"Feature","properties":{"FID":"vw_snv_rod.fid-5c8cc48d_192b545ade1_-7d27","id_snv":277605,"Codigo_BR":174,"Unidade_Fe":"AM","Sigla_Tipo":"B","Nome_Tipo_":"Eixo Principal","Codigo_SNV":"174BAM0582","Coincidenc":"174BAM0582","Local_Inic":"INÍCIO DUPLICAÇÃO (PRESIDENTE FIGUEIREDO)","Local_Fim":"IGARAPÉ VEADOS (PRESIDENTE FIGUEIREDO)","Quilometra":990.8,"Quilomet_1":991.8,"Extensao":1.0,"Superficie":"DUP","Obra":null,"Unidade_Lo":"Prainha","Administra":"Federal","Estadual_C":null,"Superfic_1":null,"Versao_SNV":"202410A","dt_ini":"2024-10-17","dt_fim":"2029-10-30"},"geometry":{"type":"LineString","coordinates":[[-60.022429,-2.055813],[-60.02524,-2.050976],[-60.025713,-2.049822],[-60.025601,-2.049285],[-60.026013,-2.048824],[-60.02602,-2.047894]]}},{"type":"Feature","properties":{"FID":"vw_snv_rod.fid-5c8cc48d_192b545ade1_-7d26","id_snv":277612,"Codigo_BR":174,"Unidade_Fe":"AM","Sigla_Tipo":"B","Nome_Tipo_":"Eixo Principal","Codigo_SNV":"174BAM0615","Coincidenc":"174BAM0615","Local_Inic":"IGARAPÉ PICANÇO","Local_Fim":"IGARAPÉ ITABOCA","Quilometra":1058.1,"Quilomet_1":1064.7,"Extensao":6.6,"Superficie":"PAV","Obra":null,"Unidade_Lo":"Prainha","Administra":"Federal","Estadual_C":null,"Superfic_1":null,"Versao_SNV":"202410A","dt_ini":"2024-10-17","dt_fim":"2029-10-30"},"geometry":{"type":"LineString","coordinates":[[-60.244058,-1.523338],[-60.250873,-1.50968],[-60.277461,-1.472094]]}},{"type":"Feature","properties":{"FID":"vw_snv_rod.fid-5c8cc48d_192b545ade1_-7d25","id_snv":277613,"Codigo_BR":174,"Unidade_Fe":"AM","Sigla_Tipo":"B","Nome_Tipo_":"Eixo Principal","Codigo_SNV":"174BAM0620","Coincidenc":"174BAM0620","Local_Inic":"IGARAPÉ ITABOCA","Local_Fim":"INÍCIO TERRA INDÍGENA (RIO SANTO ANTÔNIO DA ABONARÍ)","Quilometra":1064.7,"Quilomet_1":1093.3,"Extensao":28.6,"Superficie":"PAV","Obra":null,"Unidade_Lo":"Prainha","Administra":"Federal","Estadual_C":null,"Superfic_1":null,"Versao_SNV":"202410A","dt_ini":"2024-10-17","dt_fim":"2029-10-30"},"geometry":{"type":"LineString","coordinates":[[-60.277461,-1.472094],[-60.279561,-1.469244],[-60.289127,-1.459748],[-60.295469,-1.447093],[-60.343282,-1.379366],[-60.344631,-1.377955],[-60.348237,-1.37576],[-60.350609,-1.372223],[-60.352263,-1.370359],[-60.357402,-1.367967],[-60.359267,-1.366288],[-60.360142,-1.364072],[-60.359996,-1.357327],[-60.360882,-1.354666],[-60.373966,-1.341114],[-60.37805,-1.33416],[-60.378643,-1.332626],[-60.380189,-1.330545],[-60.39413,-1.306786],[-60.404882,-1.294029],[-60.40564,-1.292018],[-60.408273,-1.277792],[-60.406477,-1.265417],[-60.406299,-1.261401]]}},{"type":"Feature","properties":{"FID":"vw_snv_rod.fid-5c8cc48d_192b545ade1_-7d24","id_snv":277614,"Codigo_BR":174,"Unidade_Fe":"AM","Sigla_Tipo":"B","Nome_Tipo_":"Eixo Principal","Codigo_SNV":"174BAM0630","Coincidenc":"174BAM0630","Local_Inic":"INÍCIO TERRA INDÍGENA (RIO SANTO ANTÔNIO DA ABONARÍ)","Local_Fim":"IGARAPÉ ORLANDO","Quilometra":1093.3,"Quilomet_1":1115.8,"Extensao":22.5,"Superficie":"PAV","Obra":null,"Unidade_Lo":"Prainha","Administra":"Federal","Estadual_C":null,"Superfic_1":null,"Versao_SNV":"202410A","dt_ini":"2024-10-17","dt_fim":"2029-10-30"},"geometry":{"type":"LineString","coordinates":[[-60.406299,-1.261401],[-60.406446,-1.259559],[-60.407522,-1.256585],[-60.410405,-1.245659],[-60.422557,-1.230121],[-60.433492,-1.201391],[-60.438241,-1.173815],[-60.445278,-1.136161],[-60.446121,-1.134019],[-60.458789,-1.110418],[-60.46213,-1.088406],[-60.468342,-1.068786]]}},{"type":"Feature","properties":{"FID":"vw_snv_rod.fid-5c8cc48d_192b545ade1_-7d23","id_snv":277606,"Codigo_BR":174,"Unidade_Fe":"AM","Sigla_Tipo":"B","Nome_Tipo_":"Eixo Principal","Codigo_SNV":"174BAM0585","Coincidenc":"174BAM0585","Local_Inic":"IGARAPÉ VEADOS (PRESIDENTE FIGUEIREDO)","Local_Fim":"IGARAPÉ LAGES","Quilometra":991.8,"Quilomet_1":997.7,"Extensao":5.9,"Superficie":"PAV","Obra":null,"Unidade_Lo":"Prainha","Administra":"Federal","Estadual_C":null,"Superfic_1":null,"Versao_SNV":"202410A","dt_ini":"2024-10-17","dt_fim":"2029-10-30"},"geometry":{"type":"LineString","coordinates":[[-60.02602,-2.047894],[-60.025964,-2.029514],[-60.026629,-1.994507]]}},{"type":"Feature","properties":{"FID":"vw_snv_rod.fid-5c8cc48d_192b545ade1_-7d22","id_snv":277607,"Codigo_BR":174,"Unidade_Fe":"AM","Sigla_Tipo":"B","Nome_Tipo_":"Eixo Principal","Codigo_SNV":"174BAM0590","Coincidenc":"174BAM0590","Local_Inic":"IGARAPÉ LAGES","Local_Fim":"IGARAPÉ SANTA CRUZ","Quilometra":997.7,"Quilomet_1":1008.3,"Extensao":10.6,"Superficie":"PAV","Obra":null,"Unidade_Lo":"Prainha","Administra":"Federal","Estadual_C":null,"Superfic_1":null,"Versao_SNV":"202410A","dt_ini":"2024-10-17","dt_fim":"2029-10-30"},"geometry":{"type":"LineString","coordinates":[[-60.026629,-1.994507],[-60.031481,-1.969507],[-60.061643,-1.906232]]}},{"type":"Feature","properties":{"FID":"vw_snv_rod.fid-5c8cc48d_192b545ade1_-7d21","id_snv":277608,"Codigo_BR":174,"Unidade_Fe":"AM","Sigla_Tipo":"B","Nome_Tipo_":"Eixo Principal","Codigo_SNV":"174BAM0595","Coincidenc":"174BAM0595","Local_Inic":"IGARAPÉ SANTA CRUZ","Local_Fim":"IGARAPÉ CANOAS","Quilometra":1008.3,"Quilomet_1":1018.3,"Extensao":10.0,"Superficie":"PAV","Obra":null,"Unidade_Lo":"Prainha","Administra":"Federal","Estadual_C":null,"Superfic_1":null,"Versao_SNV":"202410A","dt_ini":"2024-10-17","dt_fim":"2029-10-30"},"geometry":{"type":"LineString","coordinates":[[-60.061643,-1.906232],[-60.080533,-1.86644],[-60.082969,-1.862646],[-60.085259,-1.859934],[-60.086804,-1.858939],[-60.095982,-1.856332],[-60.097445,-1.855439],[-60.112823,-1.840314],[-60.115227,-1.838466]]}},{"type":"Feature","properties":{"FID":"vw_snv_rod.fid-5c8cc48d_192b545ade1_-7d20","id_snv":277609,"Codigo_BR":174,"Unidade_Fe":"AM","Sigla_Tipo":"B","Nome_Tipo_":"Eixo Principal","Codigo_SNV":"174BAM0600","Coincidenc":"174BAM0600","Local_Inic":"IGARAPÉ CANOAS","Local_Fim":"IGARAPÉ CANASTRA","Quilometra":1018.3,"Quilomet_1":1021.2,"Extensao":2.9,"Superficie":"PAV","Obra":null,"Unidade_Lo":"Prainha","Administra":"Federal","Estadual_C":null,"Superfic_1":null,"Versao_SNV":"202410A","dt_ini":"2024-10-17","dt_fim":"2029-10-30"},"geometry":{"type":"LineString","coordinates":[[-60.115227,-1.838466],[-60.120632,-1.834994],[-60.124749,-1.833428],[-60.128717,-1.831465],[-60.136667,-1.824904]]}},{"type":"Feature","properties":{"FID":"vw_snv_rod.fid-5c8cc48d_192b545ade1_-7d1f","id_snv":277610,"Codigo_BR":174,"Unidade_Fe":"AM","Sigla_Tipo":"B","Nome_Tipo_":"Eixo Principal","Codigo_SNV":"174BAM0610","Coincidenc":"174BAM0610","Local_Inic":"IGARAPÉ CANASTRA","Local_Fim":"IGARAPÉ CORUJA","Quilometra":1021.2,"Quilomet_1":1056.5,"Extensao":35.3,"Superficie":"PAV","Obra":null,"Unidade_Lo":"Prainha","Administra":"Federal","Estadual_C":null,"Superfic_1":null,"Versao_SNV":"202410A","dt_ini":"2024-10-17","dt_fim":"2029-10-30"},"geometry":{"type":"LineString","coordinates":[[-60.136667,-1.824904],[-60.142955,-1.819678],[-60.145014,-1.816713],[-60.145668,-1.814831],[-60.146603,-1.809428],[-60.146128,-1.802696],[-60.141888,-1.788207],[-60.14185,-1.785186],[-60.143985,-1.765147],[-60.145817,-1.759662],[-60.148322,-1.754704],[-60.148727,-1.749072],[-60.154212,-1.735078],[-60.15428,-1.733164],[-60.152805,-1.716722],[-60.156232,-1.694258],[-60.1805,-1.653104],[-60.238256,-1.534869]]}},{"type":"Feature","properties":{"FID":"vw_snv_rod.fid-5c8cc48d_192b545ade1_-7d1e","id_snv":277615,"Codigo_BR":174,"Unidade_Fe":"AM","Sigla_Tipo":"B","Nome_Tipo_":"Eixo Principal","Codigo_SNV":"174BAM0635","Coincidenc":"174BAM0635","Local_Inic":"IGARAPÉ ORLANDO","Local_Fim":"RIO TAQUARI","Quilometra":1115.8,"Quilomet_1":1120.8,"Extensao":5.0,"Superficie":"PAV","Obra":null,"Unidade_Lo":"Prainha","Administra":"Federal","Estadual_C":null,"Superfic_1":null,"Versao_SNV":"202410A","dt_ini":"2024-10-17","dt_fim":"2029-10-30"},"geometry":{"type":"LineString","coordinates":[[-60.468342,-1.068786],[-60.48146,-1.025381]]}},{"type":"Feature","properties":{"FID":"vw_snv_rod.fid-5c8cc48d_192b545ade1_-7d1d","id_snv":277616,"Codigo_BR":174,"Unidade_Fe":"AM","Sigla_Tipo":"B","Nome_Tipo_":"Eixo Principal","Codigo_SNV":"174BAM0640","Coincidenc":"174BAM0640","Local_Inic":"RIO TAQUARI","Local_Fim":"IGARAPÉ BENITO","Quilometra":1120.8,"Quilomet_1":1124.7,"Extensao":3.9,"Superficie":"PAV","Obra":null,"Unidade_Lo":"Prainha","Administra":"Federal","Estadual_C":null,"Superfic_1":null,"Versao_SNV":"202410A","dt_ini":"2024-10-17","dt_fim":"2029-10-30"},"geometry":{"type":"LineString","coordinates":[[-60.48146,-1.025381],[-60.491238,-0.991506]]}},{"type":"Feature","properties":{"FID":"vw_snv_rod.fid-5c8cc48d_192b545ade1_-7d1c","id_snv":277617,"Codigo_BR":174,"Unidade_Fe":"AM","Sigla_Tipo":"B","Nome_Tipo_":"Eixo Principal","Codigo_SNV":"174BAM0645","Coincidenc":"174BAM0645","Local_Inic":"IGARAPÉ BENITO","Local_Fim":"IGARAPÉ TIARAJÚ","Quilometra":1124.7,"Quilomet_1":1138.5,"Extensao":13.8,"Superficie":"PAV","Obra":null,"Unidade_Lo":"Prainha","Administra":"Federal","Estadual_C":null,"Superfic_1":null,"Versao_SNV":"202410A","dt_ini":"2024-10-17","dt_fim":"2029-10-30"},"geometry":{"type":"LineString","coordinates":[[-60.491238,-0.991506],[-60.505941,-0.942442],[-60.520106,-0.898058],[-60.519933,-0.895485],[-60.514575,-0.872449]]}},{"type":"Feature","properties":{"FID":"vw_snv_rod.fid-5c8cc48d_192b545ade1_-7d1b","id_snv":277618,"Codigo_BR":174,"Unidade_Fe":"AM","Sigla_Tipo":"B","Nome_Tipo_":"Eixo Principal","Codigo_SNV":"174BAM0650","Coincidenc":"174BAM0650","Local_Inic":"IGARAPÉ TIARAJÚ","Local_Fim":"DIV AM/RR (RIO ALALAÚ)","Quilometra":1138.5,"Quilomet_1":1140.2,"Extensao":1.7,"Superficie":"PAV","Obra":null,"Unidade_Lo":"Prainha","Administra":"Federal","Estadual_C":null,"Superfic_1":null,"Versao_SNV":"202410A","dt_ini":"2024-10-17","dt_fim":"2029-10-30"},"geometry":{"type":"LineString","coordinates":[[-60.514575,-0.872449],[-60.513914,-0.86914],[-60.514107,-0.867464],[-60.520125,-0.859279]]}},{"type":"Feature","properties":{"FID":"vw_snv_rod.fid-5c8cc48d_192b545ade1_-7d1a","id_snv":277742,"Codigo_BR":210,"Unidade_Fe":"AM","Sigla_Tipo":"B","Nome_Tipo_":"Eixo Principal","Codigo_SNV":"210BAM0730","Coincidenc":"210BAM0730","Local_Inic":"INÍCIO DA IMPLANTAÇÃO","Local_Fim":"ENTR BR-210/307","Quilometra":487.3,"Quilomet_1":490.0,"Extensao":2.7,"Superficie":"IMP","Obra":null,"Unidade_Lo":"Castanho","Administra":"Federal","Estadual_C":null,"Superfic_1":null,"Versao_SNV":"202410A","dt_ini":"2024-10-17","dt_fim":"2029-10-30"},"geometry":{"type":"LineString","coordinates":[[-66.63283,0.23328],[-66.635212,0.233891],[-66.643913,0.233923],[-66.646129,0.233491],[-66.649298,0.234681],[-66.65327,0.237573],[-66.656199,0.237742]]}},{"type":"Feature","properties":{"FID":"vw_snv_rod.fid-5c8cc48d_192b545ade1_-7d19","id_snv":277743,"Codigo_BR":210,"Unidade_Fe":"AM","Sigla_Tipo":"B","Nome_Tipo_":"Eixo Principal","Codigo_SNV":"210BAM0750","Coincidenc":"210BAM0750","Local_Inic":"ENTR BR-210/307","Local_Fim":"IÇANA","Quilometra":490.0,"Quilomet_1":556.8,"Extensao":66.8,"Superficie":"PLA","Obra":null,"Unidade_Lo":null,"Administra":"Federal","Estadual_C":null,"Superfic_1":null,"Versao_SNV":"202410A","dt_ini":"2024-10-17","dt_fim":"2029-10-30"},"geometry":{"type":"LineString","coordinates":[[-66.656199,0.237742],[-66.908311,0.309663],[-67.262579,0.368708]]}},{"type":"Feature","properties":{"FID":"vw_snv_rod.fid-5c8cc48d_192b545ade1_-7d18","id_snv":277744,"Codigo_BR":210,"Unidade_Fe":"AM","Sigla_Tipo":"B","Nome_Tipo_":"Eixo Principal","Codigo_SNV":"210BAM0770","Coincidenc":"210BAM0770","Local_Inic":"IÇANA","Local_Fim":"RIO PIRAIVARA","Quilometra":556.8,"Quilomet_1":632.5,"Extensao":75.7,"Superficie":"PLA","Obra":null,"Unidade_Lo":null,"Administra":"Federal","Estadual_C":null,"Superfic_1":null,"Versao_SNV":"202410A","dt_ini":"2024-10-17","dt_fim":"2029-10-30"},"geometry":{"type":"LineString","coordinates":[[-67.262579,0.368708],[-67.331082,0.380125],[-67.338609,0.410405],[-67.401544,0.511262],[-67.434817,0.562151],[-67.646203,0.78528],[-67.725988,0.870053]]}},{"type":"Feature","properties":{"FID":"vw_snv_rod.fid-5c8cc48d_192b545ade1_-7d17","id_snv":277745,"Codigo_BR":210,"Unidade_Fe":"AM","Sigla_Tipo":"B","Nome_Tipo_":"Eixo Principal","Codigo_SNV":"210BAM0810","Coincidenc":"210BAM0810","Local_Inic":"RIO PIRAIVARA","Local_Fim":"IGARAPÉ PIRAPOCU","Quilometra":632.5,"Quilomet_1":692.5,"Extensao":60.0,"Superficie":"PLA","Obra":null,"Unidade_Lo":null,"Administra":"Federal","Estadual_C":null,"Superfic_1":null,"Versao_SNV":"202410A","dt_ini":"2024-10-17","dt_fim":"2029-10-30"},"geometry":{"type":"LineString","coordinates":[[-67.725988,0.870053],[-68.084632,1.251112],[-68.119407,1.250161]]}},{"type":"Feature","properties":{"FID":"vw_snv_rod.fid-5c8cc48d_192b545ade1_-7d16","id_snv":277746,"Codigo_BR":210,"Unidade_Fe":"AM","Sigla_Tipo":"B","Nome_Tipo_":"Eixo Principal","Codigo_SNV":"210BAM0830","Coincidenc":"210BAM0830","Local_Inic":"IGARAPÉ PIRAPOCU","Local_Fim":"IGARAPÉ CAMARÃO","Quilometra":692.5,"Quilomet_1":777.5,"Extensao":85.0,"Superficie":"PLA","Obra":null,"Unidade_Lo":null,"Administra":"Federal","Estadual_C":null,"Superfic_1":null,"Versao_SNV":"202410A","dt_ini":"2024-10-17","dt_fim":"2029-10-30"},"geometry":{"type":"LineString","coordinates":[[-68.119407,1.250161],[-68.909729,1.228883]]}},{"type":"Feature","properties":{"FID":"vw_snv_rod.fid-5c8cc48d_192b545ade1_-7d15","id_snv":277747,"Codigo_BR":210,"Unidade_Fe":"AM","Sigla_Tipo":"B","Nome_Tipo_":"Eixo Principal","Codigo_SNV":"210BAM0850","Coincidenc":"210BAM0850","Local_Inic":"IGARAPÉ CAMARÃO","Local_Fim":"CIPÓ POCÓ","Quilometra":777.5,"Quilomet_1":828.5,"Extensao":51.0,"Superficie":"PLA","Obra":null,"Unidade_Lo":null,"Administra":"Federal","Estadual_C":null,"Superfic_1":null,"Versao_SNV":"202410A","dt_ini":"2024-10-17","dt_fim":"2029-10-30"},"geometry":{"type":"LineString","coordinates":[[-68.909729,1.228883],[-69.106329,1.22371],[-69.383708,1.210416]]}},{"type":"Feature","properties":{"FID":"vw_snv_rod.fid-5c8cc48d_192b545ade1_-7d14","id_snv":277748,"Codigo_BR":210,"Unidade_Fe":"AM","Sigla_Tipo":"B","Nome_Tipo_":"Eixo Principal","Codigo_SNV":"210BAM0870","Coincidenc":"210BAM0870","Local_Inic":"CIPÓ POCÓ","Local_Fim":"FRONT BRASIL/COLOMBIA","Quilometra":828.5,"Quilomet_1":878.8,"Extensao":50.3,"Superficie":"PLA","Obra":null,"Unidade_Lo":null,"Administra":"Federal","Estadual_C":null,"Superfic_1":null,"Versao_SNV":"202410A","dt_ini":"2024-10-17","dt_fim":"2029-10-30"},"geometry":{"type":"LineString","coordinates":[[-69.383708,1.210416],[-69.851025,1.18802]]}},{"type":"Feature","properties":{"FID":"vw_snv_rod.fid-5c8cc48d_192b545ade1_-7d13","id_snv":277737,"Codigo_BR":210,"Unidade_Fe":"AM","Sigla_Tipo":"B","Nome_Tipo_":"Eixo Principal","Codigo_SNV":"210BAM0610","Coincidenc":"210BAM0610","Local_Inic":"DIV RR/AM","Local_Fim":"RIO ARAÇÁ","Quilometra":0.0,"Quilomet_1":164.5,"Extensao":164.5,"Superficie":"PLA","Obra":null,"Unidade_Lo":null,"Administra":"Federal","Estadual_C":null,"Superfic_1":null,"Versao_SNV":"202410A","dt_ini":"2024-10-17","dt_fim":"2029-10-30"},"geometry":{"type":"LineString","coordinates":[[-62.749313,1.504367],[-63.889069,0.739537],[-63.934137,0.723545]]}},{"type":"Feature","properties":{"FID":"vw_snv_rod.fid-5c8cc48d_192b545ade1_-7d12","id_snv":277738,"Codigo_BR":210,"Unidade_Fe":"AM","Sigla_Tipo":"B","Nome_Tipo_":"Eixo Principal","Codigo_SNV":"210BAM0650","Coincidenc":"210BAM0650","Local_Inic":"RIO ARAÇÁ","Local_Fim":"RIO PADAUARI","Quilometra":164.5,"Quilomet_1":202.5,"Extensao":38.0,"Superficie":"PLA","Obra":null,"Unidade_Lo":null,"Administra":"Federal","Estadual_C":null,"Superfic_1":null,"Versao_SNV":"202410A","dt_ini":"2024-10-17","dt_fim":"2029-10-30"},"geometry":{"type":"LineString","coordinates":[[-63.934137,0.723545],[-63.949744,0.718007],[-64.174831,0.616228],[-64.237889,0.60252]]}},{"type":"Feature","properties":{"FID":"vw_snv_rod.fid-5c8cc48d_192b545ade1_-7d11","id_snv":277739,"Codigo_BR":210,"Unidade_Fe":"AM","Sigla_Tipo":"B","Nome_Tipo_":"Eixo Principal","Codigo_SNV":"210BAM0670","Coincidenc":"210BAM0670","Local_Inic":"RIO PADAUARI","Local_Fim":"ENTR AM-170","Quilometra":202.5,"Quilomet_1":297.5,"Extensao":95.0,"Superficie":"PLA","Obra":null,"Unidade_Lo":null,"Administra":"Federal","Estadual_C":null,"Superfic_1":null,"Versao_SNV":"202410A","dt_ini":"2024-10-17","dt_fim":"2029-10-30"},"geometry":{"type":"LineString","coordinates":[[-64.237889,0.60252],[-65.039474,0.428301]]}},{"type":"Feature","properties":{"FID":"vw_snv_rod.fid-5c8cc48d_192b545ade1_-7d10","id_snv":277740,"Codigo_BR":210,"Unidade_Fe":"AM","Sigla_Tipo":"B","Nome_Tipo_":"Eixo Principal","Codigo_SNV":"210BAM0690","Coincidenc":"210BAM0690","Local_Inic":"ENTR AM-170","Local_Fim":"RIO MAIA","Quilometra":297.5,"Quilomet_1":382.5,"Extensao":85.0,"Superficie":"PLA","Obra":null,"Unidade_Lo":null,"Administra":"Federal","Estadual_C":null,"Superfic_1":null,"Versao_SNV":"202410A","dt_ini":"2024-10-17","dt_fim":"2029-10-30"},"geometry":{"type":"LineString","coordinates":[[-65.039474,0.428301],[-65.756854,0.273217]]}},{"type":"Feature","properties":{"FID":"vw_snv_rod.fid-5c8cc48d_192b545ade1_-7d0f","id_snv":277741,"Codigo_BR":210,"Unidade_Fe":"AM","Sigla_Tipo":"B","Nome_Tipo_":"Eixo Principal","Codigo_SNV":"210BAM0710","Coincidenc":"210BAM0710","Local_Inic":"RIO MAIA","Local_Fim":"INÍCIO DA IMPLANTAÇÃO","Quilometra":382.5,"Quilomet_1":487.3,"Extensao":104.8,"Superficie":"PLA","Obra":null,"Unidade_Lo":null,"Administra":"Federal","Estadual_C":null,"Superfic_1":null,"Versao_SNV":"202410A","dt_ini":"2024-10-17","dt_fim":"2029-10-30"},"geometry":{"type":"LineString","coordinates":[[-65.756854,0.273217],[-66.368934,0.142568],[-66.63283,0.23328]]}},{"type":"Feature","properties":{"FID":"vw_snv_rod.fid-5c8cc48d_192b545ade1_-7d0e","id_snv":278001,"Codigo_BR":230,"Unidade_Fe":"AM","Sigla_Tipo":"B","Nome_Tipo_":"Eixo Principal","Codigo_SNV":"230BAM1840","Coincidenc":"230BAM1840","Local_Inic":"INÍCIO TRV RIO SUCUNDURI","Local_Fim":"FIM TRAV R SUCUNDURI (VILA SUCUNDURI)","Quilometra":106.6,"Quilomet_1":106.9,"Extensao":0.3,"Superficie":"TRV","Obra":null,"Unidade_Lo":null,"Administra":"Federal","Estadual_C":null,"Superfic_1":null,"Versao_SNV":"202410A","dt_ini":"2024-10-17","dt_fim":"2029-10-30"},"geometry":{"type":"LineString","coordinates":[[-59.058693,-6.802788],[-59.061053,-6.804093]]}},{"type":"Feature","properties":{"FID":"vw_snv_rod.fid-5c8cc48d_192b545ade1_-7d0d","id_snv":278002,"Codigo_BR":230,"Unidade_Fe":"AM","Sigla_Tipo":"B","Nome_Tipo_":"Eixo Principal","Codigo_SNV":"230BAM1845","Coincidenc":"230BAM1845","Local_Inic":"FIM TRAV R SUCUNDURI (VILA SUCUNDURI)","Local_Fim":"IGARAPÉ CAMAIÚ","Quilometra":106.9,"Quilomet_1":141.4,"Extensao":34.5,"Superficie":"IMP","Obra":null,"Unidade_Lo":"Humaitá","Administra":"Federal","Estadual_C":null,"Superfic_1":null,"Versao_SNV":"202410A","dt_ini":"2024-10-17","dt_fim":"2029-10-30"},"geometry":{"type":"LineString","coordinates":[[-59.061053,-6.804093],[-59.07448,-6.811466],[-59.086513,-6.816126],[-59.106109,-6.817952],[-59.119382,-6.814367],[-59.146171,-6.820915],[-59.170828,-6.834944],[-59.179152,-6.839009],[-59.207682,-6.861007],[-59.21943,-6.874009],[-59.234533,-6.883175],[-59.250226,-6.888956],[-59.252348,-6.889151],[-59.263581,-6.888752],[-59.265483,-6.889189],[-59.289405,-6.908907],[-59.307505,-6.916704],[-59.327293,-6.931485],[-59.330436,-6.934542]]}},{"type":"Feature","properties":{"FID":"vw_snv_rod.fid-5c8cc48d_192b545ade1_-7d0c","id_snv":278003,"Codigo_BR":230,"Unidade_Fe":"AM","Sigla_Tipo":"B","Nome_Tipo_":"Eixo Principal","Codigo_SNV":"230BAM1850","Coincidenc":"230BAM1850","Local_Inic":"IGARAPÉ CAMAIÚ","Local_Fim":"IGARAPÉ ANDORINHA","Quilometra":141.4,"Quilomet_1":182.7,"Extensao":41.3,"Superficie":"IMP","Obra":null,"Unidade_Lo":"Humaitá","Administra":"Federal","Estadual_C":null,"Superfic_1":null,"Versao_SNV":"202410A","dt_ini":"2024-10-17","dt_fim":"2029-10-30"},"geometry":{"type":"LineString","coordinates":[[-59.330436,-6.934542],[-59.332223,-6.935154],[-59.341899,-6.942267],[-59.343554,-6.943028],[-59.358357,-6.943409],[-59.374931,-6.941635],[-59.400368,-6.94869],[-59.404836,-6.952763],[-59.41493,-6.962957],[-59.42941,-6.968361],[-59.441257,-6.979575],[-59.480233,-7.004714],[-59.481273,-7.005209],[-59.498497,-7.009079],[-59.499605,-7.009553],[-59.501762,-7.011455],[-59.503613,-7.01907],[-59.50467,-7.021105],[-59.528277,-7.036378],[-59.53762,-7.049457],[-59.538586,-7.050322],[-59.551576,-7.055723],[-59.552756,-7.05577],[-59.55894,-7.054524],[-59.566779,-7.056374],[-59.575947,-7.063644],[-59.582136,-7.072224],[-59.588764,-7.077637],[-59.590946,-7.079241],[-59.601948,-7.084167],[-59.608744,-7.084308],[-59.613345,-7.08805],[-59.614347,-7.087767],[-59.617695,-7.08437],[-59.619139,-7.083984],[-59.643824,-7.087753]]}},{"type":"Feature","properties":{"FID":"vw_snv_rod.fid-5c8cc48d_192b545ade1_-7d0b","id_snv":277995,"Codigo_BR":230,"Unidade_Fe":"AM","Sigla_Tipo":"B","Nome_Tipo_":"Eixo Principal","Codigo_SNV":"230BAM1810","Coincidenc":"230BAM1810","Local_Inic":"DIV PA/AM (IGARAPÉ PALMARES)","Local_Fim":"IGARAPÉ BORRACHUDO","Quilometra":0.0,"Quilomet_1":21.5,"Extensao":21.5,"Superficie":"IMP","Obra":null,"Unidade_Lo":"Humaitá","Administra":"Federal","Estadual_C":null,"Superfic_1":null,"Versao_SNV":"202410A","dt_ini":"2024-10-17","dt_fim":"2029-10-30"},"geometry":{"type":"LineString","coordinates":[[-58.237025,-6.419406],[-58.242752,-6.422365],[-58.255013,-6.425279],[-58.265391,-6.427207],[-58.267445,-6.427333],[-58.284494,-6.426479],[-58.297794,-6.417493],[-58.300239,-6.416392],[-58.302862,-6.416489],[-58.316456,-6.419515],[-58.333928,-6.432374],[-58.343116,-6.44585],[-58.347554,-6.4514],[-58.347935,-6.452548],[-58.346458,-6.456762],[-58.346207,-6.458623],[-58.348239,-6.461011],[-58.348658,-6.464785],[-58.349767,-6.466592],[-58.358769,-6.47095],[-58.366331,-6.474111],[-58.372584,-6.479614],[-58.384761,-6.481302],[-58.391345,-6.486411]]}},{"type":"Feature","properties":{"FID":"vw_snv_rod.fid-5c8cc48d_192b545ade1_-7d0a","id_snv":278005,"Codigo_BR":230,"Unidade_Fe":"AM","Sigla_Tipo":"B","Nome_Tipo_":"Eixo Principal","Codigo_SNV":"230BAM1860","Coincidenc":"230BAM1860","Local_Inic":"RIO ACARÍ","Local_Fim":"RIO QUEIXADA","Quilometra":188.0,"Quilomet_1":190.0,"Extensao":2.0,"Superficie":"IMP","Obra":null,"Unidade_Lo":"Humaitá","Administra":"Federal","Estadual_C":null,"Superfic_1":null,"Versao_SNV":"202410A","dt_ini":"2024-10-17","dt_fim":"2029-10-30"},"geometry":{"type":"LineString","coordinates":[[-59.688649,-7.101937],[-59.694359,-7.105149],[-59.697424,-7.106447],[-59.705306,-7.10476]]}},{"type":"Feature","properties":{"FID":"vw_snv_rod.fid-5c8cc48d_192b545ade1_-7d09","id_snv":278006,"Codigo_BR":230,"Unidade_Fe":"AM","Sigla_Tipo":"B","Nome_Tipo_":"Eixo Principal","Codigo_SNV":"230BAM1865","Coincidenc":"230BAM1865","Local_Inic":"RIO QUEIXADA","Local_Fim":"APUÍ","Quilometra":190.0,"Quilomet_1":213.2,"Extensao":23.2,"Superficie":"IMP","Obra":null,"Unidade_Lo":"Humaitá","Administra":"Federal","Estadual_C":null,"Superfic_1":null,"Versao_SNV":"202410A","dt_ini":"2024-10-17","dt_fim":"2029-10-30"},"geometry":{"type":"LineString","coordinates":[[-59.705306,-7.10476],[-59.709657,-7.104011],[-59.713731,-7.106819],[-59.715407,-7.107286],[-59.723046,-7.107572],[-59.729147,-7.106403],[-59.730366,-7.106461],[-59.737475,-7.108603],[-59.739785,-7.111781],[-59.743498,-7.113596],[-59.75328,-7.114874],[-59.760341,-7.117178],[-59.77741,-7.128805],[-59.787894,-7.147129],[-59.794785,-7.154166],[-59.797322,-7.156353],[-59.804043,-7.159583],[-59.811256,-7.160042],[-59.817385,-7.161005],[-59.828446,-7.170231],[-59.843929,-7.176298],[-59.865038,-7.185051],[-59.865572,-7.185582],[-59.867465,-7.185997],[-59.877288,-7.18984],[-59.880548,-7.191332],[-59.882841,-7.192769]]}},{"type":"Feature","properties":{"FID":"vw_snv_rod.fid-5c8cc48d_192b545ade1_-7d08","id_snv":277996,"Codigo_BR":230,"Unidade_Fe":"AM","Sigla_Tipo":"B","Nome_Tipo_":"Eixo Principal","Codigo_SNV":"230BAM1815","Coincidenc":"230BAM1815","Local_Inic":"IGARAPÉ BORRACHUDO","Local_Fim":"ACESSO AO RIO TAPAJÓS","Quilometra":21.5,"Quilomet_1":26.1,"Extensao":4.6,"Superficie":"IMP","Obra":null,"Unidade_Lo":"Humaitá","Administra":"Federal","Estadual_C":null,"Superfic_1":null,"Versao_SNV":"202410A","dt_ini":"2024-10-17","dt_fim":"2029-10-30"},"geometry":{"type":"LineString","coordinates":[[-58.391345,-6.486411],[-58.402052,-6.494868],[-58.411265,-6.49786],[-58.42738,-6.505885]]}},{"type":"Feature","properties":{"FID":"vw_snv_rod.fid-5c8cc48d_192b545ade1_-7d07","id_snv":277997,"Codigo_BR":230,"Unidade_Fe":"AM","Sigla_Tipo":"B","Nome_Tipo_":"Eixo Principal","Codigo_SNV":"230BAM1820","Coincidenc":"230BAM1820","Local_Inic":"ACESSO AO RIO TAPAJÓS","Local_Fim":"IGARAPÉ PIUM","Quilometra":26.1,"Quilomet_1":42.6,"Extensao":16.5,"Superficie":"IMP","Obra":null,"Unidade_Lo":"Humaitá","Administra":"Federal","Estadual_C":null,"Superfic_1":null,"Versao_SNV":"202410A","dt_ini":"2024-10-17","dt_fim":"2029-10-30"},"geometry":{"type":"LineString","coordinates":[[-58.42738,-6.505885],[-58.437001,-6.51066],[-58.444313,-6.51153],[-58.464387,-6.520606],[-58.486118,-6.521288],[-58.494024,-6.520294],[-58.510581,-6.519498],[-58.516656,-6.518705],[-58.517862,-6.519332],[-58.530266,-6.529608],[-58.558759,-6.539641],[-58.559765,-6.540309],[-58.564474,-6.545173]]}},{"type":"Feature","properties":{"FID":"vw_snv_rod.fid-5c8cc48d_192b545ade1_-7d06","id_snv":278027,"Codigo_BR":230,"Unidade_Fe":"AM","Sigla_Tipo":"B","Nome_Tipo_":"Eixo Principal","Codigo_SNV":"230BAM1985","Coincidenc":"230BAM1985","Local_Inic":"RIO DOS MARMELOS","Local_Fim":"RIO AMAZONÍA (FIM ÁREA IND TENHARIM)","Quilometra":486.0,"Quilomet_1":516.3,"Extensao":30.3,"Superficie":"IMP","Obra":null,"Unidade_Lo":"Humaitá","Administra":"Federal","Estadual_C":null,"Superfic_1":null,"Versao_SNV":"202410A","dt_ini":"2024-10-17","dt_fim":"2029-10-30"},"geometry":{"type":"LineString","coordinates":[[-62.047689,-7.961204],[-62.053701,-7.956369],[-62.056178,-7.95484],[-62.09185,-7.940014],[-62.130387,-7.927118],[-62.158629,-7.90909],[-62.183879,-7.891579],[-62.186521,-7.890464],[-62.210145,-7.883013],[-62.221047,-7.878725],[-62.253667,-7.861828],[-62.292237,-7.839608]]}},{"type":"Feature","properties":{"FID":"vw_snv_rod.fid-5c8cc48d_192b545ade1_-7d05","id_snv":278028,"Codigo_BR":230,"Unidade_Fe":"AM","Sigla_Tipo":"B","Nome_Tipo_":"Eixo Principal","Codigo_SNV":"230BAM1990","Coincidenc":"230BAM1990","Local_Inic":"RIO AMAZONÍA (FIM ÁREA IND TENHARIM)","Local_Fim":"RIO MAICÍ","Quilometra":516.3,"Quilomet_1":522.5,"Extensao":6.2,"Superficie":"IMP","Obra":null,"Unidade_Lo":"Humaitá","Administra":"Federal","Estadual_C":null,"Superfic_1":null,"Versao_SNV":"202410A","dt_ini":"2024-10-17","dt_fim":"2029-10-30"},"geometry":{"type":"LineString","coordinates":[[-62.292237,-7.839608],[-62.293082,-7.838394],[-62.29403,-7.835624],[-62.296437,-7.834039],[-62.298259,-7.834415],[-62.300921,-7.83419],[-62.308983,-7.833389],[-62.310744,-7.832705],[-62.338215,-7.812089]]}},{"type":"Feature","properties":{"FID":"vw_snv_rod.fid-5c8cc48d_192b545ade1_-7d04","id_snv":278029,"Codigo_BR":230,"Unidade_Fe":"AM","Sigla_Tipo":"B","Nome_Tipo_":"Eixo Principal","Codigo_SNV":"230BAM1995","Coincidenc":"230BAM1995","Local_Inic":"RIO MAICÍ","Local_Fim":"IGARAPÉ 9 DE JANEIRO","Quilometra":522.5,"Quilomet_1":541.1,"Extensao":18.6,"Superficie":"IMP","Obra":null,"Unidade_Lo":"Humaitá","Administra":"Federal","Estadual_C":null,"Superfic_1":null,"Versao_SNV":"202410A","dt_ini":"2024-10-17","dt_fim":"2029-10-30"},"geometry":{"type":"LineString","coordinates":[[-62.338215,-7.812089],[-62.34848,-7.804593],[-62.389757,-7.790957],[-62.431407,-7.774305],[-62.443102,-7.769943],[-62.445975,-7.767635],[-62.468046,-7.743333],[-62.470121,-7.742125],[-62.485333,-7.736009]]}},{"type":"Feature","properties":{"FID":"vw_snv_rod.fid-5c8cc48d_192b545ade1_-7d03","id_snv":278030,"Codigo_BR":230,"Unidade_Fe":"AM","Sigla_Tipo":"B","Nome_Tipo_":"Eixo Principal","Codigo_SNV":"230BAM2000","Coincidenc":"230BAM2000","Local_Inic":"IGARAPÉ 9 DE JANEIRO","Local_Fim":"RIO MAICÍ MIRIM","Quilometra":541.1,"Quilomet_1":562.7,"Extensao":21.6,"Superficie":"IMP","Obra":null,"Unidade_Lo":"Humaitá","Administra":"Federal","Estadual_C":null,"Superfic_1":null,"Versao_SNV":"202410A","dt_ini":"2024-10-17","dt_fim":"2029-10-30"},"geometry":{"type":"LineString","coordinates":[[-62.485333,-7.736009],[-62.507745,-7.726981],[-62.544288,-7.706179],[-62.56119,-7.693595],[-62.594719,-7.666711],[-62.639126,-7.64128],[-62.65297,-7.636395]]}},{"type":"Feature","properties":{"FID":"vw_snv_rod.fid-5c8cc48d_192b545ade1_-7d02","id_snv":278031,"Codigo_BR":230,"Unidade_Fe":"AM","Sigla_Tipo":"B","Nome_Tipo_":"Eixo Principal","Codigo_SNV":"230BAM2005","Coincidenc":"230BAM2005","Local_Inic":"RIO MAICÍ MIRIM","Local_Fim":"IGARAPÉ TRAÍRA","Quilometra":562.7,"Quilomet_1":573.0,"Extensao":10.3,"Superficie":"IMP","Obra":null,"Unidade_Lo":"Humaitá","Administra":"Federal","Estadual_C":null,"Superfic_1":null,"Versao_SNV":"202410A","dt_ini":"2024-10-17","dt_fim":"2029-10-30"},"geometry":{"type":"LineString","coordinates":[[-62.65297,-7.636395],[-62.658882,-7.634277],[-62.674133,-7.626216],[-62.693945,-7.612259],[-62.73282,-7.596113],[-62.736366,-7.595406]]}},{"type":"Feature","properties":{"FID":"vw_snv_rod.fid-5c8cc48d_192b545ade1_-7d01","id_snv":278032,"Codigo_BR":230,"Unidade_Fe":"AM","Sigla_Tipo":"B","Nome_Tipo_":"Eixo Principal","Codigo_SNV":"230BAM2010","Coincidenc":"230BAM2010","Local_Inic":"IGARAPÉ TRAÍRA","Local_Fim":"IGARAPÉ BOIÚÇU","Quilometra":573.0,"Quilomet_1":587.2,"Extensao":14.2,"Superficie":"IMP","Obra":null,"Unidade_Lo":"Humaitá","Administra":"Federal","Estadual_C":null,"Superfic_1":null,"Versao_SNV":"202410A","dt_ini":"2024-10-17","dt_fim":"2029-10-30"},"geometry":{"type":"LineString","coordinates":[[-62.736366,-7.595406],[-62.740548,-7.594276],[-62.751467,-7.590556],[-62.770474,-7.581067],[-62.812608,-7.562026],[-62.814479,-7.561703],[-62.839941,-7.560979],[-62.855765,-7.561333],[-62.858026,-7.560862]]}},{"type":"Feature","properties":{"FID":"vw_snv_rod.fid-5c8cc48d_192b545ade1_-7d00","id_snv":278033,"Codigo_BR":230,"Unidade_Fe":"AM","Sigla_Tipo":"B","Nome_Tipo_":"Eixo Principal","Codigo_SNV":"230BAM2015","Coincidenc":"230BAM2015","Local_Inic":"IGARAPÉ BOIÚÇU","Local_Fim":"IGARAPÉ CHICANGA","Quilometra":587.2,"Quilomet_1":603.3,"Extensao":16.1,"Superficie":"IMP","Obra":null,"Unidade_Lo":"Humaitá","Administra":"Federal","Estadual_C":null,"Superfic_1":null,"Versao_SNV":"202410A","dt_ini":"2024-10-17","dt_fim":"2029-10-30"},"geometry":{"type":"LineString","coordinates":[[-62.858026,-7.560862],[-62.873102,-7.55403],[-62.874468,-7.552675],[-62.881066,-7.543982],[-62.881718,-7.542207],[-62.881853,-7.540331],[-62.879154,-7.528167],[-62.878868,-7.526236],[-62.879055,-7.524606],[-62.883067,-7.511966],[-62.889359,-7.50356],[-62.891259,-7.501889],[-62.902285,-7.494858],[-62.915581,-7.490005],[-62.91747,-7.489912],[-62.930184,-7.491156],[-62.948735,-7.486704],[-62.958241,-7.487091]]}},{"type":"Feature","properties":{"FID":"vw_snv_rod.fid-5c8cc48d_192b545ade1_-7cff","id_snv":277998,"Codigo_BR":230,"Unidade_Fe":"AM","Sigla_Tipo":"B","Nome_Tipo_":"Eixo Principal","Codigo_SNV":"230BAM1825","Coincidenc":"230BAM1825","Local_Inic":"IGARAPÉ PIUM","Local_Fim":"IGARAPÉ PALOMITA","Quilometra":42.6,"Quilomet_1":48.9,"Extensao":6.3,"Superficie":"IMP","Obra":null,"Unidade_Lo":"Humaitá","Administra":"Federal","Estadual_C":null,"Superfic_1":null,"Versao_SNV":"202410A","dt_ini":"2024-10-17","dt_fim":"2029-10-30"},"geometry":{"type":"LineString","coordinates":[[-58.564474,-6.545173],[-58.603613,-6.586038]]}},{"type":"Feature","properties":{"FID":"vw_snv_rod.fid-5c8cc48d_192b545ade1_-7cfe","id_snv":277999,"Codigo_BR":230,"Unidade_Fe":"AM","Sigla_Tipo":"B","Nome_Tipo_":"Eixo Principal","Codigo_SNV":"230BAM1830","Coincidenc":"230BAM1830","Local_Inic":"IGARAPÉ PALOMITA","Local_Fim":"IGARAPÉ DO ABACAXI","Quilometra":48.9,"Quilomet_1":84.2,"Extensao":35.3,"Superficie":"IMP","Obra":null,"Unidade_Lo":"Humaitá","Administra":"Federal","Estadual_C":null,"Superfic_1":null,"Versao_SNV":"202410A","dt_ini":"2024-10-17","dt_fim":"2029-10-30"},"geometry":{"type":"LineString","coordinates":[[-58.603613,-6.586038],[-58.616702,-6.599402],[-58.635565,-6.612157],[-58.637109,-6.612662],[-58.661018,-6.613978],[-58.662418,-6.614338],[-58.679361,-6.625574],[-58.686037,-6.634645],[-58.702485,-6.642478],[-58.720279,-6.64657],[-58.745227,-6.657629],[-58.770137,-6.669426],[-58.79004,-6.674552],[-58.8174,-6.686536],[-58.826812,-6.686831],[-58.830781,-6.686496],[-58.846343,-6.694909],[-58.884646,-6.702894],[-58.888853,-6.705499]]}},{"type":"Feature","properties":{"FID":"vw_snv_rod.fid-5c8cc48d_192b545ade1_-7cfd","id_snv":278000,"Codigo_BR":230,"Unidade_Fe":"AM","Sigla_Tipo":"B","Nome_Tipo_":"Eixo Principal","Codigo_SNV":"230BAM1835","Coincidenc":"230BAM1835","Local_Inic":"IGARAPÉ DO ABACAXI","Local_Fim":"INÍCIO TRV RIO SUCUNDURI","Quilometra":84.2,"Quilomet_1":106.6,"Extensao":22.4,"Superficie":"IMP","Obra":null,"Unidade_Lo":"Humaitá","Administra":"Federal","Estadual_C":null,"Superfic_1":null,"Versao_SNV":"202410A","dt_ini":"2024-10-17","dt_fim":"2029-10-30"},"geometry":{"type":"LineString","coordinates":[[-58.888853,-6.705499],[-58.916701,-6.724324],[-58.936386,-6.727265],[-58.981073,-6.742948],[-59.002224,-6.764193],[-59.012954,-6.771206],[-59.015082,-6.775357],[-59.022848,-6.7856],[-59.026824,-6.787182],[-59.028738,-6.788422],[-59.036802,-6.791238],[-59.04145,-6.793949],[-59.044014,-6.794975],[-59.058693,-6.802788]]}},{"type":"Feature","properties":{"FID":"vw_snv_rod.fid-5c8cc48d_192b545ade1_-7cfc","id_snv":278004,"Codigo_BR":230,"Unidade_Fe":"AM","Sigla_Tipo":"B","Nome_Tipo_":"Eixo Principal","Codigo_SNV":"230BAM1855","Coincidenc":"230BAM1855","Local_Inic":"IGARAPÉ ANDORINHA","Local_Fim":"RIO ACARÍ","Quilometra":182.7,"Quilomet_1":188.0,"Extensao":5.3,"Superficie":"IMP","Obra":null,"Unidade_Lo":"Humaitá","Administra":"Federal","Estadual_C":null,"Superfic_1":null,"Versao_SNV":"202410A","dt_ini":"2024-10-17","dt_fim":"2029-10-30"},"geometry":{"type":"LineString","coordinates":[[-59.643824,-7.087753],[-59.671089,-7.092466],[-59.688649,-7.101937]]}},{"type":"Feature","properties":{"FID":"vw_snv_rod.fid-5c8cc48d_192b545ade1_-7cfb","id_snv":278007,"Codigo_BR":230,"Unidade_Fe":"AM","Sigla_Tipo":"B","Nome_Tipo_":"Eixo Principal","Codigo_SNV":"230BAM1870","Coincidenc":"230BAM1870","Local_Inic":"APUÍ","Local_Fim":"RIO JUMA","Quilometra":213.2,"Quilomet_1":218.4,"Extensao":5.2,"Superficie":"IMP","Obra":null,"Unidade_Lo":"Humaitá","Administra":"Federal","Estadual_C":null,"Superfic_1":null,"Versao_SNV":"202410A","dt_ini":"2024-10-17","dt_fim":"2029-10-30"},"geometry":{"type":"LineString","coordinates":[[-59.882841,-7.192769],[-59.889536,-7.19713],[-59.900923,-7.209057],[-59.911395,-7.21516],[-59.917749,-7.216045],[-59.921467,-7.216964]]}},{"type":"Feature","properties":{"FID":"vw_snv_rod.fid-5c8cc48d_192b545ade1_-7cfa","id_snv":278008,"Codigo_BR":230,"Unidade_Fe":"AM","Sigla_Tipo":"B","Nome_Tipo_":"Eixo Principal","Codigo_SNV":"230BAM1875","Coincidenc":"230BAM1875","Local_Inic":"RIO JUMA","Local_Fim":"RIO DAS POMBAS","Quilometra":218.4,"Quilomet_1":237.0,"Extensao":18.6,"Superficie":"IMP","Obra":null,"Unidade_Lo":"Humaitá","Administra":"Federal","Estadual_C":null,"Superfic_1":null,"Versao_SNV":"202410A","dt_ini":"2024-10-17","dt_fim":"2029-10-30"},"geometry":{"type":"LineString","coordinates":[[-59.921467,-7.216964],[-59.922193,-7.216834],[-59.922576,-7.216291],[-59.922108,-7.211693],[-59.92267,-7.210892],[-59.924759,-7.210822],[-59.930825,-7.213572],[-59.931653,-7.214392],[-59.933084,-7.217812],[-59.934898,-7.219632],[-59.943129,-7.225521],[-59.950037,-7.23258],[-59.951883,-7.233489],[-59.95855,-7.234492],[-59.973942,-7.228387],[-59.976576,-7.22778],[-59.978329,-7.228466],[-59.984413,-7.233641],[-59.986041,-7.234307],[-59.988067,-7.234265],[-59.992846,-7.232203],[-59.998169,-7.231008],[-60.003203,-7.231676],[-60.013859,-7.235932],[-60.014995,-7.236807],[-60.02025,-7.244182],[-60.052318,-7.275466]]}},{"type":"Feature","properties":{"FID":"vw_snv_rod.fid-5c8cc48d_192b545ade1_-7cf9","id_snv":278009,"Codigo_BR":230,"Unidade_Fe":"AM","Sigla_Tipo":"B","Nome_Tipo_":"Eixo Principal","Codigo_SNV":"230BAM1880","Coincidenc":"230BAM1880","Local_Inic":"RIO DAS POMBAS","Local_Fim":"IGARAPÉ JATUARANA","Quilometra":237.0,"Quilomet_1":293.9,"Extensao":56.9,"Superficie":"IMP","Obra":null,"Unidade_Lo":"Humaitá","Administra":"Federal","Estadual_C":null,"Superfic_1":null,"Versao_SNV":"202410A","dt_ini":"2024-10-17","dt_fim":"2029-10-30"},"geometry":{"type":"LineString","coordinates":[[-60.052318,-7.275466],[-60.061158,-7.281802],[-60.071135,-7.283803],[-60.086444,-7.290942],[-60.122141,-7.295096],[-60.133056,-7.300651],[-60.138592,-7.300732],[-60.164886,-7.31075],[-60.181011,-7.308594],[-60.190048,-7.311053],[-60.219848,-7.325587],[-60.227601,-7.337764],[-60.228625,-7.338893],[-60.240433,-7.341645],[-60.244344,-7.344212],[-60.249784,-7.345153],[-60.250823,-7.345578],[-60.254612,-7.348454],[-60.264451,-7.358223],[-60.278723,-7.365391],[-60.279821,-7.365749],[-60.282795,-7.365876],[-60.301143,-7.371751],[-60.302436,-7.372789],[-60.304156,-7.375841],[-60.307673,-7.378282],[-60.309695,-7.381132],[-60.310879,-7.382041],[-60.327994,-7.384919],[-60.341406,-7.390887],[-60.343294,-7.390693],[-60.347854,-7.387911],[-60.349517,-7.387541],[-60.356328,-7.388569],[-60.360378,-7.391719],[-60.36649,-7.391584],[-60.377179,-7.400745],[-60.37871,-7.405666],[-60.384835,-7.41137],[-60.386184,-7.414317],[-60.387159,-7.415447],[-60.398513,-7.421161],[-60.403935,-7.42163],[-60.407981,-7.423131],[-60.410346,-7.425915],[-60.411054,-7.426366],[-60.411755,-7.427966],[-60.412975,-7.429326],[-60.429334,-7.438974],[-60.430647,-7.439402],[-60.442587,-7.44091],[-60.452808,-7.444967],[-60.460237,-7.446916],[-60.480388,-7.458396],[-60.481973,-7.458896],[-60.485046,-7.458877],[-60.4864,-7.459212],[-60.495091,-7.464653],[-60.497072,-7.464814],[-60.504292,-7.463781]]}},{"type":"Feature","properties":{"FID":"vw_snv_rod.fid-5c8cc48d_192b545ade1_-7cf8","id_snv":278010,"Codigo_BR":230,"Unidade_Fe":"AM","Sigla_Tipo":"B","Nome_Tipo_":"Eixo Principal","Codigo_SNV":"230BAM1890","Coincidenc":"230BAM1890","Local_Inic":"IGARAPÉ JATUARANA","Local_Fim":"ENTR BR-174","Quilometra":293.9,"Quilomet_1":306.0,"Extensao":12.1,"Superficie":"IMP","Obra":null,"Unidade_Lo":"Humaitá","Administra":"Federal","Estadual_C":null,"Superfic_1":null,"Versao_SNV":"202410A","dt_ini":"2024-10-17","dt_fim":"2029-10-30"},"geometry":{"type":"LineString","coordinates":[[-60.504292,-7.463781],[-60.512538,-7.462876],[-60.523843,-7.467299],[-60.536744,-7.476109],[-60.539301,-7.478632],[-60.547786,-7.480924],[-60.560183,-7.490126],[-60.564955,-7.492389],[-60.571642,-7.500436],[-60.572857,-7.501348],[-60.581764,-7.503426],[-60.59486,-7.502548],[-60.599634,-7.505384]]}},{"type":"Feature","properties":{"FID":"vw_snv_rod.fid-5c8cc48d_192b545ade1_-7cf7","id_snv":278011,"Codigo_BR":230,"Unidade_Fe":"AM","Sigla_Tipo":"B","Nome_Tipo_":"Eixo Principal","Codigo_SNV":"230BAM1900","Coincidenc":"230BAM1900","Local_Inic":"ENTR BR-174","Local_Fim":"IGARAPÉ DO PEIXE","Quilometra":306.0,"Quilomet_1":311.4,"Extensao":5.4,"Superficie":"IMP","Obra":null,"Unidade_Lo":"Humaitá","Administra":"Federal","Estadual_C":null,"Superfic_1":null,"Versao_SNV":"202410A","dt_ini":"2024-10-17","dt_fim":"2029-10-30"},"geometry":{"type":"LineString","coordinates":[[-60.599634,-7.505384],[-60.60228,-7.506945],[-60.614075,-7.511009],[-60.623051,-7.514616],[-60.624895,-7.51594],[-60.628236,-7.516695],[-60.641915,-7.522456],[-60.643104,-7.522456],[-60.64531,-7.520709]]}},{"type":"Feature","properties":{"FID":"vw_snv_rod.fid-5c8cc48d_192b545ade1_-7cf6","id_snv":278012,"Codigo_BR":230,"Unidade_Fe":"AM","Sigla_Tipo":"B","Nome_Tipo_":"Eixo Principal","Codigo_SNV":"230BAM1905","Coincidenc":"230BAM1905","Local_Inic":"IGARAPÉ DO PEIXE","Local_Fim":"INÍCIO TRAVESSIA RIO ARIPUANÃ","Quilometra":311.4,"Quilomet_1":314.4,"Extensao":3.0,"Superficie":"IMP","Obra":null,"Unidade_Lo":"Humaitá","Administra":"Federal","Estadual_C":null,"Superfic_1":null,"Versao_SNV":"202410A","dt_ini":"2024-10-17","dt_fim":"2029-10-30"},"geometry":{"type":"LineString","coordinates":[[-60.64531,-7.520709],[-60.648834,-7.517789],[-60.650561,-7.517333],[-60.665082,-7.523963],[-60.670337,-7.523674]]}},{"type":"Feature","properties":{"FID":"vw_snv_rod.fid-5c8cc48d_192b545ade1_-7cf5","id_snv":278013,"Codigo_BR":230,"Unidade_Fe":"AM","Sigla_Tipo":"B","Nome_Tipo_":"Eixo Principal","Codigo_SNV":"230BAM1910","Coincidenc":"230BAM1910","Local_Inic":"INÍCIO TRAVESSIA RIO ARIPUANÃ","Local_Fim":"FIM TRAVESSIA RIO ARIPUANÃ","Quilometra":314.4,"Quilomet_1":314.8,"Extensao":0.4,"Superficie":"TRV","Obra":null,"Unidade_Lo":null,"Administra":"Federal","Estadual_C":null,"Superfic_1":null,"Versao_SNV":"202410A","dt_ini":"2024-10-17","dt_fim":"2029-10-30"},"geometry":{"type":"LineString","coordinates":[[-60.670337,-7.523674],[-60.67189,-7.520825]]}},{"type":"Feature","properties":{"FID":"vw_snv_rod.fid-5c8cc48d_192b545ade1_-7cf4","id_snv":278014,"Codigo_BR":230,"Unidade_Fe":"AM","Sigla_Tipo":"B","Nome_Tipo_":"Eixo Principal","Codigo_SNV":"230BAM1925","Coincidenc":"230BAM1925","Local_Inic":"FIM TRAVESSIA RIO ARIPUANÃ","Local_Fim":"IGARAPÉ OURO VERDE","Quilometra":314.8,"Quilomet_1":327.3,"Extensao":12.5,"Superficie":"IMP","Obra":null,"Unidade_Lo":"Humaitá","Administra":"Federal","Estadual_C":null,"Superfic_1":null,"Versao_SNV":"202410A","dt_ini":"2024-10-17","dt_fim":"2029-10-30"},"geometry":{"type":"LineString","coordinates":[[-60.67189,-7.520825],[-60.672564,-7.521415],[-60.676896,-7.52342],[-60.680575,-7.52337],[-60.682778,-7.523842],[-60.689429,-7.528988],[-60.711036,-7.549852],[-60.728898,-7.56999],[-60.747151,-7.584099],[-60.75623,-7.593919]]}},{"type":"Feature","properties":{"FID":"vw_snv_rod.fid-5c8cc48d_192b545ade1_-7cf3","id_snv":278015,"Codigo_BR":230,"Unidade_Fe":"AM","Sigla_Tipo":"B","Nome_Tipo_":"Eixo Principal","Codigo_SNV":"230BAM1930","Coincidenc":"230BAM1930","Local_Inic":"IGARAPÉ OURO VERDE","Local_Fim":"ACESSO AO RIO ROOSEVELT","Quilometra":327.3,"Quilomet_1":344.9,"Extensao":17.6,"Superficie":"IMP","Obra":null,"Unidade_Lo":"Humaitá","Administra":"Federal","Estadual_C":null,"Superfic_1":null,"Versao_SNV":"202410A","dt_ini":"2024-10-17","dt_fim":"2029-10-30"},"geometry":{"type":"LineString","coordinates":[[-60.75623,-7.593919],[-60.763221,-7.601487],[-60.776971,-7.609913],[-60.796908,-7.614198],[-60.803729,-7.615018],[-60.805322,-7.615682],[-60.811179,-7.620825],[-60.823464,-7.638208],[-60.825038,-7.639748],[-60.849161,-7.65016],[-60.851042,-7.65033],[-60.862728,-7.649639],[-60.864457,-7.649986],[-60.879818,-7.656895],[-60.89009,-7.667163]]}},{"type":"Feature","properties":{"FID":"vw_snv_rod.fid-5c8cc48d_192b545ade1_-7cf2","id_snv":278016,"Codigo_BR":230,"Unidade_Fe":"AM","Sigla_Tipo":"B","Nome_Tipo_":"Eixo Principal","Codigo_SNV":"230BAM1935","Coincidenc":"230BAM1935","Local_Inic":"ACESSO AO RIO ROOSEVELT","Local_Fim":"IGARAPÉ DO WANDO","Quilometra":344.9,"Quilomet_1":352.0,"Extensao":7.1,"Superficie":"IMP","Obra":null,"Unidade_Lo":"Humaitá","Administra":"Federal","Estadual_C":null,"Superfic_1":null,"Versao_SNV":"202410A","dt_ini":"2024-10-17","dt_fim":"2029-10-30"},"geometry":{"type":"LineString","coordinates":[[-60.89009,-7.667163],[-60.894542,-7.67155],[-60.90046,-7.67497],[-60.903297,-7.678822],[-60.904258,-7.679021],[-60.905517,-7.67858],[-60.907508,-7.678912],[-60.919073,-7.684976],[-60.937801,-7.68641],[-60.944361,-7.686747],[-60.948122,-7.686605]]}},{"type":"Feature","properties":{"FID":"vw_snv_rod.fid-5c8cc48d_192b545ade1_-7cf1","id_snv":278017,"Codigo_BR":230,"Unidade_Fe":"AM","Sigla_Tipo":"B","Nome_Tipo_":"Eixo Principal","Codigo_SNV":"230BAM1940","Coincidenc":"230BAM1940","Local_Inic":"IGARAPÉ DO WANDO","Local_Fim":"IGARAPÉ JATUARANINHA","Quilometra":352.0,"Quilomet_1":378.8,"Extensao":26.8,"Superficie":"IMP","Obra":null,"Unidade_Lo":"Humaitá","Administra":"Federal","Estadual_C":null,"Superfic_1":null,"Versao_SNV":"202410A","dt_ini":"2024-10-17","dt_fim":"2029-10-30"},"geometry":{"type":"LineString","coordinates":[[-60.948122,-7.686605],[-60.968096,-7.685706],[-60.992885,-7.690415],[-60.994976,-7.691883],[-61.003964,-7.704301],[-61.008277,-7.707319],[-61.009786,-7.707963],[-61.011666,-7.707995],[-61.030177,-7.705855],[-61.032974,-7.706243],[-61.090136,-7.738288],[-61.118241,-7.744918],[-61.119683,-7.745975],[-61.145328,-7.770893],[-61.148063,-7.771855],[-61.162865,-7.774227]]}},{"type":"Feature","properties":{"FID":"vw_snv_rod.fid-5c8cc48d_192b545ade1_-7cf0","id_snv":278018,"Codigo_BR":230,"Unidade_Fe":"AM","Sigla_Tipo":"B","Nome_Tipo_":"Eixo Principal","Codigo_SNV":"230BAM1945","Coincidenc":"230BAM1945","Local_Inic":"IGARAPÉ JATUARANINHA","Local_Fim":"RIO MANICORÉ","Quilometra":378.8,"Quilomet_1":400.6,"Extensao":21.8,"Superficie":"IMP","Obra":null,"Unidade_Lo":"Humaitá","Administra":"Federal","Estadual_C":null,"Superfic_1":null,"Versao_SNV":"202410A","dt_ini":"2024-10-17","dt_fim":"2029-10-30"},"geometry":{"type":"LineString","coordinates":[[-61.162865,-7.774227],[-61.166538,-7.774799],[-61.168169,-7.775408],[-61.193555,-7.791203],[-61.211376,-7.808777],[-61.212927,-7.809868],[-61.237811,-7.820068],[-61.257712,-7.829012],[-61.283431,-7.838519],[-61.29667,-7.84204],[-61.307516,-7.846914],[-61.335522,-7.854998],[-61.34012,-7.856026]]}},{"type":"Feature","properties":{"FID":"vw_snv_rod.fid-5c8cc48d_192b545ade1_-7cef","id_snv":278019,"Codigo_BR":230,"Unidade_Fe":"AM","Sigla_Tipo":"B","Nome_Tipo_":"Eixo Principal","Codigo_SNV":"230BAM1950","Coincidenc":"230BAM1950","Local_Inic":"RIO MANICORÉ","Local_Fim":"RIO MATUPI","Quilometra":400.6,"Quilomet_1":424.7,"Extensao":24.1,"Superficie":"IMP","Obra":null,"Unidade_Lo":"Humaitá","Administra":"Federal","Estadual_C":null,"Superfic_1":null,"Versao_SNV":"202410A","dt_ini":"2024-10-17","dt_fim":"2029-10-30"},"geometry":{"type":"LineString","coordinates":[[-61.34012,-7.856026],[-61.358977,-7.85939],[-61.399793,-7.871034],[-61.427369,-7.872095],[-61.429381,-7.872431],[-61.457143,-7.885068],[-61.487158,-7.89611],[-61.488789,-7.896643],[-61.490645,-7.896613],[-61.51598,-7.903072],[-61.54231,-7.911693],[-61.548889,-7.91559]]}},{"type":"Feature","properties":{"FID":"vw_snv_rod.fid-5c8cc48d_192b545ade1_-7cee","id_snv":278020,"Codigo_BR":230,"Unidade_Fe":"AM","Sigla_Tipo":"B","Nome_Tipo_":"Eixo Principal","Codigo_SNV":"230BAM1952","Coincidenc":"230BAM1952","Local_Inic":"RIO MATUPI","Local_Fim":"VILA DO SANTO ANTÔNIO DO MATUPI","Quilometra":424.7,"Quilomet_1":427.4,"Extensao":2.7,"Superficie":"IMP","Obra":null,"Unidade_Lo":"Humaitá","Administra":"Federal","Estadual_C":null,"Superfic_1":null,"Versao_SNV":"202410A","dt_ini":"2024-10-17","dt_fim":"2029-10-30"},"geometry":{"type":"LineString","coordinates":[[-61.548889,-7.91559],[-61.567597,-7.927403],[-61.569804,-7.928282]]}},{"type":"Feature","properties":{"FID":"vw_snv_rod.fid-5c8cc48d_192b545ade1_-7ced","id_snv":278021,"Codigo_BR":230,"Unidade_Fe":"AM","Sigla_Tipo":"B","Nome_Tipo_":"Eixo Principal","Codigo_SNV":"230BAM1955","Coincidenc":"230BAM1955","Local_Inic":"VILA DO SANTO ANTÔNIO DO MATUPI","Local_Fim":"RIO BRANCO","Quilometra":427.4,"Quilomet_1":439.7,"Extensao":12.3,"Superficie":"IMP","Obra":null,"Unidade_Lo":"Humaitá","Administra":"Federal","Estadual_C":null,"Superfic_1":null,"Versao_SNV":"202410A","dt_ini":"2024-10-17","dt_fim":"2029-10-30"},"geometry":{"type":"LineString","coordinates":[[-61.569804,-7.928282],[-61.580409,-7.932013],[-61.582761,-7.933327],[-61.588282,-7.934693],[-61.59455,-7.936864],[-61.597374,-7.938577],[-61.603787,-7.940503],[-61.609483,-7.941614],[-61.626109,-7.942575],[-61.629127,-7.943472],[-61.646902,-7.953973],[-61.64818,-7.955299],[-61.650002,-7.958973],[-61.651645,-7.960435],[-61.653427,-7.961114],[-61.663151,-7.962967],[-61.664984,-7.963671],[-61.66656,-7.965109],[-61.669292,-7.969284]]}},{"type":"Feature","properties":{"FID":"vw_snv_rod.fid-5c8cc48d_192b545ade1_-7cec","id_snv":278022,"Codigo_BR":230,"Unidade_Fe":"AM","Sigla_Tipo":"B","Nome_Tipo_":"Eixo Principal","Codigo_SNV":"230BAM1960","Coincidenc":"230BAM1960","Local_Inic":"RIO BRANCO","Local_Fim":"IGARAPÉ DO INFERNO","Quilometra":439.7,"Quilomet_1":442.5,"Extensao":2.8,"Superficie":"IMP","Obra":null,"Unidade_Lo":"Humaitá","Administra":"Federal","Estadual_C":null,"Superfic_1":null,"Versao_SNV":"202410A","dt_ini":"2024-10-17","dt_fim":"2029-10-30"},"geometry":{"type":"LineString","coordinates":[[-61.669292,-7.969284],[-61.678487,-7.983076],[-61.68027,-7.984189],[-61.686735,-7.986002]]}},{"type":"Feature","properties":{"FID":"vw_snv_rod.fid-5c8cc48d_192b545ade1_-7ceb","id_snv":278023,"Codigo_BR":230,"Unidade_Fe":"AM","Sigla_Tipo":"B","Nome_Tipo_":"Eixo Principal","Codigo_SNV":"230BAM1965","Coincidenc":"230BAM1965","Local_Inic":"IGARAPÉ DO INFERNO","Local_Fim":"INÍCIO DA ÁREA INDÍGENA TENHARIM","Quilometra":442.5,"Quilomet_1":458.7,"Extensao":16.2,"Superficie":"IMP","Obra":null,"Unidade_Lo":"Humaitá","Administra":"Federal","Estadual_C":null,"Superfic_1":null,"Versao_SNV":"202410A","dt_ini":"2024-10-17","dt_fim":"2029-10-30"},"geometry":{"type":"LineString","coordinates":[[-61.686735,-7.986002],[-61.706142,-7.991339],[-61.729334,-8.001206],[-61.734977,-8.001495],[-61.737949,-8.002118],[-61.740781,-8.00169],[-61.755607,-8.002321],[-61.802662,-8.011217],[-61.805399,-8.010732],[-61.811179,-8.007457],[-61.814123,-8.007198],[-61.816098,-8.007971],[-61.826802,-8.015061]]}},{"type":"Feature","properties":{"FID":"vw_snv_rod.fid-5c8cc48d_192b545ade1_-7cea","id_snv":278034,"Codigo_BR":230,"Unidade_Fe":"AM","Sigla_Tipo":"B","Nome_Tipo_":"Eixo Principal","Codigo_SNV":"230BAM2020","Coincidenc":"230BAM2020","Local_Inic":"IGARAPÉ CHICANGA","Local_Fim":"IGARAPÉ JOARÍ","Quilometra":603.3,"Quilomet_1":605.8,"Extensao":2.5,"Superficie":"IMP","Obra":null,"Unidade_Lo":"Humaitá","Administra":"Federal","Estadual_C":null,"Superfic_1":null,"Versao_SNV":"202410A","dt_ini":"2024-10-17","dt_fim":"2029-10-30"},"geometry":{"type":"LineString","coordinates":[[-62.958241,-7.487091],[-62.980902,-7.488403]]}},{"type":"Feature","properties":{"FID":"vw_snv_rod.fid-5c8cc48d_192b545ade1_-7ce9","id_snv":278024,"Codigo_BR":230,"Unidade_Fe":"AM","Sigla_Tipo":"B","Nome_Tipo_":"Eixo Principal","Codigo_SNV":"230BAM1970","Coincidenc":"230BAM1970","Local_Inic":"INÍCIO DA ÁREA INDÍGENA TENHARIM","Local_Fim":"IGARAPÉ MAFUÍ","Quilometra":458.7,"Quilomet_1":461.7,"Extensao":3.0,"Superficie":"IMP","Obra":null,"Unidade_Lo":"Humaitá","Administra":"Federal","Estadual_C":null,"Superfic_1":null,"Versao_SNV":"202410A","dt_ini":"2024-10-17","dt_fim":"2029-10-30"},"geometry":{"type":"LineString","coordinates":[[-61.826802,-8.015061],[-61.828624,-8.015453],[-61.851706,-8.01434],[-61.853889,-8.01472]]}},{"type":"Feature","properties":{"FID":"vw_snv_rod.fid-5c8cc48d_192b545ade1_-7ce8","id_snv":278025,"Codigo_BR":230,"Unidade_Fe":"AM","Sigla_Tipo":"B","Nome_Tipo_":"Eixo Principal","Codigo_SNV":"230BAM1975","Coincidenc":"230BAM1975","Local_Inic":"IGARAPÉ MAFUÍ","Local_Fim":"ACESSO A RODOVIA DO ESTANHO","Quilometra":461.7,"Quilomet_1":463.1,"Extensao":1.4,"Superficie":"IMP","Obra":null,"Unidade_Lo":"Humaitá","Administra":"Federal","Estadual_C":null,"Superfic_1":null,"Versao_SNV":"202410A","dt_ini":"2024-10-17","dt_fim":"2029-10-30"},"geometry":{"type":"LineString","coordinates":[[-61.853889,-8.01472],[-61.85531,-8.015455],[-61.863868,-8.022507]]}},{"type":"Feature","properties":{"FID":"vw_snv_rod.fid-5c8cc48d_192b545ade1_-7ce7","id_snv":278026,"Codigo_BR":230,"Unidade_Fe":"AM","Sigla_Tipo":"B","Nome_Tipo_":"Eixo Principal","Codigo_SNV":"230BAM1980","Coincidenc":"230BAM1980","Local_Inic":"ACESSO A RODOVIA DO ESTANHO","Local_Fim":"RIO DOS MARMELOS","Quilometra":463.1,"Quilomet_1":486.0,"Extensao":22.9,"Superficie":"IMP","Obra":null,"Unidade_Lo":"Humaitá","Administra":"Federal","Estadual_C":null,"Superfic_1":null,"Versao_SNV":"202410A","dt_ini":"2024-10-17","dt_fim":"2029-10-30"},"geometry":{"type":"LineString","coordinates":[[-61.863868,-8.022507],[-61.87284,-8.029888],[-61.87474,-8.030651],[-61.876632,-8.03073],[-61.886905,-8.027999],[-61.904229,-8.027001],[-61.913061,-8.023877],[-61.934935,-8.020261],[-61.961701,-8.007653],[-61.984919,-8.007653],[-61.987258,-8.007204],[-61.988824,-8.006395],[-61.990388,-8.005042],[-62.003721,-7.988395],[-62.00747,-7.984175],[-62.034412,-7.971628],[-62.047689,-7.961204]]}},{"type":"Feature","properties":{"FID":"vw_snv_rod.fid-5c8cc48d_192b545ade1_-7ce6","id_snv":278035,"Codigo_BR":230,"Unidade_Fe":"AM","Sigla_Tipo":"B","Nome_Tipo_":"Eixo Principal","Codigo_SNV":"230BAM2025","Coincidenc":"230BAM2025","Local_Inic":"IGARAPÉ JOARÍ","Local_Fim":"INÍCIO TRAVESSIA RIO MADEIRA","Quilometra":605.8,"Quilomet_1":609.2,"Extensao":3.4,"Superficie":"IMP","Obra":null,"Unidade_Lo":"Humaitá","Administra":"Federal","Estadual_C":null,"Superfic_1":null,"Versao_SNV":"202410A","dt_ini":"2024-10-17","dt_fim":"2029-10-30"},"geometry":{"type":"LineString","coordinates":[[-62.980902,-7.488403],[-62.983836,-7.488401],[-63.009486,-7.486067],[-63.011636,-7.486308]]}},{"type":"Feature","properties":{"FID":"vw_snv_rod.fid-5c8cc48d_192b545ade1_-7ce5","id_snv":278036,"Codigo_BR":230,"Unidade_Fe":"AM","Sigla_Tipo":"B","Nome_Tipo_":"Eixo Principal","Codigo_SNV":"230BAM2030","Coincidenc":"230BAM2030","Local_Inic":"INÍCIO TRAVESSIA RIO MADEIRA","Local_Fim":"FIM TRAVESSIA RIO MADEIRA (CRATO)","Quilometra":609.2,"Quilomet_1":610.4,"Extensao":1.2,"Superficie":"TRV","Obra":null,"Unidade_Lo":null,"Administra":"Federal","Estadual_C":null,"Superfic_1":null,"Versao_SNV":"202410A","dt_ini":"2024-10-17","dt_fim":"2029-10-30"},"geometry":{"type":"LineString","coordinates":[[-63.011636,-7.486308],[-63.022477,-7.495291]]}},{"type":"Feature","properties":{"FID":"vw_snv_rod.fid-5c8cc48d_192b545ade1_-7ce4","id_snv":278045,"Codigo_BR":230,"Unidade_Fe":"AM","Sigla_Tipo":"B","Nome_Tipo_":"Eixo Principal","Codigo_SNV":"230BAM2075","Coincidenc":"230BAM2075","Local_Inic":"FIM TRAV IG IPIXUNA (PONTE MADEIRA)","Local_Fim":"IGARAPÉ PRETO","Quilometra":652.1,"Quilomet_1":681.9,"Extensao":29.8,"Superficie":"IMP","Obra":null,"Unidade_Lo":"Humaitá","Administra":"Federal","Estadual_C":null,"Superfic_1":null,"Versao_SNV":"202410A","dt_ini":"2024-10-17","dt_fim":"2029-10-30"},"geometry":{"type":"LineString","coordinates":[[-63.347144,-7.521411],[-63.354184,-7.516041],[-63.36055,-7.509795],[-63.36926,-7.503748],[-63.397975,-7.502958],[-63.416315,-7.500585],[-63.436772,-7.498693],[-63.443087,-7.498309],[-63.465225,-7.497994],[-63.49264,-7.495723],[-63.519271,-7.492735],[-63.528702,-7.493728],[-63.575898,-7.491311],[-63.608557,-7.496894]]}},{"type":"Feature","properties":{"FID":"vw_snv_rod.fid-5c8cc48d_192b545ade1_-7ce3","id_snv":278046,"Codigo_BR":230,"Unidade_Fe":"AM","Sigla_Tipo":"B","Nome_Tipo_":"Eixo Principal","Codigo_SNV":"230BAM2080","Coincidenc":"230BAM2080","Local_Inic":"IGARAPÉ PRETO","Local_Fim":"IGARAPÉ DO RIOZINHO","Quilometra":681.9,"Quilomet_1":690.3,"Extensao":8.4,"Superficie":"IMP","Obra":null,"Unidade_Lo":"Humaitá","Administra":"Federal","Estadual_C":null,"Superfic_1":null,"Versao_SNV":"202410A","dt_ini":"2024-10-17","dt_fim":"2029-10-30"},"geometry":{"type":"LineString","coordinates":[[-63.608557,-7.496894],[-63.637005,-7.501536],[-63.646173,-7.500895],[-63.66008,-7.501648],[-63.676196,-7.497164],[-63.683287,-7.496861]]}},{"type":"Feature","properties":{"FID":"vw_snv_rod.fid-5c8cc48d_192b545ade1_-7ce2","id_snv":278047,"Codigo_BR":230,"Unidade_Fe":"AM","Sigla_Tipo":"B","Nome_Tipo_":"Eixo Principal","Codigo_SNV":"230BAM2085","Coincidenc":"230BAM2085","Local_Inic":"IGARAPÉ DO RIOZINHO","Local_Fim":"IGARAPÉ ITAPARANÁ","Quilometra":690.3,"Quilomet_1":701.5,"Extensao":11.2,"Superficie":"IMP","Obra":null,"Unidade_Lo":"Humaitá","Administra":"Federal","Estadual_C":null,"Superfic_1":null,"Versao_SNV":"202410A","dt_ini":"2024-10-17","dt_fim":"2029-10-30"},"geometry":{"type":"LineString","coordinates":[[-63.683287,-7.496861],[-63.758824,-7.483185],[-63.783019,-7.484938]]}},{"type":"Feature","properties":{"FID":"vw_snv_rod.fid-5c8cc48d_192b545ade1_-7ce1","id_snv":278048,"Codigo_BR":230,"Unidade_Fe":"AM","Sigla_Tipo":"B","Nome_Tipo_":"Eixo Principal","Codigo_SNV":"230BAM2090","Coincidenc":"230BAM2090","Local_Inic":"IGARAPÉ ITAPARANÁ","Local_Fim":"IGARAPÉ ITAPARANAZINHO","Quilometra":701.5,"Quilomet_1":708.9,"Extensao":7.4,"Superficie":"IMP","Obra":null,"Unidade_Lo":"Humaitá","Administra":"Federal","Estadual_C":null,"Superfic_1":null,"Versao_SNV":"202410A","dt_ini":"2024-10-17","dt_fim":"2029-10-30"},"geometry":{"type":"LineString","coordinates":[[-63.783019,-7.484938],[-63.787593,-7.485269],[-63.800279,-7.487576],[-63.83712,-7.484362],[-63.84786,-7.483028],[-63.849263,-7.482609]]}},{"type":"Feature","properties":{"FID":"vw_snv_rod.fid-5c8cc48d_192b545ade1_-7ce0","id_snv":278049,"Codigo_BR":230,"Unidade_Fe":"AM","Sigla_Tipo":"B","Nome_Tipo_":"Eixo Principal","Codigo_SNV":"230BAM2100","Coincidenc":"230BAM2100","Local_Inic":"IGARAPÉ ITAPARANAZINHO","Local_Fim":"RIO ASSUÃ","Quilometra":708.9,"Quilomet_1":733.2,"Extensao":24.3,"Superficie":"IMP","Obra":null,"Unidade_Lo":"Humaitá","Administra":"Federal","Estadual_C":null,"Superfic_1":null,"Versao_SNV":"202410A","dt_ini":"2024-10-17","dt_fim":"2029-10-30"},"geometry":{"type":"LineString","coordinates":[[-63.849263,-7.482609],[-63.853226,-7.481425],[-63.891438,-7.477493],[-63.945811,-7.476824],[-64.068068,-7.476033]]}},{"type":"Feature","properties":{"FID":"vw_snv_rod.fid-5c8cc48d_192b545ade1_-7cdf","id_snv":278050,"Codigo_BR":230,"Unidade_Fe":"AM","Sigla_Tipo":"B","Nome_Tipo_":"Eixo Principal","Codigo_SNV":"230BAM2110","Coincidenc":"230BAM2110","Local_Inic":"RIO ASSUÃ","Local_Fim":"INÍCIO TRAVESSIA RIO MUCUIM","Quilometra":733.2,"Quilomet_1":752.8,"Extensao":19.6,"Superficie":"IMP","Obra":null,"Unidade_Lo":"Humaitá","Administra":"Federal","Estadual_C":null,"Superfic_1":null,"Versao_SNV":"202410A","dt_ini":"2024-10-17","dt_fim":"2029-10-30"},"geometry":{"type":"LineString","coordinates":[[-64.068068,-7.476033],[-64.087184,-7.475562],[-64.105648,-7.469023],[-64.121929,-7.467337],[-64.13009,-7.470462],[-64.232463,-7.460834],[-64.241824,-7.464756]]}},{"type":"Feature","properties":{"FID":"vw_snv_rod.fid-5c8cc48d_192b545ade1_-7cde","id_snv":278051,"Codigo_BR":230,"Unidade_Fe":"AM","Sigla_Tipo":"B","Nome_Tipo_":"Eixo Principal","Codigo_SNV":"230BAM2115","Coincidenc":"230BAM2115","Local_Inic":"INÍCIO TRAVESSIA RIO MUCUIM","Local_Fim":"FIM TRAV R MUCUIM (INI FLONA BALATA T.)","Quilometra":752.8,"Quilomet_1":753.0,"Extensao":0.2,"Superficie":"TRV","Obra":null,"Unidade_Lo":null,"Administra":"Federal","Estadual_C":null,"Superfic_1":null,"Versao_SNV":"202410A","dt_ini":"2024-10-17","dt_fim":"2029-10-30"},"geometry":{"type":"LineString","coordinates":[[-64.241824,-7.464756],[-64.243218,-7.465347]]}},{"type":"Feature","properties":{"FID":"vw_snv_rod.fid-5c8cc48d_192b545ade1_-7cdd","id_snv":278037,"Codigo_BR":230,"Unidade_Fe":"AM","Sigla_Tipo":"B","Nome_Tipo_":"Eixo Principal","Codigo_SNV":"230BAM2035","Coincidenc":"230BAM2035","Local_Inic":"FIM TRAVESSIA RIO MADEIRA (CRATO)","Local_Fim":"HUMAITÁ","Quilometra":610.4,"Quilomet_1":613.2,"Extensao":2.8,"Superficie":"DUP","Obra":null,"Unidade_Lo":"Humaitá","Administra":"Federal","Estadual_C":null,"Superfic_1":null,"Versao_SNV":"202410A","dt_ini":"2024-10-17","dt_fim":"2029-10-30"},"geometry":{"type":"LineString","coordinates":[[-63.022477,-7.495291],[-63.026674,-7.496451],[-63.030041,-7.506383],[-63.029344,-7.514802],[-63.030119,-7.516892]]}},{"type":"Feature","properties":{"FID":"vw_snv_rod.fid-5c8cc48d_192b545ade1_-7cdc","id_snv":278038,"Codigo_BR":230,"Unidade_Fe":"AM","Sigla_Tipo":"B","Nome_Tipo_":"Eixo Principal","Codigo_SNV":"230BAM2040","Coincidenc":"230BAM2040","Local_Inic":"HUMAITÁ","Local_Fim":"ENTR BR-319(A) (P/PORTO VELHO)","Quilometra":613.2,"Quilomet_1":619.7,"Extensao":6.5,"Superficie":"PAV","Obra":null,"Unidade_Lo":"Humaitá","Administra":"Federal","Estadual_C":null,"Superfic_1":null,"Versao_SNV":"202410A","dt_ini":"2024-10-17","dt_fim":"2029-10-30"},"geometry":{"type":"LineString","coordinates":[[-63.030119,-7.516892],[-63.055717,-7.534929],[-63.056272,-7.535641],[-63.057099,-7.535879],[-63.076587,-7.549374],[-63.077514,-7.550884]]}},{"type":"Feature","properties":{"FID":"vw_snv_rod.fid-5c8cc48d_192b545ade1_-7cdb","id_snv":278039,"Codigo_BR":230,"Unidade_Fe":"AM","Sigla_Tipo":"B","Nome_Tipo_":"Eixo Principal","Codigo_SNV":"230BAM2045","Coincidenc":"230BAM2045;319BAM0205","Local_Inic":"ENTR BR-319(A) (P/PORTO VELHO)","Local_Fim":"IGARAPÉ BOM FUTURO","Quilometra":619.7,"Quilomet_1":624.2,"Extensao":4.5,"Superficie":"PAV","Obra":null,"Unidade_Lo":"Humaitá","Administra":"Federal","Estadual_C":null,"Superfic_1":null,"Versao_SNV":"202410A","dt_ini":"2024-10-17","dt_fim":"2029-10-30"},"geometry":{"type":"LineString","coordinates":[[-63.077514,-7.550884],[-63.077898,-7.550502],[-63.078472,-7.550612],[-63.111404,-7.573611]]}},{"type":"Feature","properties":{"FID":"vw_snv_rod.fid-5c8cc48d_192b545ade1_-7cda","id_snv":278040,"Codigo_BR":230,"Unidade_Fe":"AM","Sigla_Tipo":"B","Nome_Tipo_":"Eixo Principal","Codigo_SNV":"230BAM2050","Coincidenc":"230BAM2050;319BAM0200","Local_Inic":"IGARAPÉ BOM FUTURO","Local_Fim":"IGARAPÉ DO RETIRO","Quilometra":624.2,"Quilomet_1":631.5,"Extensao":7.3,"Superficie":"PAV","Obra":null,"Unidade_Lo":"Humaitá","Administra":"Federal","Estadual_C":null,"Superfic_1":null,"Versao_SNV":"202410A","dt_ini":"2024-10-17","dt_fim":"2029-10-30"},"geometry":{"type":"LineString","coordinates":[[-63.111404,-7.573611],[-63.114161,-7.575389],[-63.120107,-7.576698],[-63.172643,-7.59376],[-63.174998,-7.593809]]}},{"type":"Feature","properties":{"FID":"vw_snv_rod.fid-5c8cc48d_192b545ade1_-7cd9","id_snv":278041,"Codigo_BR":230,"Unidade_Fe":"AM","Sigla_Tipo":"B","Nome_Tipo_":"Eixo Principal","Codigo_SNV":"230BAM2055","Coincidenc":"230BAM2055;319BAM0195","Local_Inic":"IGARAPÉ DO RETIRO","Local_Fim":"ENTR BR-319(B) (P/MANAUS)","Quilometra":631.5,"Quilomet_1":642.6,"Extensao":11.1,"Superficie":"PAV","Obra":null,"Unidade_Lo":"Humaitá","Administra":"Federal","Estadual_C":null,"Superfic_1":null,"Versao_SNV":"202410A","dt_ini":"2024-10-17","dt_fim":"2029-10-30"},"geometry":{"type":"LineString","coordinates":[[-63.174998,-7.593809],[-63.184463,-7.592867],[-63.220409,-7.591489],[-63.222991,-7.591134],[-63.224648,-7.590458],[-63.235194,-7.584345],[-63.269333,-7.563906]]}},{"type":"Feature","properties":{"FID":"vw_snv_rod.fid-5c8cc48d_192b545ade1_-7cd8","id_snv":278042,"Codigo_BR":230,"Unidade_Fe":"AM","Sigla_Tipo":"B","Nome_Tipo_":"Eixo Principal","Codigo_SNV":"230BAM2060","Coincidenc":"230BAM2060","Local_Inic":"ENTR BR-319(B) (P/MANAUS)","Local_Fim":"IGARAPÉ SANTO ANTÔNIO DE PÁDUA","Quilometra":642.6,"Quilomet_1":643.1,"Extensao":0.5,"Superficie":"IMP","Obra":null,"Unidade_Lo":"Humaitá","Administra":"Federal","Estadual_C":null,"Superfic_1":null,"Versao_SNV":"202410A","dt_ini":"2024-10-17","dt_fim":"2029-10-30"},"geometry":{"type":"LineString","coordinates":[[-63.269333,-7.563906],[-63.273426,-7.561677]]}},{"type":"Feature","properties":{"FID":"vw_snv_rod.fid-5c8cc48d_192b545ade1_-7cd7","id_snv":278043,"Codigo_BR":230,"Unidade_Fe":"AM","Sigla_Tipo":"B","Nome_Tipo_":"Eixo Principal","Codigo_SNV":"230BAM2065","Coincidenc":"230BAM2065","Local_Inic":"IGARAPÉ SANTO ANTÔNIO DE PÁDUA","Local_Fim":"INÍCIO TRAVESSIA IGARAPÉ IPIXUNA","Quilometra":643.1,"Quilomet_1":652.0,"Extensao":8.9,"Superficie":"IMP","Obra":null,"Unidade_Lo":"Humaitá","Administra":"Federal","Estadual_C":null,"Superfic_1":null,"Versao_SNV":"202410A","dt_ini":"2024-10-17","dt_fim":"2029-10-30"},"geometry":{"type":"LineString","coordinates":[[-63.273426,-7.561677],[-63.289206,-7.55345],[-63.315094,-7.539173],[-63.342076,-7.526251],[-63.346077,-7.522241]]}},{"type":"Feature","properties":{"FID":"vw_snv_rod.fid-5c8cc48d_192b545ade1_-7cd6","id_snv":278044,"Codigo_BR":230,"Unidade_Fe":"AM","Sigla_Tipo":"B","Nome_Tipo_":"Eixo Principal","Codigo_SNV":"230BAM2070","Coincidenc":"230BAM2070","Local_Inic":"INÍCIO TRAVESSIA IGARAPÉ IPIXUNA","Local_Fim":"FIM TRAV IG IPIXUNA (PONTE MADEIRA)","Quilometra":652.0,"Quilomet_1":652.1,"Extensao":0.1,"Superficie":"IMP","Obra":null,"Unidade_Lo":"Humaitá","Administra":"Federal","Estadual_C":null,"Superfic_1":null,"Versao_SNV":"202410A","dt_ini":"2024-10-17","dt_fim":"2029-10-30"},"geometry":{"type":"LineString","coordinates":[[-63.346077,-7.522241],[-63.347144,-7.521411]]}},{"type":"Feature","properties":{"FID":"vw_snv_rod.fid-5c8cc48d_192b545ade1_-7cd5","id_snv":278052,"Codigo_BR":230,"Unidade_Fe":"AM","Sigla_Tipo":"B","Nome_Tipo_":"Eixo Principal","Codigo_SNV":"230BAM2120","Coincidenc":"230BAM2120","Local_Inic":"FIM TRAV R MUCUIM (INI FLONA BALATA T.)","Local_Fim":"RIO PUNAINÃ","Quilometra":753.0,"Quilomet_1":780.2,"Extensao":27.2,"Superficie":"IMP","Obra":null,"Unidade_Lo":"Humaitá","Administra":"Federal","Estadual_C":null,"Superfic_1":null,"Versao_SNV":"202410A","dt_ini":"2024-10-17","dt_fim":"2029-10-30"},"geometry":{"type":"LineString","coordinates":[[-64.243218,-7.465347],[-64.288146,-7.484166],[-64.435729,-7.46625],[-64.473505,-7.461985],[-64.476141,-7.462691]]}}]}